code,region,authority,fye,maintenance_pct,year,local_authority_name,link_length_km,road_length_miles,cars_and_taxis,total_traffic,traffic_intensity,year_n,intensity_n,intensity_group,region_East of England,region_London,region_North East,region_North West,region_South East,region_South West,region_West Midlands,region_Yorkshire and the Humber
E06000047,North East,County Durham,FYE 2008,5.0,2008,Durham,3650,2268,1866200000.0,2412800000.0,1063844.7971781306,0.9916049382716049,0.3045394380069095,Low,0.0,0.0,1.0,0.0,0.0,0.0,0.0,0.0
E06000005,North East,Darlington,FYE 2008,6.0,2008,Darlington,542,337,386600000.0,488400000.0,1449258.1602373887,0.9916049382716049,0.41486903617551,Low,0.0,0.0,1.0,0.0,0.0,0.0,0.0,0.0
E08000037,North East,Gateshead,FYE 2008,4.0,2008,Gateshead,899,559,854200000.0,1059700000.0,1895706.618962433,0.9916049382716049,0.5426707259330908,Medium,0.0,0.0,1.0,0.0,0.0,0.0,0.0,0.0
E06000001,North East,Hartlepool,FYE 2008,1.0,2008,Hartlepool,397,247,297200000.0,369300000.0,1495141.7004048582,0.9916049382716049,0.4280037975367849,Medium,0.0,0.0,1.0,0.0,0.0,0.0,0.0,0.0
E06000002,North East,Middlesbrough,FYE 2008,4.0,2008,Middlesbrough,504,313,574700000.0,699300000.0,2234185.303514377,0.9916049382716049,0.6395646606914213,Medium,0.0,0.0,1.0,0.0,0.0,0.0,0.0,0.0
E08000021,North East,Newcastle upon Tyne,FYE 2008,6.0,2008,Newcastle upon Tyne,964,599,899800000.0,1083600000.0,1809015.0250417362,0.9916049382716049,0.5178541273441224,Medium,0.0,0.0,1.0,0.0,0.0,0.0,0.0,0.0
E08000022,North East,North Tyneside,FYE 2008,5.0,2008,North Tyneside,784,487,643100000.0,768100000.0,1577207.3921971254,0.9916049382716049,0.45149617135330183,Medium,0.0,0.0,1.0,0.0,0.0,0.0,0.0,0.0
E06000057,North East,Northumberland,FYE 2008,5.0,2008,Northumberland,5265,3272,1298600000.0,1659100000.0,507059.902200489,0.9916049382716049,0.14515250538572624,Low,0.0,0.0,1.0,0.0,0.0,0.0,0.0,0.0
E06000003,North East,Redcar and Cleveland,FYE 2008,1.0,2008,Redcar and Cleveland,678,421,450400000.0,544700000.0,1293824.2280285035,0.9916049382716049,0.3703740473503947,Low,0.0,0.0,1.0,0.0,0.0,0.0,0.0,0.0
E08000023,North East,South Tyneside,FYE 2008,3.0,2008,South Tyneside,552,343,373800000.0,453700000.0,1322740.5247813412,0.9916049382716049,0.378651714154527,Low,0.0,0.0,1.0,0.0,0.0,0.0,0.0,0.0
E06000004,North East,Stockton-on-Tees,FYE 2008,2.0,2008,Stockton-on-Tees,814,506,657200000.0,816200000.0,1613043.4782608696,0.9916049382716049,0.46175471803150925,Medium,0.0,0.0,1.0,0.0,0.0,0.0,0.0,0.0
E08000024,North East,Sunderland,FYE 2008,2.0,2008,Sunderland,1144,711,860500000.0,1060500000.0,1491561.1814345992,0.9916049382716049,0.42697882731756864,Medium,0.0,0.0,1.0,0.0,0.0,0.0,0.0,0.0
E06000008,North West,Blackburn with Darwen,FYE 2008,4.0,2008,Blackburn with Darwen,547,340,355400000.0,434200000.0,1277058.8235294118,0.9916049382716049,0.36557473181333994,Low,0.0,0.0,0.0,1.0,0.0,0.0,0.0,0.0
E06000009,North West,Blackpool,FYE 2008,7.0,2008,Blackpool,461,286,287900000.0,342000000.0,1195804.1958041957,0.9916049382716049,0.342314535656405,Low,0.0,0.0,0.0,1.0,0.0,0.0,0.0,0.0
E08000001,North West,Bolton,FYE 2008,5.0,2008,Bolton,977,607,1011600000.0,1249900000.0,2059143.327841845,0.9916049382716049,0.5894566138782673,Medium,0.0,0.0,0.0,1.0,0.0,0.0,0.0,0.0
E08000002,North West,Bury,FYE 2008,6.0,2008,Bury,687,427,790500000.0,1002200000.0,2347072.599531616,0.9916049382716049,0.6718801204073493,Medium,0.0,0.0,0.0,1.0,0.0,0.0,0.0,0.0
E10000004,North West,Cheshire,FYE 2008,4.0,2008,Cheshire,5241,3257,4116500000.0,5191700000.0,1594012.8953024256,0.9916049382716049,0.4563069656389786,Medium,0.0,0.0,0.0,1.0,0.0,0.0,0.0,0.0
E10000006,North West,Cumbria,FYE 2008,4.0,2008,Cumbria,8100,5033,2576900000.0,3427300000.0,680965.6268627062,0.9916049382716049,0.19493528553871137,Low,0.0,0.0,0.0,1.0,0.0,0.0,0.0,0.0
E06000006,North West,Halton,FYE 2008,1.0,2008,Halton,572,355,495900000.0,613700000.0,1728732.3943661973,0.9916049382716049,0.49487217801044425,Medium,0.0,0.0,0.0,1.0,0.0,0.0,0.0,0.0
E08000011,North West,Knowsley,FYE 2008,1.0,2008,Knowsley,579,360,667500000.0,835800000.0,2321666.6666666665,0.9916049382716049,0.6646073410157917,Medium,0.0,0.0,0.0,1.0,0.0,0.0,0.0,0.0
E10000017,North West,Lancashire,FYE 2008,3.0,2008,Lancashire,6901,4288,5424400000.0,6770600000.0,1578964.552238806,0.9916049382716049,0.4519991813158462,Medium,0.0,0.0,0.0,1.0,0.0,0.0,0.0,0.0
E08000012,North West,Liverpool,FYE 2008,10.0,2008,Liverpool,1436,892,1084000000.0,1332100000.0,1493385.6502242154,0.9916049382716049,0.4275011052864271,Medium,0.0,0.0,0.0,1.0,0.0,0.0,0.0,0.0
E08000003,North West,Manchester,FYE 2008,6.0,2008,Manchester,1367,849,1361500000.0,1640700000.0,1932508.8339222614,0.9916049382716049,0.5532058395991108,Medium,0.0,0.0,0.0,1.0,0.0,0.0,0.0,0.0
E08000004,North West,Oldham,FYE 2008,11.0,2008,Oldham,830,516,534800000.0,664100000.0,1287015.503875969,0.9916049382716049,0.3684249613253871,Low,0.0,0.0,0.0,1.0,0.0,0.0,0.0,0.0
E08000005,North West,Rochdale,FYE 2008,10.0,2008,Rochdale,786,488,783600000.0,1012600000.0,2075000.0,0.9916049382716049,0.5939957929394549,Medium,0.0,0.0,0.0,1.0,0.0,0.0,0.0,0.0
E08000006,North West,Salford,FYE 2008,6.0,2008,Salford,794,493,1138200000.0,1450600000.0,2942393.509127789,0.9916049382716049,0.84229848944302,High,0.0,0.0,0.0,1.0,0.0,0.0,0.0,0.0
E08000014,North West,Sefton,FYE 2008,5.0,2008,Sefton,987,613,566100000.0,692700000.0,1130016.313213703,0.9916049382716049,0.32348189686838213,Low,0.0,0.0,0.0,1.0,0.0,0.0,0.0,0.0
E08000013,North West,St. Helens,FYE 2008,8.0,2008,St. Helens,731,454,651300000.0,833000000.0,1834801.7621145374,0.9916049382716049,0.5252359169031006,Medium,0.0,0.0,0.0,1.0,0.0,0.0,0.0,0.0
E08000007,North West,Stockport,FYE 2008,5.0,2008,Stockport,991,616,951000000.0,1151400000.0,1869155.844155844,0.9916049382716049,0.5350702206153093,Medium,0.0,0.0,0.0,1.0,0.0,0.0,0.0,0.0
E08000008,North West,Tameside,FYE 2008,6.0,2008,Tameside,767,477,570300000.0,710800000.0,1490146.750524109,0.9916049382716049,0.4265739280355278,Medium,0.0,0.0,0.0,1.0,0.0,0.0,0.0,0.0
E08000009,North West,Trafford,FYE 2008,9.0,2008,Trafford,806,501,751000000.0,921700000.0,1839720.5588822355,0.9916049382716049,0.526643986583263,Medium,0.0,0.0,0.0,1.0,0.0,0.0,0.0,0.0
E06000007,North West,Warrington,FYE 2008,5.0,2008,Warrington,978,608,1253200000.0,1611900000.0,2651151.3157894737,0.9916049382716049,0.7589266159155892,High,0.0,0.0,0.0,1.0,0.0,0.0,0.0,0.0
E08000010,North West,Wigan,FYE 2008,5.0,2008,Wigan,1155,718,952900000.0,1210500000.0,1685933.147632312,0.9916049382716049,0.4826203358413331,Medium,0.0,0.0,0.0,1.0,0.0,0.0,0.0,0.0
E08000015,North West,Wirral,FYE 2008,4.0,2008,Wirral,1209,751,855900000.0,1043500000.0,1389480.6924101198,0.9916049382716049,0.39775695694564434,Low,0.0,0.0,0.0,1.0,0.0,0.0,0.0,0.0
E08000016,Yorkshire and the Humber,Barnsley,FYE 2008,5.0,2008,Barnsley,1209,751,924600000.0,1200600000.0,1598668.4420772304,0.9916049382716049,0.457639676577806,Medium,0.0,0.0,0.0,0.0,0.0,0.0,0.0,1.0
E08000032,Yorkshire and the Humber,Bradford,FYE 2008,3.0,2008,Bradford,1945,1209,1238200000.0,1528300000.0,1264102.564102564,0.9916049382716049,0.36186583369681957,Low,0.0,0.0,0.0,0.0,0.0,0.0,0.0,1.0
E08000033,Yorkshire and the Humber,Calderdale,FYE 2008,6.0,2008,Calderdale,1228,763,729800000.0,942000000.0,1234600.262123198,0.9916049382716049,0.35342041525933876,Low,0.0,0.0,0.0,0.0,0.0,0.0,0.0,1.0
E08000017,Yorkshire and the Humber,Doncaster,FYE 2008,2.0,2008,Doncaster,1672,1039,1395200000.0,1886000000.0,1815206.9297401349,0.9916049382716049,0.5196266407615349,Medium,0.0,0.0,0.0,0.0,0.0,0.0,0.0,1.0
E06000011,Yorkshire and the Humber,East Riding of Yorkshire,FYE 2008,4.0,2008,East Riding of Yorkshire,3441,2138,1623700000.0,2127200000.0,994948.5500467727,0.9916049382716049,0.28481698935855115,Low,0.0,0.0,0.0,0.0,0.0,0.0,0.0,1.0
E06000010,Yorkshire and the Humber,"Kingston upon Hull, City of",FYE 2008,6.0,2008,"Kingston upon Hull, City of",740,460,564900000.0,714900000.0,1554130.4347826086,0.9916049382716049,0.44489009153736647,Medium,0.0,0.0,0.0,0.0,0.0,0.0,0.0,1.0
E08000034,Yorkshire and the Humber,Kirklees,FYE 2008,4.0,2008,Kirklees,1919,1192,1282100000.0,1658000000.0,1390939.5973154362,0.9916049382716049,0.39817458748832224,Low,0.0,0.0,0.0,0.0,0.0,0.0,0.0,1.0
E08000035,Yorkshire and the Humber,Leeds,FYE 2008,6.0,2008,Leeds,2992,1859,3059300000.0,3883300000.0,2088918.7735341582,0.9916049382716049,0.5979802232633908,Medium,0.0,0.0,0.0,0.0,0.0,0.0,0.0,1.0
E06000012,Yorkshire and the Humber,North East Lincolnshire,FYE 2008,7.0,2008,North East Lincolnshire,635,395,464500000.0,586800000.0,1485569.6202531646,0.9916049382716049,0.42526366484291245,Medium,0.0,0.0,0.0,0.0,0.0,0.0,0.0,1.0
E06000013,Yorkshire and the Humber,North Lincolnshire,FYE 2008,6.0,2008,North Lincolnshire,1428,887,743600000.0,1039400000.0,1171815.107102593,0.9916049382716049,0.3354473463719696,Low,0.0,0.0,0.0,0.0,0.0,0.0,0.0,1.0
E06000065,Yorkshire and the Humber,North Yorkshire,FYE 2008,3.0,2008,North Yorkshire,9367,5820,3798100000.0,5035200000.0,865154.6391752578,0.9916049382716049,0.24766179080103867,Low,0.0,0.0,0.0,0.0,0.0,0.0,0.0,1.0
E08000018,Yorkshire and the Humber,Rotherham,FYE 2008,9.0,2008,Rotherham,1202,747,1135000000.0,1485000000.0,1987951.8072289156,0.9916049382716049,0.5690771132821022,Medium,0.0,0.0,0.0,0.0,0.0,0.0,0.0,1.0
E08000019,Yorkshire and the Humber,Sheffield,FYE 2008,10.0,2008,Sheffield,1993,1238,1331800000.0,1672000000.0,1350565.4281098547,0.9916049382716049,0.3866169553670976,Low,0.0,0.0,0.0,0.0,0.0,0.0,0.0,1.0
E08000036,Yorkshire and the Humber,Wakefield,FYE 2008,2.0,2008,Wakefield,1532,952,1316800000.0,1728600000.0,1815756.3025210083,0.9916049382716049,0.5197839058798935,Medium,0.0,0.0,0.0,0.0,0.0,0.0,0.0,1.0
E06000014,Yorkshire and the Humber,York,FYE 2008,4.0,2008,York,793,493,605600000.0,752700000.0,1526774.8478701825,0.9916049382716049,0.4370591982653806,Medium,0.0,0.0,0.0,0.0,0.0,0.0,0.0,1.0
E06000015,East Midlands,Derby,FYE 2008,7.0,2008,Derby,750,466,895400000.0,1077500000.0,2312231.7596566523,0.9916049382716049,0.6619064759214671,Medium,0.0,0.0,0.0,0.0,0.0,0.0,0.0,0.0
E10000007,East Midlands,Derbyshire,FYE 2008,4.0,2008,Derbyshire,5656,3514,3777700000.0,4875100000.0,1387336.3688104723,0.9916049382716049,0.3971431163688292,Low,0.0,0.0,0.0,0.0,0.0,0.0,0.0,0.0
E06000016,East Midlands,Leicester,FYE 2008,8.0,2008,Leicester,816,507,741900000.0,902000000.0,1779092.7021696253,0.9916049382716049,0.5092884724520694,Medium,0.0,0.0,0.0,0.0,0.0,0.0,0.0,0.0
E10000018,East Midlands,Leicestershire,FYE 2008,2.0,2008,Leicestershire,4524,2811,3524000000.0,4612800000.0,1640981.8569903949,0.9916049382716049,0.4697524430565151,Medium,0.0,0.0,0.0,0.0,0.0,0.0,0.0,0.0
E10000019,East Midlands,Lincolnshire,FYE 2008,2.0,2008,Lincolnshire,8855,5502,2776600000.0,3702100000.0,672864.4129407489,0.9916049382716049,0.19261620747252092,Low,0.0,0.0,0.0,0.0,0.0,0.0,0.0,0.0
E10000021,East Midlands,Northamptonshire,FYE 2008,3.0,2008,Northamptonshire,4426,2750,4007000000.0,5247800000.0,1908290.9090909092,0.9916049382716049,0.5462731429901725,Medium,0.0,0.0,0.0,0.0,0.0,0.0,0.0,0.0
E06000018,East Midlands,Nottingham,FYE 2008,8.0,2008,Nottingham,795,494,781800000.0,972200000.0,1968016.1943319838,0.9916049382716049,0.5633702842746579,Medium,0.0,0.0,0.0,0.0,0.0,0.0,0.0,0.0
E10000024,East Midlands,Nottinghamshire,FYE 2008,3.0,2008,Nottinghamshire,4850,3014,3357200000.0,4360600000.0,1446781.685467817,0.9916049382716049,0.4141601129974636,Low,0.0,0.0,0.0,0.0,0.0,0.0,0.0,0.0
E06000017,East Midlands,Rutland,FYE 2008,1.0,2008,Rutland,548,341,273500000.0,375700000.0,1101759.5307917888,0.9916049382716049,0.31539302463675684,Low,0.0,0.0,0.0,0.0,0.0,0.0,0.0,0.0
E08000025,West Midlands,Birmingham,FYE 2008,5.0,2008,Birmingham,2511,1560,2872100000.0,3519800000.0,2256282.0512820515,0.9916049382716049,0.6458901427211287,Medium,0.0,0.0,0.0,0.0,0.0,0.0,1.0,0.0
E08000026,West Midlands,Coventry,FYE 2008,4.0,2008,Coventry,868,539,916400000.0,1109500000.0,2058441.5584415584,0.9916049382716049,0.5892557232414558,Medium,0.0,0.0,0.0,0.0,0.0,0.0,1.0,0.0
E08000027,West Midlands,Dudley,FYE 2008,8.0,2008,Dudley,1015,631,854600000.0,1065800000.0,1689064.9762282092,0.9916049382716049,0.4835168625932225,Medium,0.0,0.0,0.0,0.0,0.0,0.0,1.0,0.0
E06000019,West Midlands,"Herefordshire, County of",FYE 2008,6.0,2008,"Herefordshire, County of",3357,2086,865300000.0,1142200000.0,547555.1294343241,0.9916049382716049,0.15674479194525648,Low,0.0,0.0,0.0,0.0,0.0,0.0,1.0,0.0
E08000028,West Midlands,Sandwell,FYE 2008,5.0,2008,Sandwell,878,546,934500000.0,1214900000.0,2225091.5750915753,0.9916049382716049,0.6369614624141787,Medium,0.0,0.0,0.0,0.0,0.0,0.0,1.0,0.0
E06000051,West Midlands,Shropshire,FYE 2008,6.0,2008,Shropshire,5217,3242,1454500000.0,1914500000.0,590530.5367057372,0.9916049382716049,0.16904706236408976,Low,0.0,0.0,0.0,0.0,0.0,0.0,1.0,0.0
E10000028,West Midlands,Staffordshire,FYE 2008,5.0,2008,Staffordshire,6310,3921,4460900000.0,5779900000.0,1474088.2427952052,0.9916049382716049,0.42197697091174247,Medium,0.0,0.0,0.0,0.0,0.0,0.0,1.0,0.0
E06000021,West Midlands,Stoke-on-Trent,FYE 2008,5.0,2008,Stoke-on-Trent,867,539,684500000.0,843400000.0,1564749.5361781076,0.9916049382716049,0.4479299477078358,Medium,0.0,0.0,0.0,0.0,0.0,0.0,1.0,0.0
E06000020,West Midlands,Telford and Wrekin,FYE 2008,1.0,2008,Telford and Wrekin,1029,639,665500000.0,831500000.0,1301251.9561815336,0.9916049382716049,0.3725003313378636,Low,0.0,0.0,0.0,0.0,0.0,0.0,1.0,0.0
E08000030,West Midlands,Walsall,FYE 2008,4.0,2008,Walsall,861,535,694200000.0,897200000.0,1677009.3457943925,0.9916049382716049,0.48006578126362254,Medium,0.0,0.0,0.0,0.0,0.0,0.0,1.0,0.0
E10000031,West Midlands,Warwickshire,FYE 2008,4.0,2008,Warwickshire,4122,2561,4424700000.0,5642600000.0,2203279.968762202,0.9916049382716049,0.6307176058373599,Medium,0.0,0.0,0.0,0.0,0.0,0.0,1.0,0.0
E08000031,West Midlands,Wolverhampton,FYE 2008,2.0,2008,Wolverhampton,764,475,578700000.0,719000000.0,1513684.2105263157,0.9916049382716049,0.4333118327188008,Medium,0.0,0.0,0.0,0.0,0.0,0.0,1.0,0.0
E10000034,West Midlands,Worcestershire,FYE 2008,5.0,2008,Worcestershire,4140,2572,3320600000.0,4202000000.0,1633748.0559875583,0.9916049382716049,0.46768167324319165,Medium,0.0,0.0,0.0,0.0,0.0,0.0,1.0,0.0
E10000001,East of England,Bedfordshire,FYE 2008,3.0,2008,Bedfordshire,2309,1435,1980800000.0,2553700000.0,1779581.881533101,0.9916049382716049,0.5094285064202128,Medium,1.0,0.0,0.0,0.0,0.0,0.0,0.0,0.0
E10000003,East of England,Cambridgeshire,FYE 2008,2.0,2008,Cambridgeshire,4714,2929,3492100000.0,4589200000.0,1566814.6124957323,0.9916049382716049,0.4485211027173625,Medium,1.0,0.0,0.0,0.0,0.0,0.0,0.0,0.0
E10000012,East of England,Essex,FYE 2008,4.0,2008,Essex,8198,5094,6803100000.0,8736300000.0,1715017.667844523,0.9916049382716049,0.4909461588031239,Medium,1.0,0.0,0.0,0.0,0.0,0.0,0.0,0.0
E10000015,East of England,Hertfordshire,FYE 2008,4.0,2008,Hertfordshire,4944,3072,5454200000.0,6846900000.0,2228808.59375,0.9916049382716049,0.6380255074480977,Medium,1.0,0.0,0.0,0.0,0.0,0.0,0.0,0.0
E06000032,East of England,Luton,FYE 2008,4.0,2008,Luton,459,285,398800000.0,484200000.0,1698947.3684210526,0.9916049382716049,0.4863458261530908,Medium,1.0,0.0,0.0,0.0,0.0,0.0,0.0,0.0
E10000020,East of England,Norfolk,FYE 2008,3.0,2008,Norfolk,10122,6290,3953900000.0,5078100000.0,807329.093799682,0.9916049382716049,0.23110847481187163,Low,1.0,0.0,0.0,0.0,0.0,0.0,0.0,0.0
E06000031,East of England,Peterborough,FYE 2008,1.0,2008,Peterborough,909,565,852900000.0,1075100000.0,1902831.8584070797,0.9916049382716049,0.5447104185855277,Medium,1.0,0.0,0.0,0.0,0.0,0.0,0.0,0.0
E06000033,East of England,Southend-on-Sea,FYE 2008,5.0,2008,Southend-on-Sea,450,280,327000000.0,391700000.0,1398928.5714285714,0.9916049382716049,0.40046153544644486,Low,1.0,0.0,0.0,0.0,0.0,0.0,0.0,0.0
E10000029,East of England,Suffolk,FYE 2008,4.0,2008,Suffolk,6975,4334,2790300000.0,3691300000.0,851707.4296262114,0.9916049382716049,0.24381235181361274,Low,1.0,0.0,0.0,0.0,0.0,0.0,0.0,0.0
E06000034,East of England,Thurrock,FYE 2008,4.0,2008,Thurrock,573,356,782000000.0,1027200000.0,2885393.258426966,0.9916049382716049,0.8259814248103534,High,1.0,0.0,0.0,0.0,0.0,0.0,0.0,0.0
E09000002,London,Barking and Dagenham,FYE 2008,2.0,2008,Barking and Dagenham,333,207,304600000.0,385000000.0,1859903.381642512,0.9916049382716049,0.5324215826359121,Medium,0.0,1.0,0.0,0.0,0.0,0.0,0.0,0.0
E09000003,London,Barnet,FYE 2008,3.0,2008,Barnet,763,474,905400000.0,1116300000.0,2355063.2911392404,0.9916049382716049,0.6741675600206533,Medium,0.0,1.0,0.0,0.0,0.0,0.0,0.0,0.0
E09000004,London,Bexley,FYE 2008,3.0,2008,Bexley,541,336,511500000.0,640600000.0,1906547.619047619,0.9916049382716049,0.5457741034954314,Medium,0.0,1.0,0.0,0.0,0.0,0.0,0.0,0.0
E09000005,London,Brent,FYE 2008,8.0,2008,Brent,485,301,496800000.0,609600000.0,2025249.1694352159,0.9916049382716049,0.5797539693005511,Medium,0.0,1.0,0.0,0.0,0.0,0.0,0.0,0.0
E09000006,London,Bromley,FYE 2008,2.0,2008,Bromley,895,556,721600000.0,884600000.0,1591007.1942446043,0.9916049382716049,0.45544654453865113,Medium,0.0,1.0,0.0,0.0,0.0,0.0,0.0,0.0
E09000007,London,Camden,FYE 2008,11.0,2008,Camden,288,179,259300000.0,349200000.0,1950837.9888268157,0.9916049382716049,0.5584527990696848,Medium,0.0,1.0,0.0,0.0,0.0,0.0,0.0,0.0
E09000001,London,City of London,FYE 2008,8.0,2008,City of London,58,36,78500000.0,111600000.0,3100000.0,0.9916049382716049,0.8874154014999085,High,0.0,1.0,0.0,0.0,0.0,0.0,0.0,0.0
E09000008,London,Croydon,FYE 2008,7.0,2008,Croydon,774,481,697900000.0,853900000.0,1775259.8752598753,0.9916049382716049,0.5081912757969096,Medium,0.0,1.0,0.0,0.0,0.0,0.0,0.0,0.0
E09000009,London,Ealing,FYE 2008,9.0,2008,Ealing,588,365,685900000.0,845900000.0,2317534.2465753425,0.9916049382716049,0.6634243819078857,Medium,0.0,1.0,0.0,0.0,0.0,0.0,0.0,0.0
E09000010,London,Enfield,FYE 2008,4.0,2008,Enfield,643,400,782300000.0,1018000000.0,2545000.0,0.9916049382716049,0.7285394183281507,High,0.0,1.0,0.0,0.0,0.0,0.0,0.0,0.0
E09000011,London,Greenwich,FYE 2008,4.0,2008,Greenwich,507,315,585200000.0,750900000.0,2383809.523809524,0.9916049382716049,0.682396543764753,Medium,0.0,1.0,0.0,0.0,0.0,0.0,0.0,0.0
E09000012,London,Hackney,FYE 2008,6.0,2008,Hackney,279,173,247600000.0,332100000.0,1919653.1791907514,0.9916049382716049,0.5495257408877859,Medium,0.0,1.0,0.0,0.0,0.0,0.0,0.0,0.0
E09000013,London,Hammersmith and Fulham,FYE 2008,8.0,2008,Hammersmith and Fulham,223,139,265700000.0,352300000.0,2534532.3741007196,0.9916049382716049,0.725542923992615,High,0.0,1.0,0.0,0.0,0.0,0.0,0.0,0.0
E09000014,London,Haringey,FYE 2008,9.0,2008,Haringey,358,222,279000000.0,360700000.0,1624774.7747747747,0.9916049382716049,0.46511295454957424,Medium,0.0,1.0,0.0,0.0,0.0,0.0,0.0,0.0
E09000015,London,Harrow,FYE 2008,4.0,2008,Harrow,478,297,351100000.0,419100000.0,1411111.111111111,0.9916049382716049,0.4039489462024673,Low,0.0,1.0,0.0,0.0,0.0,0.0,0.0,0.0
E09000016,London,Havering,FYE 2008,2.0,2008,Havering,651,405,765900000.0,998500000.0,2465432.098765432,0.9916049382716049,0.7057620696118349,Medium,0.0,1.0,0.0,0.0,0.0,0.0,0.0,0.0
E09000017,London,Hillingdon,FYE 2008,3.0,2008,Hillingdon,735,457,1222200000.0,1473700000.0,3224726.47702407,0.9916049382716049,0.9231199810760324,High,0.0,1.0,0.0,0.0,0.0,0.0,0.0,0.0
E09000018,London,Hounslow,FYE 2008,7.0,2008,Hounslow,502,312,869200000.0,1046400000.0,3353846.153846154,0.9916049382716049,0.960082171349777,High,0.0,1.0,0.0,0.0,0.0,0.0,0.0,0.0
E09000019,London,Islington,FYE 2008,9.0,2008,Islington,245,152,199900000.0,275300000.0,1811184.2105263157,0.9916049382716049,0.5184750849595179,Medium,0.0,1.0,0.0,0.0,0.0,0.0,0.0,0.0
E09000020,London,Kensington and Chelsea,FYE 2008,6.0,2008,Kensington and Chelsea,209,130,244700000.0,332400000.0,2556923.076923077,0.9916049382716049,0.7319525544877657,High,0.0,1.0,0.0,0.0,0.0,0.0,0.0,0.0
E09000021,London,Kingston upon Thames,FYE 2008,4.0,2008,Kingston upon Thames,336,209,524400000.0,633500000.0,3031100.4784688996,0.9916049382716049,0.8676920155119495,High,0.0,1.0,0.0,0.0,0.0,0.0,0.0,0.0
E09000022,London,Lambeth,FYE 2008,12.0,2008,Lambeth,376,234,385300000.0,519900000.0,2221794.871794872,0.9916049382716049,0.6360177381304143,Medium,0.0,1.0,0.0,0.0,0.0,0.0,0.0,0.0
E09000023,London,Lewisham,FYE 2008,8.0,2008,Lewisham,447,278,395400000.0,511500000.0,1839928.0575539568,0.9916049382716049,0.5267033857823198,Medium,0.0,1.0,0.0,0.0,0.0,0.0,0.0,0.0
E09000024,London,Merton,FYE 2008,9.0,2008,Merton,373,232,350600000.0,436400000.0,1881034.4827586208,0.9916049382716049,0.5384706357265853,Medium,0.0,1.0,0.0,0.0,0.0,0.0,0.0,0.0
E09000025,London,Newham,FYE 2008,6.0,2008,Newham,418,260,465300000.0,591200000.0,2273846.153846154,0.9916049382716049,0.6509180959885186,Medium,0.0,1.0,0.0,0.0,0.0,0.0,0.0,0.0
E09000026,London,Redbridge,FYE 2008,3.0,2008,Redbridge,536,333,552800000.0,680900000.0,2044744.7447447449,0.9916049382716049,0.585334831813705,Medium,0.0,1.0,0.0,0.0,0.0,0.0,0.0,0.0
E09000027,London,Richmond upon Thames,FYE 2008,9.0,2008,Richmond upon Thames,415,258,462300000.0,560300000.0,2171705.426356589,0.9916049382716049,0.6216789815708911,Medium,0.0,1.0,0.0,0.0,0.0,0.0,0.0,0.0
E09000028,London,Southwark,FYE 2008,5.0,2008,Southwark,398,247,371300000.0,502500000.0,2034412.955465587,0.9916049382716049,0.5823772224810031,Medium,0.0,1.0,0.0,0.0,0.0,0.0,0.0,0.0
E09000029,London,Sutton,FYE 2008,6.0,2008,Sutton,429,267,375400000.0,457800000.0,1714606.7415730336,0.9916049382716049,0.49082852580241404,Medium,0.0,1.0,0.0,0.0,0.0,0.0,0.0,0.0
E09000030,London,Tower Hamlets,FYE 2008,9.0,2008,Tower Hamlets,306,190,442600000.0,595400000.0,3133684.210526316,0.9916049382716049,0.8970579457606885,High,0.0,1.0,0.0,0.0,0.0,0.0,0.0,0.0
E09000031,London,Waltham Forest,FYE 2008,6.0,2008,Waltham Forest,424,263,370200000.0,464500000.0,1766159.6958174906,0.9916049382716049,0.505586230831237,Medium,0.0,1.0,0.0,0.0,0.0,0.0,0.0,0.0
E09000032,London,Wandsworth,FYE 2008,5.0,2008,Wandsworth,440,273,418700000.0,541800000.0,1984615.3846153845,0.9916049382716049,0.5681220188262441,Medium,0.0,1.0,0.0,0.0,0.0,0.0,0.0,0.0
E09000033,London,Westminster,FYE 2008,12.0,2008,Westminster,344,214,415100000.0,581400000.0,2716822.429906542,0.9916049382716049,0.777725828206281,High,0.0,1.0,0.0,0.0,0.0,0.0,0.0,0.0
E06000036,South East,Bracknell Forest,FYE 2008,8.0,2008,Bracknell Forest,454,282,370200000.0,439800000.0,1559574.4680851065,0.9916049382716049,0.44644851702088745,Medium,0.0,0.0,0.0,0.0,1.0,0.0,0.0,0.0
E06000043,South East,Brighton and Hove,FYE 2008,11.0,2008,Brighton and Hove,624,388,644800000.0,793000000.0,2043814.4329896907,0.9916049382716049,0.5850685179493078,Medium,0.0,0.0,0.0,0.0,1.0,0.0,0.0,0.0
E06000060,South East,Buckinghamshire,FYE 2008,5.0,2008,Buckinghamshire,3222,2002,3083900000.0,3755300000.0,1875774.2257742258,0.9916049382716049,0.5369648186092305,Medium,0.0,0.0,0.0,0.0,1.0,0.0,0.0,0.0
E10000011,South East,East Sussex,FYE 2008,14.0,2008,East Sussex,3403,2115,2055000000.0,2563100000.0,1211867.6122931442,0.9916049382716049,0.34691289797672775,Low,0.0,0.0,0.0,0.0,1.0,0.0,0.0,0.0
E10000014,South East,Hampshire,FYE 2008,7.0,2008,Hampshire,8827,5485,7332900000.0,9066900000.0,1653035.551504102,0.9916049382716049,0.4732029702037534,Medium,0.0,0.0,0.0,0.0,1.0,0.0,0.0,0.0
E06000046,South East,Isle of Wight,FYE 2008,9.0,2008,Isle of Wight,870,541,317600000.0,396800000.0,733456.561922366,0.9916049382716049,0.20996149980034806,Low,0.0,0.0,0.0,0.0,1.0,0.0,0.0,0.0
E10000016,South East,Kent,FYE 2008,6.0,2008,Kent,9053,5625,6681300000.0,8708100000.0,1548106.6666666667,0.9916049382716049,0.44316570940796296,Medium,0.0,0.0,0.0,0.0,1.0,0.0,0.0,0.0
E06000035,South East,Medway,FYE 2008,5.0,2008,Medway,834,518,640200000.0,808600000.0,1561003.861003861,0.9916049382716049,0.4468576993727899,Medium,0.0,0.0,0.0,0.0,1.0,0.0,0.0,0.0
E06000042,South East,Milton Keynes,FYE 2008,2.0,2008,Milton Keynes,1192,741,1116700000.0,1382600000.0,1865856.9500674764,0.9916049382716049,0.5341258691888788,Medium,0.0,0.0,0.0,0.0,1.0,0.0,0.0,0.0
E10000025,South East,Oxfordshire,FYE 2008,4.0,2008,Oxfordshire,4662,2897,3668500000.0,4607100000.0,1590300.3106662065,0.9916049382716049,0.4552441899017035,Medium,0.0,0.0,0.0,0.0,1.0,0.0,0.0,0.0
E06000044,South East,Portsmouth,FYE 2008,12.0,2008,Portsmouth,453,281,585000000.0,713500000.0,2539145.9074733094,0.9916049382716049,0.7268636080475085,High,0.0,0.0,0.0,0.0,1.0,0.0,0.0,0.0
E06000038,South East,Reading,FYE 2008,7.0,2008,Reading,386,240,305300000.0,365900000.0,1524583.3333333333,0.9916049382716049,0.43643184866776413,Medium,0.0,0.0,0.0,0.0,1.0,0.0,0.0,0.0
E06000039,South East,Slough,FYE 2008,5.0,2008,Slough,310,193,435600000.0,526400000.0,2727461.1398963733,0.9916049382716049,0.7807712975924317,High,0.0,0.0,0.0,0.0,1.0,0.0,0.0,0.0
E06000045,South East,Southampton,FYE 2008,15.0,2008,Southampton,578,359,507200000.0,618700000.0,1723398.3286908078,0.9916049382716049,0.49334523219336274,Medium,0.0,0.0,0.0,0.0,1.0,0.0,0.0,0.0
E10000030,South East,Surrey,FYE 2008,5.0,2008,Surrey,5464,3395,6804300000.0,8369000000.0,2465095.729013255,0.9916049382716049,0.7056657793864539,Medium,0.0,0.0,0.0,0.0,1.0,0.0,0.0,0.0
E06000037,South East,West Berkshire,FYE 2008,5.0,2008,West Berkshire,1415,879,1463800000.0,1838700000.0,2091808.8737201365,0.9916049382716049,0.5988075521075569,Medium,0.0,0.0,0.0,0.0,1.0,0.0,0.0,0.0
E10000032,South East,West Sussex,FYE 2008,3.0,2008,West Sussex,4122,2561,3511800000.0,4284500000.0,1672979.3049590003,0.9916049382716049,0.4789121295520094,Medium,0.0,0.0,0.0,0.0,1.0,0.0,0.0,0.0
E06000040,South East,Windsor and Maidenhead,FYE 2008,17.0,2008,Windsor and Maidenhead,696,432,969600000.0,1155900000.0,2675694.4444444445,0.9916049382716049,0.765952406357336,High,0.0,0.0,0.0,0.0,1.0,0.0,0.0,0.0
E06000041,South East,Wokingham,FYE 2008,3.0,2008,Wokingham,740,460,872600000.0,1046400000.0,2274782.6086956523,0.9916049382716049,0.6511861683937619,Medium,0.0,0.0,0.0,0.0,1.0,0.0,0.0,0.0
E06000022,South West,Bath and North East Somerset,FYE 2008,11.0,2008,Bath and North East Somerset,1066,662,611800000.0,750600000.0,1133836.8580060422,0.9916049382716049,0.32457557760736344,Low,0.0,0.0,0.0,0.0,0.0,1.0,0.0,0.0
E06000028,South West,Bournemouth,FYE 2008,4.0,2008,Bournemouth,509,316,449600000.0,541300000.0,1712974.6835443038,0.9916049382716049,0.49036132792149906,Medium,0.0,0.0,0.0,0.0,0.0,1.0,0.0,0.0
E06000023,South West,"Bristol, City of",FYE 2008,5.0,2008,"Bristol, City of",1142,710,1181800000.0,1457700000.0,2053098.5915492957,0.9916049382716049,0.587726229335037,Medium,0.0,0.0,0.0,0.0,0.0,1.0,0.0,0.0
E06000052,South West,Cornwall,FYE 2008,1.0,2008,Cornwall excluding Isles of Scilly,7393,4594,2410600000.0,3075000000.0,669351.3278188942,0.9916049382716049,0.19161054107125836,Low,0.0,0.0,0.0,0.0,0.0,1.0,0.0,0.0
E10000008,South West,Devon,FYE 2008,4.0,2008,Devon,13099,8139,3964900000.0,5025100000.0,617410.0012286522,0.9916049382716049,0.17674165939689787,Low,0.0,0.0,0.0,0.0,0.0,1.0,0.0,0.0
E10000013,South West,Gloucestershire,FYE 2008,4.0,2008,Gloucestershire,5526,3434,3256500000.0,4121300000.0,1200145.6027955736,0.9916049382716049,0.3435573199881238,Low,0.0,0.0,0.0,0.0,0.0,1.0,0.0,0.0
E06000024,South West,North Somerset,FYE 2008,3.0,2008,North Somerset,1144,711,1203900000.0,1485200000.0,2088888.888888889,0.9916049382716049,0.5979716683942037,Medium,0.0,0.0,0.0,0.0,0.0,1.0,0.0,0.0
E06000026,South West,Plymouth,FYE 2008,3.0,2008,Plymouth,807,501,750200000.0,920800000.0,1837924.1516966068,0.9916049382716049,0.5261297416142655,Medium,0.0,0.0,0.0,0.0,0.0,1.0,0.0,0.0
E06000029,South West,Poole,FYE 2008,4.0,2008,Poole,525,326,452200000.0,556300000.0,1706441.717791411,0.9916049382716049,0.488491181332277,Medium,0.0,0.0,0.0,0.0,0.0,1.0,0.0,0.0
E06000066,South West,Somerset,FYE 2008,3.0,2008,Somerset,6771,4207,3216100000.0,4069300000.0,967268.8376515332,0.9916049382716049,0.2768933109428662,Low,0.0,0.0,0.0,0.0,0.0,1.0,0.0,0.0
E06000025,South West,South Gloucestershire,FYE 2008,3.0,2008,South Gloucestershire,1522,946,1911600000.0,2413900000.0,2551691.33192389,0.9916049382716049,0.7304548992977662,High,0.0,0.0,0.0,0.0,0.0,1.0,0.0,0.0
E06000030,South West,Swindon,FYE 2008,2.0,2008,Swindon,872,542,968400000.0,1212500000.0,2237084.8708487083,0.9916049382716049,0.6403946996301862,Medium,0.0,0.0,0.0,0.0,0.0,1.0,0.0,0.0
E06000027,South West,Torbay,FYE 2008,4.0,2008,Torbay,516,321,340400000.0,415900000.0,1295638.6292834892,0.9916049382716049,0.3708934433562576,Low,0.0,0.0,0.0,0.0,0.0,1.0,0.0,0.0
E06000054,South West,Wiltshire,FYE 2008,4.0,2008,Wiltshire,4722,2934,2791100000.0,3511700000.0,1196898.432174506,0.9916049382716049,0.3426277750783065,Low,0.0,0.0,0.0,0.0,0.0,1.0,0.0,0.0
E06000047,North East,County Durham,FYE 2009,4.0,2009,Durham,3667,2279,1853900000.0,2378500000.0,1043659.4997806055,0.9920987654320987,0.2987611335570967,Low,0.0,0.0,1.0,0.0,0.0,0.0,0.0,0.0
E06000005,North East,Darlington,FYE 2009,5.0,2009,Darlington,547,340,381500000.0,479300000.0,1409705.8823529412,0.9920987654320987,0.4035466811564575,Low,0.0,0.0,1.0,0.0,0.0,0.0,0.0,0.0
E08000037,North East,Gateshead,FYE 2009,2.0,2009,Gateshead,902,560,853200000.0,1050000000.0,1875000.0,0.9920987654320987,0.5367431863910737,Medium,0.0,0.0,1.0,0.0,0.0,0.0,0.0,0.0
E06000001,North East,Hartlepool,FYE 2009,2.0,2009,Hartlepool,400,249,291000000.0,359200000.0,1442570.281124498,0.9920987654320987,0.4129545436180427,Low,0.0,0.0,1.0,0.0,0.0,0.0,0.0,0.0
E06000002,North East,Middlesbrough,FYE 2009,1.0,2009,Middlesbrough,508,316,568800000.0,686400000.0,2172151.898734177,0.9920987654320987,0.621806790107735,Medium,0.0,0.0,1.0,0.0,0.0,0.0,0.0,0.0
E08000021,North East,Newcastle upon Tyne,FYE 2009,4.0,2009,Newcastle upon Tyne,967,601,879000000.0,1053900000.0,1753577.3710482528,0.9920987654320987,0.5019843763838514,Medium,0.0,0.0,1.0,0.0,0.0,0.0,0.0,0.0
E08000022,North East,North Tyneside,FYE 2009,3.0,2009,North Tyneside,788,490,628200000.0,748600000.0,1527755.1020408163,0.9920987654320987,0.43733980879712414,Medium,0.0,0.0,1.0,0.0,0.0,0.0,0.0,0.0
E06000057,North East,Northumberland,FYE 2009,5.0,2009,Northumberland,5200,3231,1291200000.0,1636800000.0,506592.38625812443,0.9920987654320987,0.14501867285420975,Low,0.0,0.0,1.0,0.0,0.0,0.0,0.0,0.0
E06000003,North East,Redcar and Cleveland,FYE 2009,1.0,2009,Redcar and Cleveland,675,419,434900000.0,525300000.0,1253699.2840095465,0.9920987654320987,0.3588877591869289,Low,0.0,0.0,1.0,0.0,0.0,0.0,0.0,0.0
E08000023,North East,South Tyneside,FYE 2009,2.0,2009,South Tyneside,553,344,368900000.0,446600000.0,1298255.8139534884,0.9920987654320987,0.37164264657713725,Low,0.0,0.0,1.0,0.0,0.0,0.0,0.0,0.0
E06000004,North East,Stockton-on-Tees,FYE 2009,2.0,2009,Stockton-on-Tees,847,526,662600000.0,816800000.0,1552851.711026616,0.9920987654320987,0.44452404019693686,Medium,0.0,0.0,1.0,0.0,0.0,0.0,0.0,0.0
E08000024,North East,Sunderland,FYE 2009,1.0,2009,Sunderland,1144,711,844200000.0,1030200000.0,1448945.147679325,0.9920987654320987,0.4147794322513524,Low,0.0,0.0,1.0,0.0,0.0,0.0,0.0,0.0
E06000008,North West,Blackburn with Darwen,FYE 2009,4.0,2009,Blackburn with Darwen,547,340,348500000.0,423600000.0,1245882.3529411764,0.9920987654320987,0.35665006079256284,Low,0.0,0.0,0.0,1.0,0.0,0.0,0.0,0.0
E06000009,North West,Blackpool,FYE 2009,7.0,2009,Blackpool,460,286,284800000.0,337400000.0,1179720.2797202796,0.9920987654320987,0.3377103050598569,Low,0.0,0.0,0.0,1.0,0.0,0.0,0.0,0.0
E08000001,North West,Bolton,FYE 2009,4.0,2009,Bolton,992,616,1022400000.0,1254300000.0,2036201.2987012987,0.9920987654320987,0.5828891590392413,Medium,0.0,0.0,0.0,1.0,0.0,0.0,0.0,0.0
E08000002,North West,Bury,FYE 2009,4.0,2009,Bury,689,428,807200000.0,1012300000.0,2365186.9158878503,0.9920987654320987,0.6770655795435313,Medium,0.0,0.0,0.0,1.0,0.0,0.0,0.0,0.0
E10000006,North West,Cumbria,FYE 2009,5.0,2009,Cumbria,8115,5042,2599000000.0,3424400000.0,679174.9305831019,0.9920987654320987,0.19442267539099223,Low,0.0,0.0,0.0,1.0,0.0,0.0,0.0,0.0
E06000006,North West,Halton,FYE 2009,1.0,2009,Halton,578,359,495700000.0,610900000.0,1701671.3091922007,0.9920987654320987,0.48712558969924896,Medium,0.0,0.0,0.0,1.0,0.0,0.0,0.0,0.0
E08000011,North West,Knowsley,FYE 2009,1.0,2009,Knowsley,579,360,677200000.0,838700000.0,2329722.222222222,0.9920987654320987,0.6669133487795459,Medium,0.0,0.0,0.0,1.0,0.0,0.0,0.0,0.0
E10000017,North West,Lancashire,FYE 2009,3.0,2009,Lancashire,6926,4304,5419300000.0,6718900000.0,1561082.713754647,0.9920987654320987,0.44688027200036995,Medium,0.0,0.0,0.0,1.0,0.0,0.0,0.0,0.0
E08000012,North West,Liverpool,FYE 2009,12.0,2009,Liverpool,1436,892,1067300000.0,1305300000.0,1463340.807174888,0.9920987654320987,0.4189003773968721,Low,0.0,0.0,0.0,1.0,0.0,0.0,0.0,0.0
E08000003,North West,Manchester,FYE 2009,6.0,2009,Manchester,1370,851,1349200000.0,1620800000.0,1904582.8437132784,0.9920987654320987,0.5452116609495666,Medium,0.0,0.0,0.0,1.0,0.0,0.0,0.0,0.0
E08000004,North West,Oldham,FYE 2009,8.0,2009,Oldham,827,514,541600000.0,665400000.0,1294552.5291828795,0.9920987654320987,0.3705825330475958,Low,0.0,0.0,0.0,1.0,0.0,0.0,0.0,0.0
E08000005,North West,Rochdale,FYE 2009,8.0,2009,Rochdale,787,489,791500000.0,1019300000.0,2084458.0777096115,0.9920987654320987,0.5967032909485169,Medium,0.0,0.0,0.0,1.0,0.0,0.0,0.0,0.0
E08000006,North West,Salford,FYE 2009,5.0,2009,Salford,796,495,1161600000.0,1464300000.0,2958181.8181818184,0.9920987654320987,0.8468180986746928,High,0.0,0.0,0.0,1.0,0.0,0.0,0.0,0.0
E08000014,North West,Sefton,FYE 2009,8.0,2009,Sefton,987,613,567000000.0,689600000.0,1124959.2169657422,0.9920987654320987,0.3220342371595732,Low,0.0,0.0,0.0,1.0,0.0,0.0,0.0,0.0
E08000013,North West,St. Helens,FYE 2009,5.0,2009,St. Helens,733,455,630300000.0,797900000.0,1753626.3736263737,0.9920987654320987,0.5019984040104765,Medium,0.0,0.0,0.0,1.0,0.0,0.0,0.0,0.0
E08000007,North West,Stockport,FYE 2009,4.0,2009,Stockport,994,618,942000000.0,1136700000.0,1839320.3883495145,0.9920987654320987,0.5265294325529523,Medium,0.0,0.0,0.0,1.0,0.0,0.0,0.0,0.0
E08000008,North West,Tameside,FYE 2009,5.0,2009,Tameside,766,476,581800000.0,715700000.0,1503571.4285714286,0.9920987654320987,0.43041691708693725,Medium,0.0,0.0,0.0,1.0,0.0,0.0,0.0,0.0
E08000009,North West,Trafford,FYE 2009,8.0,2009,Trafford,807,501,748200000.0,913000000.0,1822355.2894211577,0.9920987654320987,0.5216729518829544,Medium,0.0,0.0,0.0,1.0,0.0,0.0,0.0,0.0
E06000007,North West,Warrington,FYE 2009,2.0,2009,Warrington,987,613,1246700000.0,1585500000.0,2586460.0326264272,0.9920987654320987,0.7404078930053701,High,0.0,0.0,0.0,1.0,0.0,0.0,0.0,0.0
E08000010,North West,Wigan,FYE 2009,4.0,2009,Wigan,1160,721,950800000.0,1191500000.0,1652565.8807212205,0.9920987654320987,0.47306852082105544,Medium,0.0,0.0,0.0,1.0,0.0,0.0,0.0,0.0
E08000015,North West,Wirral,FYE 2009,4.0,2009,Wirral,1211,752,841600000.0,1019000000.0,1355053.1914893617,0.9920987654320987,0.38790163612234335,Low,0.0,0.0,0.0,1.0,0.0,0.0,0.0,0.0
E08000016,Yorkshire and the Humber,Barnsley,FYE 2009,5.0,2009,Barnsley,1208,751,925800000.0,1188400000.0,1582423.4354194407,0.9920987654320987,0.4529893317050347,Medium,0.0,0.0,0.0,0.0,0.0,0.0,0.0,1.0
E08000032,Yorkshire and the Humber,Bradford,FYE 2009,3.0,2009,Bradford,1946,1209,1229200000.0,1509000000.0,1248138.9578163773,0.9920987654320987,0.357296043347838,Low,0.0,0.0,0.0,0.0,0.0,0.0,0.0,1.0
E08000033,Yorkshire and the Humber,Calderdale,FYE 2009,6.0,2009,Calderdale,1208,751,733000000.0,936400000.0,1246870.8388814915,0.9920987654320987,0.35693302777566016,Low,0.0,0.0,0.0,0.0,0.0,0.0,0.0,1.0
E08000017,Yorkshire and the Humber,Doncaster,FYE 2009,2.0,2009,Doncaster,1667,1036,1390400000.0,1859900000.0,1795270.2702702703,0.9920987654320987,0.5139195121589488,Medium,0.0,0.0,0.0,0.0,0.0,0.0,0.0,1.0
E06000011,Yorkshire and the Humber,East Riding of Yorkshire,FYE 2009,5.0,2009,East Riding of Yorkshire,3446,2141,1617100000.0,2101400000.0,981503.9701074264,0.9920987654320987,0.28096830313117294,Low,0.0,0.0,0.0,0.0,0.0,0.0,0.0,1.0
E06000010,Yorkshire and the Humber,"Kingston upon Hull, City of",FYE 2009,9.0,2009,"Kingston upon Hull, City of",746,464,561100000.0,708600000.0,1527155.1724137932,0.9920987654320987,0.43716807112266076,Medium,0.0,0.0,0.0,0.0,0.0,0.0,0.0,1.0
E08000034,Yorkshire and the Humber,Kirklees,FYE 2009,5.0,2009,Kirklees,1917,1191,1273700000.0,1631000000.0,1369437.4475230898,0.9920987654320987,0.3920193168782944,Low,0.0,0.0,0.0,0.0,0.0,0.0,0.0,1.0
E08000035,Yorkshire and the Humber,Leeds,FYE 2009,5.0,2009,Leeds,3005,1867,3001600000.0,3775700000.0,2022335.297268345,0.9920987654320987,0.5789198354170404,Medium,0.0,0.0,0.0,0.0,0.0,0.0,0.0,1.0
E06000012,Yorkshire and the Humber,North East Lincolnshire,FYE 2009,4.0,2009,North East Lincolnshire,636,395,460700000.0,579900000.0,1468101.2658227847,0.9920987654320987,0.42026312072666144,Low,0.0,0.0,0.0,0.0,0.0,0.0,0.0,1.0
E06000013,Yorkshire and the Humber,North Lincolnshire,FYE 2009,5.0,2009,North Lincolnshire,1424,885,739300000.0,1022300000.0,1155141.242937853,0.9920987654320987,0.3306742354486446,Low,0.0,0.0,0.0,0.0,0.0,0.0,0.0,1.0
E06000065,Yorkshire and the Humber,North Yorkshire,FYE 2009,4.0,2009,North Yorkshire,9324,5794,3792600000.0,4973700000.0,858422.5060407318,0.9920987654320987,0.24573462995312698,Low,0.0,0.0,0.0,0.0,0.0,0.0,0.0,1.0
E08000018,Yorkshire and the Humber,Rotherham,FYE 2009,5.0,2009,Rotherham,1204,748,1126000000.0,1461200000.0,1953475.935828877,0.9920987654320987,0.5592079457787072,Medium,0.0,0.0,0.0,0.0,0.0,0.0,0.0,1.0
E08000019,Yorkshire and the Humber,Sheffield,FYE 2009,9.0,2009,Sheffield,1990,1237,1335700000.0,1662500000.0,1343977.3645917543,0.9920987654320987,0.3847310363245099,Low,0.0,0.0,0.0,0.0,0.0,0.0,0.0,1.0
E08000036,Yorkshire and the Humber,Wakefield,FYE 2009,3.0,2009,Wakefield,1541,958,1311900000.0,1705400000.0,1780167.0146137788,0.9920987654320987,0.5095960083904452,Medium,0.0,0.0,0.0,0.0,0.0,0.0,0.0,1.0
E06000014,Yorkshire and the Humber,York,FYE 2009,3.0,2009,York,795,494,601900000.0,742900000.0,1503846.1538461538,0.9920987654320987,0.4304955607772509,Medium,0.0,0.0,0.0,0.0,0.0,0.0,0.0,1.0
E06000015,East Midlands,Derby,FYE 2009,4.0,2009,Derby,755,469,894600000.0,1070300000.0,2282089.552238806,0.9920987654320987,0.6532778762124989,Medium,0.0,0.0,0.0,0.0,0.0,0.0,0.0,0.0
E10000007,East Midlands,Derbyshire,FYE 2009,4.0,2009,Derbyshire,5644,3507,3793600000.0,4835700000.0,1378870.8297690335,0.9920987654320987,0.3947197454890319,Low,0.0,0.0,0.0,0.0,0.0,0.0,0.0,0.0
E06000016,East Midlands,Leicester,FYE 2009,8.0,2009,Leicester,817,508,739900000.0,897000000.0,1765748.031496063,0.9920987654320987,0.5054683865541135,Medium,0.0,0.0,0.0,0.0,0.0,0.0,0.0,0.0
E10000018,East Midlands,Leicestershire,FYE 2009,2.0,2009,Leicestershire,4530,2815,3539800000.0,4585500000.0,1628952.0426287744,0.9920987654320987,0.4663087519140355,Medium,0.0,0.0,0.0,0.0,0.0,0.0,0.0,0.0
E10000019,East Midlands,Lincolnshire,FYE 2009,3.0,2009,Lincolnshire,8870,5512,2775900000.0,3670800000.0,665965.1669085631,0.9920987654320987,0.19064120837971488,Low,0.0,0.0,0.0,0.0,0.0,0.0,0.0,0.0
E10000021,East Midlands,Northamptonshire,FYE 2009,4.0,2009,Northamptonshire,4496,2794,4018500000.0,5208600000.0,1864209.0193271295,0.9920987654320987,0.5336541275373985,Medium,0.0,0.0,0.0,0.0,0.0,0.0,0.0,0.0
E06000018,East Midlands,Nottingham,FYE 2009,9.0,2009,Nottingham,795,494,789600000.0,976600000.0,1976923.076923077,0.9920987654320987,0.5659199954974603,Medium,0.0,0.0,0.0,0.0,0.0,0.0,0.0,0.0
E10000024,East Midlands,Nottinghamshire,FYE 2009,2.0,2009,Nottinghamshire,4832,3002,3349600000.0,4318000000.0,1438374.4170552965,0.9920987654320987,0.41175342284462024,Low,0.0,0.0,0.0,0.0,0.0,0.0,0.0,0.0
E06000017,East Midlands,Rutland,FYE 2009,1.0,2009,Rutland,548,341,275200000.0,373300000.0,1094721.4076246335,0.9920987654320987,0.31337827015411585,Low,0.0,0.0,0.0,0.0,0.0,0.0,0.0,0.0
E08000025,West Midlands,Birmingham,FYE 2009,6.0,2009,Birmingham,2526,1570,2850700000.0,3474200000.0,2212866.2420382164,0.9920987654320987,0.6334618014980444,Medium,0.0,0.0,0.0,0.0,0.0,0.0,1.0,0.0
E08000026,West Midlands,Coventry,FYE 2009,4.0,2009,Coventry,871,541,925800000.0,1112300000.0,2056007.393715342,0.9920987654320987,0.5885589118647357,Medium,0.0,0.0,0.0,0.0,0.0,0.0,1.0,0.0
E08000027,West Midlands,Dudley,FYE 2009,8.0,2009,Dudley,1020,634,845700000.0,1047800000.0,1652681.3880126183,0.9920987654320987,0.4731015862885948,Medium,0.0,0.0,0.0,0.0,0.0,0.0,1.0,0.0
E06000019,West Midlands,"Herefordshire, County of",FYE 2009,4.0,2009,"Herefordshire, County of",3344,2078,861300000.0,1130600000.0,544080.8469682387,0.9920987654320987,0.15575023330991286,Low,0.0,0.0,0.0,0.0,0.0,0.0,1.0,0.0
E08000028,West Midlands,Sandwell,FYE 2009,5.0,2009,Sandwell,884,549,940000000.0,1206100000.0,2196903.460837887,0.9920987654320987,0.6288922473406426,Medium,0.0,0.0,0.0,0.0,0.0,0.0,1.0,0.0
E06000051,West Midlands,Shropshire,FYE 2009,4.0,2009,Shropshire,5212,3239,1453600000.0,1896000000.0,585365.8536585366,0.9920987654320987,0.1675686045318474,Low,0.0,0.0,0.0,0.0,0.0,0.0,1.0,0.0
E08000029,West Midlands,Solihull,FYE 2009,5.0,2009,Solihull,866,538,1120400000.0,1376300000.0,2558178.43866171,0.9920987654320987,0.732311918146255,High,0.0,0.0,0.0,0.0,0.0,0.0,1.0,0.0
E10000028,West Midlands,Staffordshire,FYE 2009,4.0,2009,Staffordshire,6300,3915,4397800000.0,5647200000.0,1442452.1072796935,0.9920987654320987,0.41292071481483816,Low,0.0,0.0,0.0,0.0,0.0,0.0,1.0,0.0
E06000021,West Midlands,Stoke-on-Trent,FYE 2009,5.0,2009,Stoke-on-Trent,871,541,693300000.0,849300000.0,1569870.6099815157,0.9920987654320987,0.44939592182569454,Medium,0.0,0.0,0.0,0.0,0.0,0.0,1.0,0.0
E06000020,West Midlands,Telford and Wrekin,FYE 2009,1.0,2009,Telford and Wrekin,1026,638,654400000.0,811300000.0,1271630.0940438872,0.9920987654320987,0.36402068724687825,Low,0.0,0.0,0.0,0.0,0.0,0.0,1.0,0.0
E08000030,West Midlands,Walsall,FYE 2009,6.0,2009,Walsall,862,536,688500000.0,884300000.0,1649813.4328358208,0.9920987654320987,0.47228059674191686,Medium,0.0,0.0,0.0,0.0,0.0,0.0,1.0,0.0
E10000031,West Midlands,Warwickshire,FYE 2009,5.0,2009,Warwickshire,4123,2562,4373500000.0,5530700000.0,2158743.169398907,0.9920987654320987,0.6179683665830052,Medium,0.0,0.0,0.0,0.0,0.0,0.0,1.0,0.0
E08000031,West Midlands,Wolverhampton,FYE 2009,3.0,2009,Wolverhampton,765,475,570900000.0,705700000.0,1485684.2105263157,0.9920987654320987,0.42529646780202746,Medium,0.0,0.0,0.0,0.0,0.0,0.0,1.0,0.0
E10000034,West Midlands,Worcestershire,FYE 2009,5.0,2009,Worcestershire,4165,2588,3291900000.0,4158600000.0,1606877.8979907264,0.9920987654320987,0.45998974032476436,Medium,0.0,0.0,0.0,0.0,0.0,0.0,1.0,0.0
E10000003,East of England,Cambridgeshire,FYE 2009,2.0,2009,Cambridgeshire,4715,2930,3455100000.0,4505200000.0,1537610.9215017066,0.9920987654320987,0.44016116556615525,Medium,1.0,0.0,0.0,0.0,0.0,0.0,0.0,0.0
E10000012,East of England,Essex,FYE 2009,5.0,2009,Essex,8200,5095,6891300000.0,8755500000.0,1718449.460255152,0.9920987654320987,0.49192855410633124,Medium,1.0,0.0,0.0,0.0,0.0,0.0,0.0,0.0
E10000015,East of England,Hertfordshire,FYE 2009,6.0,2009,Hertfordshire,4900,3045,5454200000.0,6812900000.0,2237405.582922824,0.9920987654320987,0.6404865076411597,Medium,1.0,0.0,0.0,0.0,0.0,0.0,0.0,0.0
E06000032,East of England,Luton,FYE 2009,3.0,2009,Luton,463,288,397900000.0,481800000.0,1672916.6666666667,0.9920987654320987,0.47889419852448023,Medium,1.0,0.0,0.0,0.0,0.0,0.0,0.0,0.0
E10000020,East of England,Norfolk,FYE 2009,3.0,2009,Norfolk,10085,6267,3925300000.0,5010100000.0,799441.5190681347,0.9920987654320987,0.2288505537482405,Low,1.0,0.0,0.0,0.0,0.0,0.0,0.0,0.0
E06000031,East of England,Peterborough,FYE 2009,2.0,2009,Peterborough,913,567,853000000.0,1066600000.0,1881128.7477954144,0.9920987654320987,0.5384976203218993,Medium,1.0,0.0,0.0,0.0,0.0,0.0,0.0,0.0
E06000033,East of England,Southend-on-Sea,FYE 2009,8.0,2009,Southend-on-Sea,451,280,327400000.0,391900000.0,1399642.857142857,0.9920987654320987,0.40066600904126054,Low,1.0,0.0,0.0,0.0,0.0,0.0,0.0,0.0
E10000029,East of England,Suffolk,FYE 2009,4.0,2009,Suffolk,6959,4324,2758400000.0,3615600000.0,836170.2127659575,0.9920987654320987,0.23936462099482778,Low,1.0,0.0,0.0,0.0,0.0,0.0,0.0,0.0
E06000034,East of England,Thurrock,FYE 2009,5.0,2009,Thurrock,573,356,772800000.0,1004600000.0,2821910.112359551,0.9920987654320987,0.8078085468890976,High,1.0,0.0,0.0,0.0,0.0,0.0,0.0,0.0
E09000002,London,Barking and Dagenham,FYE 2009,3.0,2009,Barking and Dagenham,333,207,323700000.0,405800000.0,1960386.4734299516,0.9920987654320987,0.5611861772302679,Medium,0.0,1.0,0.0,0.0,0.0,0.0,0.0,0.0
E09000003,London,Barnet,FYE 2009,3.0,2009,Barnet,766,476,889700000.0,1087800000.0,2285294.117647059,0.9920987654320987,0.6541952248248851,Medium,0.0,1.0,0.0,0.0,0.0,0.0,0.0,0.0
E09000004,London,Bexley,FYE 2009,3.0,2009,Bexley,542,337,516900000.0,641600000.0,1903857.5667655787,0.9920987654320987,0.5450040409709404,Medium,0.0,1.0,0.0,0.0,0.0,0.0,0.0,0.0
E09000005,London,Brent,FYE 2009,8.0,2009,Brent,487,303,492800000.0,602200000.0,1987458.7458745874,0.9920987654320987,0.5689359680434845,Medium,0.0,1.0,0.0,0.0,0.0,0.0,0.0,0.0
E09000006,London,Bromley,FYE 2009,3.0,2009,Bromley,896,557,719300000.0,877000000.0,1574506.2836624775,0.9920987654320987,0.4507229438324085,Medium,0.0,1.0,0.0,0.0,0.0,0.0,0.0,0.0
E09000007,London,Camden,FYE 2009,16.0,2009,Camden,289,180,260100000.0,348600000.0,1936666.6666666667,0.9920987654320987,0.554396073410158,Medium,0.0,1.0,0.0,0.0,0.0,0.0,0.0,0.0
E09000001,London,City of London,FYE 2009,13.0,2009,City of London,58,36,75000000.0,105700000.0,2936111.111111111,0.9920987654320987,0.8405000711338739,High,0.0,1.0,0.0,0.0,0.0,0.0,0.0,0.0
E09000008,London,Croydon,FYE 2009,7.0,2009,Croydon,775,482,690900000.0,841900000.0,1746680.497925311,0.9920987654320987,0.500010056567242,Medium,0.0,1.0,0.0,0.0,0.0,0.0,0.0,0.0
E09000009,London,Ealing,FYE 2009,8.0,2009,Ealing,588,365,690700000.0,844700000.0,2314246.5753424657,0.9920987654320987,0.662483243170104,Medium,0.0,1.0,0.0,0.0,0.0,0.0,0.0,0.0
E09000010,London,Enfield,FYE 2009,3.0,2009,Enfield,643,400,800600000.0,1027000000.0,2567500.0,0.9920987654320987,0.7349803365648436,High,0.0,1.0,0.0,0.0,0.0,0.0,0.0,0.0
E09000011,London,Greenwich,FYE 2009,4.0,2009,Greenwich,507,315,586800000.0,747900000.0,2374285.714285714,0.9920987654320987,0.679670229167211,Medium,0.0,1.0,0.0,0.0,0.0,0.0,0.0,0.0
E09000012,London,Hackney,FYE 2009,8.0,2009,Hackney,279,173,242600000.0,322100000.0,1861849.710982659,0.9920987654320987,0.5329787447755371,Medium,0.0,1.0,0.0,0.0,0.0,0.0,0.0,0.0
E09000013,London,Hammersmith and Fulham,FYE 2009,12.0,2009,Hammersmith and Fulham,225,140,267000000.0,354200000.0,2530000.0,0.9920987654320987,0.7242454728370221,High,0.0,1.0,0.0,0.0,0.0,0.0,0.0,0.0
E09000014,London,Haringey,FYE 2009,9.0,2009,Haringey,357,222,269700000.0,347600000.0,1565765.7657657657,0.9920987654320987,0.44822085667156086,Medium,0.0,1.0,0.0,0.0,0.0,0.0,0.0,0.0
E09000015,London,Harrow,FYE 2009,6.0,2009,Harrow,478,297,345800000.0,411600000.0,1385858.5858585858,0.9920987654320987,0.39672008173928786,Low,0.0,1.0,0.0,0.0,0.0,0.0,0.0,0.0
E09000016,London,Havering,FYE 2009,3.0,2009,Havering,652,405,796700000.0,1022400000.0,2524444.4444444445,0.9920987654320987,0.7226551226551227,High,0.0,1.0,0.0,0.0,0.0,0.0,0.0,0.0
E09000017,London,Hillingdon,FYE 2009,4.0,2009,Hillingdon,739,459,1252500000.0,1497200000.0,3261873.6383442264,0.9920987654320987,0.9337538401332932,High,0.0,1.0,0.0,0.0,0.0,0.0,0.0,0.0
E09000018,London,Hounslow,FYE 2009,9.0,2009,Hounslow,502,312,875300000.0,1047400000.0,3357051.282051282,0.9920987654320987,0.9609996810701036,High,0.0,1.0,0.0,0.0,0.0,0.0,0.0,0.0
E09000019,London,Islington,FYE 2009,13.0,2009,Islington,245,152,194100000.0,267400000.0,1759210.5263157894,0.9920987654320987,0.5035969404946424,Medium,0.0,1.0,0.0,0.0,0.0,0.0,0.0,0.0
E09000020,London,Kensington and Chelsea,FYE 2009,10.0,2009,Kensington and Chelsea,209,130,243900000.0,329200000.0,2532307.6923076925,0.9920987654320987,0.7249060798356574,High,0.0,1.0,0.0,0.0,0.0,0.0,0.0,0.0
E09000021,London,Kingston upon Thames,FYE 2009,5.0,2009,Kingston upon Thames,343,213,535000000.0,636400000.0,2987793.427230047,0.9920987654320987,0.8552948076852065,High,0.0,1.0,0.0,0.0,0.0,0.0,0.0,0.0
E09000022,London,Lambeth,FYE 2009,8.0,2009,Lambeth,375,233,371800000.0,500000000.0,2145922.746781116,0.9920987654320987,0.6142983535234033,Medium,0.0,1.0,0.0,0.0,0.0,0.0,0.0,0.0
E09000023,London,Lewisham,FYE 2009,7.0,2009,Lewisham,447,278,387000000.0,497600000.0,1789928.0575539568,0.9920987654320987,0.5123902341452244,Medium,0.0,1.0,0.0,0.0,0.0,0.0,0.0,0.0
E09000024,London,Merton,FYE 2009,8.0,2009,Merton,374,232,348000000.0,429200000.0,1850000.0,0.9920987654320987,0.5295866105725261,Medium,0.0,1.0,0.0,0.0,0.0,0.0,0.0,0.0
E09000025,London,Newham,FYE 2009,8.0,2009,Newham,417,259,484900000.0,603800000.0,2331274.131274131,0.9920987654320987,0.667357602971285,Medium,0.0,1.0,0.0,0.0,0.0,0.0,0.0,0.0
E09000026,London,Redbridge,FYE 2009,3.0,2009,Redbridge,536,333,557700000.0,684700000.0,2056156.1561561562,0.9920987654320987,0.5886014970522013,Medium,0.0,1.0,0.0,0.0,0.0,0.0,0.0,0.0
E09000027,London,Richmond upon Thames,FYE 2009,10.0,2009,Richmond upon Thames,415,258,457900000.0,550400000.0,2133333.3333333335,0.9920987654320987,0.6106944698493995,Medium,0.0,1.0,0.0,0.0,0.0,0.0,0.0,0.0
E09000028,London,Southwark,FYE 2009,10.0,2009,Southwark,398,247,365800000.0,492700000.0,1994736.8421052631,0.9920987654320987,0.5710194179430651,Medium,0.0,1.0,0.0,0.0,0.0,0.0,0.0,0.0
E09000029,London,Sutton,FYE 2009,7.0,2009,Sutton,427,265,376000000.0,458200000.0,1729056.6037735848,0.9920987654320987,0.49496498717864645,Medium,0.0,1.0,0.0,0.0,0.0,0.0,0.0,0.0
E09000030,London,Tower Hamlets,FYE 2009,14.0,2009,Tower Hamlets,304,189,447800000.0,590100000.0,3122222.222222222,0.9920987654320987,0.8937768022275064,High,0.0,1.0,0.0,0.0,0.0,0.0,0.0,0.0
E09000031,London,Waltham Forest,FYE 2009,6.0,2009,Waltham Forest,424,263,370600000.0,462800000.0,1759695.8174904943,0.9920987654320987,0.5037358614180764,Medium,0.0,1.0,0.0,0.0,0.0,0.0,0.0,0.0
E09000032,London,Wandsworth,FYE 2009,9.0,2009,Wandsworth,429,267,402100000.0,517400000.0,1937827.7153558054,0.9920987654320987,0.5547284387290717,Medium,0.0,1.0,0.0,0.0,0.0,0.0,0.0,0.0
E09000033,London,Westminster,FYE 2009,16.0,2009,Westminster,343,213,404400000.0,558900000.0,2623943.6619718308,0.9920987654320987,0.7511380704199588,High,0.0,1.0,0.0,0.0,0.0,0.0,0.0,0.0
E06000036,South East,Bracknell Forest,FYE 2009,6.0,2009,Bracknell Forest,455,283,364900000.0,433700000.0,1532508.8339222614,0.9920987654320987,0.4387006265023485,Medium,0.0,0.0,0.0,0.0,1.0,0.0,0.0,0.0
E06000043,South East,Brighton and Hove,FYE 2009,8.0,2009,Brighton and Hove,623,387,630300000.0,774000000.0,2000000.0,0.9920987654320987,0.5725260654838119,Medium,0.0,0.0,0.0,0.0,1.0,0.0,0.0,0.0
E06000060,South East,Buckinghamshire,FYE 2009,6.0,2009,Buckinghamshire,3240,2013,3010400000.0,3664600000.0,1820466.9647292597,0.9920987654320987,0.5211323943298503,Medium,0.0,0.0,0.0,0.0,1.0,0.0,0.0,0.0
E10000011,South East,East Sussex,FYE 2009,13.0,2009,East Sussex,3405,2116,2015400000.0,2507600000.0,1185066.1625708884,0.9920987654320987,0.3392406336973551,Low,0.0,0.0,0.0,0.0,1.0,0.0,0.0,0.0
E10000014,South East,Hampshire,FYE 2009,8.0,2009,Hampshire,8849,5499,7222500000.0,8902400000.0,1618912.5295508273,0.9920987654320987,0.4634348104530903,Medium,0.0,0.0,0.0,0.0,1.0,0.0,0.0,0.0
E06000046,South East,Isle of Wight,FYE 2009,12.0,2009,Isle of Wight,877,545,313200000.0,388700000.0,713211.0091743119,0.9920987654320987,0.20416594647115385,Low,0.0,0.0,0.0,0.0,1.0,0.0,0.0,0.0
E10000016,South East,Kent,FYE 2009,7.0,2009,Kent,9064,5632,6724600000.0,8634900000.0,1533185.3693181819,0.9920987654320987,0.4388942935765419,Medium,0.0,0.0,0.0,0.0,1.0,0.0,0.0,0.0
E06000035,South East,Medway,FYE 2009,5.0,2009,Medway,835,519,637800000.0,795500000.0,1532755.2986512524,0.9920987654320987,0.43877118024313333,Medium,0.0,0.0,0.0,0.0,1.0,0.0,0.0,0.0
E06000042,South East,Milton Keynes,FYE 2009,3.0,2009,Milton Keynes,1206,749,1125700000.0,1395200000.0,1862750.333778371,0.9920987654320987,0.5332365597883941,Medium,0.0,0.0,0.0,0.0,1.0,0.0,0.0,0.0
E10000025,South East,Oxfordshire,FYE 2009,4.0,2009,Oxfordshire,4662,2897,3621900000.0,4509200000.0,1556506.7311011392,0.9920987654320987,0.44557033732820245,Medium,0.0,0.0,0.0,0.0,1.0,0.0,0.0,0.0
E06000044,South East,Portsmouth,FYE 2009,4.0,2009,Portsmouth,451,280,589600000.0,715200000.0,2554285.714285714,0.9920987654320987,0.7311975750607541,High,0.0,0.0,0.0,0.0,1.0,0.0,0.0,0.0
E06000038,South East,Reading,FYE 2009,9.0,2009,Reading,390,242,301300000.0,360000000.0,1487603.305785124,0.9920987654320987,0.4258458338309345,Medium,0.0,0.0,0.0,0.0,1.0,0.0,0.0,0.0
E06000039,South East,Slough,FYE 2009,9.0,2009,Slough,310,193,436500000.0,526600000.0,2728497.409326425,0.9920987654320987,0.781067943222216,High,0.0,0.0,0.0,0.0,1.0,0.0,0.0,0.0
E06000045,South East,Southampton,FYE 2009,10.0,2009,Southampton,577,359,492500000.0,599000000.0,1668523.6768802227,0.9920987654320987,0.47763664794540855,Medium,0.0,0.0,0.0,0.0,1.0,0.0,0.0,0.0
E10000030,South East,Surrey,FYE 2009,7.0,2009,Surrey,5529,3436,6737700000.0,8256100000.0,2402823.050058207,0.9920987654320987,0.6878394134518189,Medium,0.0,0.0,0.0,0.0,1.0,0.0,0.0,0.0
E06000037,South East,West Berkshire,FYE 2009,6.0,2009,West Berkshire,1419,882,1454700000.0,1804700000.0,2046145.1247165534,0.9920987654320987,0.585735708831426,Medium,0.0,0.0,0.0,0.0,1.0,0.0,0.0,0.0
E10000032,South East,West Sussex,FYE 2009,1.0,2009,West Sussex,4156,2582,3457600000.0,4213200000.0,1631758.3268783889,0.9920987654320987,0.46711208735406595,Medium,0.0,0.0,0.0,0.0,1.0,0.0,0.0,0.0
E06000040,South East,Windsor and Maidenhead,FYE 2009,10.0,2009,Windsor and Maidenhead,694,431,953500000.0,1145500000.0,2657772.6218097447,0.9920987654320987,0.7608220510576642,High,0.0,0.0,0.0,0.0,1.0,0.0,0.0,0.0
E06000041,South East,Wokingham,FYE 2009,7.0,2009,Wokingham,741,460,863500000.0,1037100000.0,2254565.217391304,0.9920987654320987,0.6453986766448493,Medium,0.0,0.0,0.0,0.0,1.0,0.0,0.0,0.0
E06000022,South West,Bath and North East Somerset,FYE 2009,6.0,2009,Bath and North East Somerset,1061,659,597800000.0,731900000.0,1110622.1547799697,0.9920987654320987,0.3179300662576646,Low,0.0,0.0,0.0,0.0,0.0,1.0,0.0,0.0
E06000028,South West,Bournemouth,FYE 2009,5.0,2009,Bournemouth,510,317,445600000.0,536300000.0,1691798.1072555205,0.9920987654320987,0.48429925696998166,Medium,0.0,0.0,0.0,0.0,0.0,1.0,0.0,0.0
E06000023,South West,"Bristol, City of",FYE 2009,6.0,2009,"Bristol, City of",1141,709,1186200000.0,1455500000.0,2052891.3963328633,0.9920987654320987,0.5876669170040115,Medium,0.0,0.0,0.0,0.0,0.0,1.0,0.0,0.0
E06000052,South West,Cornwall,FYE 2009,2.0,2009,Cornwall excluding Isles of Scilly,7359,4573,2419200000.0,3068800000.0,671069.3199212771,0.9920987654320987,0.19210233870071314,Low,0.0,0.0,0.0,0.0,0.0,1.0,0.0,0.0
E10000008,South West,Devon,FYE 2009,4.0,2009,Devon,13055,8112,3990300000.0,5022800000.0,619181.459566075,0.9920987654320987,0.17724876243294446,Low,0.0,0.0,0.0,0.0,0.0,1.0,0.0,0.0
E10000013,South West,Gloucestershire,FYE 2009,3.0,2009,Gloucestershire,5539,3442,3254000000.0,4093000000.0,1189134.2242882045,0.9920987654320987,0.3404051693819352,Low,0.0,0.0,0.0,0.0,0.0,1.0,0.0,0.0
E06000024,South West,North Somerset,FYE 2009,4.0,2009,North Somerset,1149,714,1178500000.0,1454600000.0,2037254.9019607843,0.9920987654320987,0.5831907667036085,Medium,0.0,0.0,0.0,0.0,0.0,1.0,0.0,0.0
E06000026,South West,Plymouth,FYE 2009,5.0,2009,Plymouth,808,502,747400000.0,915700000.0,1824103.5856573705,0.9920987654320987,0.522173424465664,Medium,0.0,0.0,0.0,0.0,0.0,1.0,0.0,0.0
E06000029,South West,Poole,FYE 2009,4.0,2009,Poole,526,327,450700000.0,553300000.0,1692048.9296636085,0.9920987654320987,0.48437105815320053,Medium,0.0,0.0,0.0,0.0,0.0,1.0,0.0,0.0
E06000066,South West,Somerset,FYE 2009,4.0,2009,Somerset,6768,4205,3185700000.0,4012900000.0,954316.2901307967,0.9920987654320987,0.2731854754078465,Low,0.0,0.0,0.0,0.0,0.0,1.0,0.0,0.0
E06000025,South West,South Gloucestershire,FYE 2009,4.0,2009,South Gloucestershire,1522,946,1905900000.0,2391000000.0,2527484.1437632134,0.9920987654320987,0.7235252762007369,High,0.0,0.0,0.0,0.0,0.0,1.0,0.0,0.0
E06000030,South West,Swindon,FYE 2009,1.0,2009,Swindon,883,549,971600000.0,1207900000.0,2200182.149362477,0.9920987654320987,0.6298308146611078,Medium,0.0,0.0,0.0,0.0,0.0,1.0,0.0,0.0
E06000027,South West,Torbay,FYE 2009,4.0,2009,Torbay,520,323,342700000.0,416900000.0,1290712.0743034056,0.9920987654320987,0.3694831527866892,Low,0.0,0.0,0.0,0.0,0.0,1.0,0.0,0.0
E06000054,South West,Wiltshire,FYE 2009,6.0,2009,Wiltshire,4732,2940,2773800000.0,3470400000.0,1180408.163265306,0.9920987654320987,0.3379072206896294,Low,0.0,0.0,0.0,0.0,0.0,1.0,0.0,0.0
E06000005,North East,Darlington,FYE 2010,5.0,2010,Darlington,547,340,373500000.0,472200000.0,1388823.5294117648,0.9925925925925926,0.3975688354727295,Low,0.0,0.0,1.0,0.0,0.0,0.0,0.0,0.0
E08000037,North East,Gateshead,FYE 2010,3.0,2010,Gateshead,900,559,821900000.0,1017500000.0,1820214.6690518784,0.9925925925925926,0.5210601714040954,Medium,0.0,0.0,1.0,0.0,0.0,0.0,0.0,0.0
E06000001,North East,Hartlepool,FYE 2010,1.0,2010,Hartlepool,400,249,281200000.0,348700000.0,1400401.6064257028,0.9925925925925926,0.4008832109120587,Low,0.0,0.0,1.0,0.0,0.0,0.0,0.0,0.0
E06000002,North East,Middlesbrough,FYE 2010,1.0,2010,Middlesbrough,508,316,549600000.0,667800000.0,2113291.139240506,0.9925925925925926,0.6049571305855848,Medium,0.0,0.0,1.0,0.0,0.0,0.0,0.0,0.0
E08000021,North East,Newcastle upon Tyne,FYE 2010,3.0,2010,Newcastle upon Tyne,970,603,861000000.0,1038000000.0,1721393.0348258705,0.9925925925925926,0.4927711906900471,Medium,0.0,0.0,1.0,0.0,0.0,0.0,0.0,0.0
E08000022,North East,North Tyneside,FYE 2010,4.0,2010,North Tyneside,787,489,620600000.0,739700000.0,1512678.936605317,0.9925925925925926,0.43302405995743937,Medium,0.0,0.0,1.0,0.0,0.0,0.0,0.0,0.0
E06000057,North East,Northumberland,FYE 2010,3.0,2010,Northumberland,5172,3214,1289200000.0,1638300000.0,509738.643434972,0.9925925925925926,0.14591932997544013,Low,0.0,0.0,1.0,0.0,0.0,0.0,0.0,0.0
E06000003,North East,Redcar and Cleveland,FYE 2010,1.0,2010,Redcar and Cleveland,671,417,431100000.0,520700000.0,1248681.0551558754,0.9925925925925926,0.3574512257762841,Low,0.0,0.0,1.0,0.0,0.0,0.0,0.0,0.0
E08000023,North East,South Tyneside,FYE 2010,3.0,2010,South Tyneside,553,344,360500000.0,438900000.0,1275872.0930232557,0.9925925925925926,0.36523501473960035,Low,0.0,0.0,1.0,0.0,0.0,0.0,0.0,0.0
E06000004,North East,Stockton-on-Tees,FYE 2010,2.0,2010,Stockton-on-Tees,849,528,647600000.0,802300000.0,1519507.5757575757,0.9925925925925926,0.4349788469106651,Medium,0.0,0.0,1.0,0.0,0.0,0.0,0.0,0.0
E08000024,North East,Sunderland,FYE 2010,2.0,2010,Sunderland,1142,710,817800000.0,1004100000.0,1414225.352112676,0.9925925925925926,0.4048404382762645,Low,0.0,0.0,1.0,0.0,0.0,0.0,0.0,0.0
E06000008,North West,Blackburn with Darwen,FYE 2010,4.0,2010,Blackburn with Darwen,550,342,346800000.0,423700000.0,1238888.888888889,0.9925925925925926,0.35464809056358354,Low,0.0,0.0,0.0,1.0,0.0,0.0,0.0,0.0
E06000009,North West,Blackpool,FYE 2010,6.0,2010,Blackpool,457,284,277600000.0,331400000.0,1166901.4084507043,0.9925925925925926,0.33404073609390017,Low,0.0,0.0,0.0,1.0,0.0,0.0,0.0,0.0
E08000001,North West,Bolton,FYE 2010,6.0,2010,Bolton,990,615,964800000.0,1185700000.0,1927967.4796747968,0.9925925925925926,0.5519058177594763,Medium,0.0,0.0,0.0,1.0,0.0,0.0,0.0,0.0
E08000002,North West,Bury,FYE 2010,6.0,2010,Bury,687,427,789300000.0,996300000.0,2333255.2693208433,0.9925925925925926,0.6679247295568173,Medium,0.0,0.0,0.0,1.0,0.0,0.0,0.0,0.0
E06000049,North West,Cheshire East,FYE 2010,5.0,2010,East Cheshire,2850,1771,2153900000.0,2719100000.0,1535347.261434218,0.9925925925925926,0.4395131633701392,Medium,0.0,0.0,0.0,1.0,0.0,0.0,0.0,0.0
E06000050,North West,Cheshire West and Chester,FYE 2010,3.0,2010,West Cheshire,2395,1488,1904700000.0,2356100000.0,1583400.5376344086,0.9925925925925926,0.45326903994839024,Medium,0.0,0.0,0.0,1.0,0.0,0.0,0.0,0.0
E10000006,North West,Cumbria,FYE 2010,6.0,2010,Cumbria,8104,5036,2542400000.0,3367800000.0,668745.035742653,0.9925925925925926,0.19143698206278614,Low,0.0,0.0,0.0,1.0,0.0,0.0,0.0,0.0
E06000006,North West,Halton,FYE 2010,1.0,2010,Halton,576,358,480100000.0,595900000.0,1664525.1396648046,0.9925925925925926,0.4764920145555916,Medium,0.0,0.0,0.0,1.0,0.0,0.0,0.0,0.0
E08000011,North West,Knowsley,FYE 2010,2.0,2010,Knowsley,581,361,665100000.0,831700000.0,2303878.1163434903,0.9925925925925926,0.6595151366521972,Medium,0.0,0.0,0.0,1.0,0.0,0.0,0.0,0.0
E10000017,North West,Lancashire,FYE 2010,3.0,2010,Lancashire,6925,4303,5361900000.0,6668000000.0,1549616.5465953986,0.9925925925925926,0.44359793221543786,Medium,0.0,0.0,0.0,1.0,0.0,0.0,0.0,0.0
E08000012,North West,Liverpool,FYE 2010,11.0,2010,Liverpool,1437,893,1056400000.0,1297900000.0,1453415.4535274357,0.9925925925925926,0.41605911556071645,Low,0.0,0.0,0.0,1.0,0.0,0.0,0.0,0.0
E08000003,North West,Manchester,FYE 2010,6.0,2010,Manchester,1372,853,1309300000.0,1579000000.0,1851113.7162954279,0.9925925925925926,0.5299054263768693,Medium,0.0,0.0,0.0,1.0,0.0,0.0,0.0,0.0
E08000004,North West,Oldham,FYE 2010,8.0,2010,Oldham,823,511,526100000.0,652600000.0,1277103.7181996086,0.9925925925925926,0.3655875834977844,Low,0.0,0.0,0.0,1.0,0.0,0.0,0.0,0.0
E08000005,North West,Rochdale,FYE 2010,6.0,2010,Rochdale,781,485,782900000.0,1010700000.0,2083917.5257731958,0.9925925925925926,0.596548550911844,Medium,0.0,0.0,0.0,1.0,0.0,0.0,0.0,0.0
E08000006,North West,Salford,FYE 2010,8.0,2010,Salford,795,494,1150500000.0,1451100000.0,2937449.3927125507,0.9925925925925926,0.8408831716837647,High,0.0,0.0,0.0,1.0,0.0,0.0,0.0,0.0
E08000014,North West,Sefton,FYE 2010,6.0,2010,Sefton,987,613,549900000.0,673400000.0,1098531.8107667211,0.9925925925925926,0.3144690477135392,Low,0.0,0.0,0.0,1.0,0.0,0.0,0.0,0.0
E08000013,North West,St. Helens,FYE 2010,5.0,2010,St. Helens,732,455,619200000.0,785200000.0,1725714.2857142857,0.9925925925925926,0.49400820507460347,Medium,0.0,0.0,0.0,1.0,0.0,0.0,0.0,0.0
E08000007,North West,Stockport,FYE 2010,4.0,2010,Stockport,993,617,913200000.0,1111700000.0,1801782.8200972448,0.9925925925925926,0.5157838144233012,Medium,0.0,0.0,0.0,1.0,0.0,0.0,0.0,0.0
E08000008,North West,Tameside,FYE 2010,6.0,2010,Tameside,767,477,567800000.0,705800000.0,1479664.5702306079,0.9925925925925926,0.42357326731496275,Medium,0.0,0.0,0.0,1.0,0.0,0.0,0.0,0.0
E08000009,North West,Trafford,FYE 2010,6.0,2010,Trafford,804,500,742700000.0,904400000.0,1808800.0,0.9925925925925926,0.5177925736235596,Medium,0.0,0.0,0.0,1.0,0.0,0.0,0.0,0.0
E06000007,North West,Warrington,FYE 2010,4.0,2010,Warrington,986,613,1213800000.0,1548400000.0,2525938.0097879283,0.9925925925925926,0.7230826751999465,High,0.0,0.0,0.0,1.0,0.0,0.0,0.0,0.0
E08000010,North West,Wigan,FYE 2010,3.0,2010,Wigan,1157,719,930500000.0,1177400000.0,1637552.1557719053,0.9925925925925926,0.46877064638431165,Medium,0.0,0.0,0.0,1.0,0.0,0.0,0.0,0.0
E08000015,North West,Wirral,FYE 2010,4.0,2010,Wirral,1210,752,828700000.0,1005400000.0,1336968.085106383,0.9925925925925926,0.3827245387216919,Low,0.0,0.0,0.0,1.0,0.0,0.0,0.0,0.0
E08000016,Yorkshire and the Humber,Barnsley,FYE 2010,5.0,2010,Barnsley,1208,751,924100000.0,1187000000.0,1580559.2543275633,0.9925925925925926,0.45245568557209376,Medium,0.0,0.0,0.0,0.0,0.0,0.0,0.0,1.0
E08000032,Yorkshire and the Humber,Bradford,FYE 2010,5.0,2010,Bradford,1945,1209,1212800000.0,1493200000.0,1235070.306038048,0.9925925925925926,0.3535549714559255,Low,0.0,0.0,0.0,0.0,0.0,0.0,0.0,1.0
E08000033,Yorkshire and the Humber,Calderdale,FYE 2010,4.0,2010,Calderdale,1185,736,712300000.0,917900000.0,1247146.7391304348,0.9925925925925926,0.35701200781765696,Low,0.0,0.0,0.0,0.0,0.0,0.0,0.0,1.0
E08000017,Yorkshire and the Humber,Doncaster,FYE 2010,3.0,2010,Doncaster,1667,1036,1362500000.0,1829900000.0,1766312.7413127413,0.9925925925925926,0.505630042098855,Medium,0.0,0.0,0.0,0.0,0.0,0.0,0.0,1.0
E06000011,Yorkshire and the Humber,East Riding of Yorkshire,FYE 2010,4.0,2010,East Riding of Yorkshire,3437,2136,1582900000.0,2064200000.0,966385.7677902621,0.9925925925925926,0.2766405206862558,Low,0.0,0.0,0.0,0.0,0.0,0.0,0.0,1.0
E06000010,Yorkshire and the Humber,"Kingston upon Hull, City of",FYE 2010,7.0,2010,"Kingston upon Hull, City of",745,463,550300000.0,697600000.0,1506695.4643628509,0.9925925925925926,0.431311213046984,Medium,0.0,0.0,0.0,0.0,0.0,0.0,0.0,1.0
E08000034,Yorkshire and the Humber,Kirklees,FYE 2010,7.0,2010,Kirklees,1913,1189,1254700000.0,1619800000.0,1362321.2783851977,0.9925925925925926,0.38998222071937705,Low,0.0,0.0,0.0,0.0,0.0,0.0,0.0,1.0
E08000035,Yorkshire and the Humber,Leeds,FYE 2010,5.0,2010,Leeds,3007,1868,2962200000.0,3744800000.0,2004710.920770878,0.9925925925925926,0.5738746279506903,Medium,0.0,0.0,0.0,0.0,0.0,0.0,0.0,1.0
E06000012,Yorkshire and the Humber,North East Lincolnshire,FYE 2010,3.0,2010,North East Lincolnshire,638,396,453600000.0,574000000.0,1449494.9494949495,0.9925925925925926,0.4149368201865001,Low,0.0,0.0,0.0,0.0,0.0,0.0,0.0,1.0
E06000013,Yorkshire and the Humber,North Lincolnshire,FYE 2010,3.0,2010,North Lincolnshire,1417,880,721600000.0,1001900000.0,1138522.7272727273,0.9925925925925926,0.32591696875467685,Low,0.0,0.0,0.0,0.0,0.0,0.0,0.0,1.0
E06000065,Yorkshire and the Humber,North Yorkshire,FYE 2010,5.0,2010,North Yorkshire,9287,5771,3750200000.0,4929100000.0,854115.4046092532,0.9925925925925926,0.2445016660350249,Low,0.0,0.0,0.0,0.0,0.0,0.0,0.0,1.0
E08000018,Yorkshire and the Humber,Rotherham,FYE 2010,4.0,2010,Rotherham,1203,748,1096300000.0,1431700000.0,1914037.4331550803,0.9925925925925926,0.5479181603965064,Medium,0.0,0.0,0.0,0.0,0.0,0.0,0.0,1.0
E08000019,Yorkshire and the Humber,Sheffield,FYE 2010,9.0,2010,Sheffield,1985,1233,1308200000.0,1642900000.0,1332441.200324412,0.9925925925925926,0.38142865895513167,Low,0.0,0.0,0.0,0.0,0.0,0.0,0.0,1.0
E08000036,Yorkshire and the Humber,Wakefield,FYE 2010,3.0,2010,Wakefield,1535,954,1279500000.0,1673100000.0,1753773.5849056605,0.9925925925925926,0.5020405451577389,Medium,0.0,0.0,0.0,0.0,0.0,0.0,0.0,1.0
E06000014,Yorkshire and the Humber,York,FYE 2010,4.0,2010,York,795,494,597000000.0,737000000.0,1491902.8340080972,0.9925925925925926,0.42707662981940225,Medium,0.0,0.0,0.0,0.0,0.0,0.0,0.0,1.0
E06000015,East Midlands,Derby,FYE 2010,8.0,2010,Derby,755,469,869800000.0,1045700000.0,2229637.526652452,0.9925925925925926,0.6382628002946932,Medium,0.0,0.0,0.0,0.0,0.0,0.0,0.0,0.0
E10000007,East Midlands,Derbyshire,FYE 2010,3.0,2010,Derbyshire,5640,3505,3738800000.0,4796500000.0,1368473.6091298147,0.9925925925925926,0.3917434055767624,Low,0.0,0.0,0.0,0.0,0.0,0.0,0.0,0.0
E06000016,East Midlands,Leicester,FYE 2010,5.0,2010,Leicester,818,508,720100000.0,877700000.0,1727755.905511811,0.9925925925925926,0.49459264534954894,Medium,0.0,0.0,0.0,0.0,0.0,0.0,0.0,0.0
E10000018,East Midlands,Leicestershire,FYE 2010,2.0,2010,Leicestershire,4537,2819,3507900000.0,4572300000.0,1621958.1411848173,0.9925925925925926,0.4643066564759903,Medium,0.0,0.0,0.0,0.0,0.0,0.0,0.0,0.0
E10000019,East Midlands,Lincolnshire,FYE 2010,4.0,2010,Lincolnshire,8871,5512,2780300000.0,3677900000.0,667253.2656023222,0.9925925925925926,0.19100994341826125,Low,0.0,0.0,0.0,0.0,0.0,0.0,0.0,0.0
E10000021,East Midlands,Northamptonshire,FYE 2010,4.0,2010,Northamptonshire,4513,2804,3984000000.0,5181100000.0,1847753.209700428,0.9925925925925926,0.5289434375674354,Medium,0.0,0.0,0.0,0.0,0.0,0.0,0.0,0.0
E06000018,East Midlands,Nottingham,FYE 2010,9.0,2010,Nottingham,797,495,771700000.0,957400000.0,1934141.4141414142,0.9925925925925926,0.5536731869638399,Medium,0.0,0.0,0.0,0.0,0.0,0.0,0.0,0.0
E10000024,East Midlands,Nottinghamshire,FYE 2010,2.0,2010,Nottinghamshire,4826,2999,3342300000.0,4323200000.0,1441547.1823941313,0.9925925925925926,0.4126616682726935,Low,0.0,0.0,0.0,0.0,0.0,0.0,0.0,0.0
E06000017,East Midlands,Rutland,FYE 2010,3.0,2010,Rutland,548,341,279900000.0,378300000.0,1109384.164222874,0.9925925925925926,0.31757567532628456,Low,0.0,0.0,0.0,0.0,0.0,0.0,0.0,0.0
E08000025,West Midlands,Birmingham,FYE 2010,7.0,2010,Birmingham,2525,1569,2796600000.0,3432500000.0,2187699.1714467816,0.9925925925925926,0.6262573995453107,Medium,0.0,0.0,0.0,0.0,0.0,0.0,1.0,0.0
E08000026,West Midlands,Coventry,FYE 2010,3.0,2010,Coventry,870,541,909700000.0,1106400000.0,2045101.663585952,0.9925925925925926,0.5854370044836318,Medium,0.0,0.0,0.0,0.0,0.0,0.0,1.0,0.0
E08000027,West Midlands,Dudley,FYE 2010,8.0,2010,Dudley,1021,634,804000000.0,1003000000.0,1582018.927444795,0.9925925925925926,0.4528735360254443,Medium,0.0,0.0,0.0,0.0,0.0,0.0,1.0,0.0
E06000019,West Midlands,"Herefordshire, County of",FYE 2010,5.0,2010,"Herefordshire, County of",3343,2077,849700000.0,1122700000.0,540539.2392874338,0.9925925925925926,0.15473640195442362,Low,0.0,0.0,0.0,0.0,0.0,0.0,1.0,0.0
E08000028,West Midlands,Sandwell,FYE 2010,4.0,2010,Sandwell,885,550,911600000.0,1179900000.0,2145272.727272727,0.9925925925925926,0.6141122769675906,Medium,0.0,0.0,0.0,0.0,0.0,0.0,1.0,0.0
E06000051,West Midlands,Shropshire,FYE 2010,5.0,2010,Shropshire,5202,3232,1434800000.0,1874600000.0,580012.3762376237,0.9925925925925926,0.1660361018496216,Low,0.0,0.0,0.0,0.0,0.0,0.0,1.0,0.0
E08000029,West Midlands,Solihull,FYE 2010,3.0,2010,Solihull,866,538,1101800000.0,1366500000.0,2539962.82527881,0.9925925925925926,0.7270974614160121,High,0.0,0.0,0.0,0.0,0.0,0.0,1.0,0.0
E10000028,West Midlands,Staffordshire,FYE 2010,5.0,2010,Staffordshire,6300,3915,4286600000.0,5536500000.0,1414176.245210728,0.9925925925925926,0.40482638078558425,Low,0.0,0.0,0.0,0.0,0.0,0.0,1.0,0.0
E06000021,West Midlands,Stoke-on-Trent,FYE 2010,4.0,2010,Stoke-on-Trent,872,542,675100000.0,828700000.0,1528966.7896678967,0.9925925925925926,0.437686670171988,Medium,0.0,0.0,0.0,0.0,0.0,0.0,1.0,0.0
E06000020,West Midlands,Telford and Wrekin,FYE 2010,1.0,2010,Telford and Wrekin,1026,638,638300000.0,794700000.0,1245611.2852664576,0.9925925925925926,0.35657246413791954,Low,0.0,0.0,0.0,0.0,0.0,0.0,1.0,0.0
E08000030,West Midlands,Walsall,FYE 2010,6.0,2010,Walsall,862,536,674100000.0,880500000.0,1642723.880597015,0.9925925925925926,0.4702511200172541,Medium,0.0,0.0,0.0,0.0,0.0,0.0,1.0,0.0
E10000031,West Midlands,Warwickshire,FYE 2010,5.0,2010,Warwickshire,4126,2564,4317300000.0,5509600000.0,2148829.953198128,0.9925925925925926,0.6151305792491439,Medium,0.0,0.0,0.0,0.0,0.0,0.0,1.0,0.0
E08000031,West Midlands,Wolverhampton,FYE 2010,5.0,2010,Wolverhampton,765,475,556600000.0,693300000.0,1459578.9473684211,0.9925925925925926,0.417823495999923,Low,0.0,0.0,0.0,0.0,0.0,0.0,1.0,0.0
E10000034,West Midlands,Worcestershire,FYE 2010,5.0,2010,Worcestershire,4169,2590,3240200000.0,4102000000.0,1583783.7837837837,0.9925925925925926,0.453378749153397,Medium,0.0,0.0,0.0,0.0,0.0,0.0,1.0,0.0
E06000055,East of England,Bedford,FYE 2010,3.0,2010,Bedford,893,555,557600000.0,704300000.0,1269009.009009009,0.9925925925925926,0.3632703674957196,Low,1.0,0.0,0.0,0.0,0.0,0.0,0.0,0.0
E10000003,East of England,Cambridgeshire,FYE 2010,3.0,2010,Cambridgeshire,4715,2930,3372600000.0,4438600000.0,1514880.5460750854,0.9925925925925926,0.43365429936116856,Medium,1.0,0.0,0.0,0.0,0.0,0.0,0.0,0.0
E06000056,East of England,Central Bedfordshire,FYE 2010,2.0,2010,Central Bedfordshire,1449,900,1345800000.0,1761600000.0,1957333.3333333333,0.9925925925925926,0.5603121760868239,Medium,1.0,0.0,0.0,0.0,0.0,0.0,0.0,0.0
E10000012,East of England,Essex,FYE 2010,6.0,2010,Essex,8199,5095,6612900000.0,8456000000.0,1659666.339548577,0.9925925925925926,0.47510111969883356,Medium,1.0,0.0,0.0,0.0,0.0,0.0,0.0,0.0
E10000015,East of England,Hertfordshire,FYE 2010,6.0,2010,Hertfordshire,4909,3050,5273100000.0,6626300000.0,2172557.37704918,0.9925925925925926,0.6219228635598989,Medium,1.0,0.0,0.0,0.0,0.0,0.0,0.0,0.0
E06000032,East of England,Luton,FYE 2010,5.0,2010,Luton,463,288,381700000.0,467600000.0,1623611.111111111,0.9925925925925926,0.4647798406601223,Medium,1.0,0.0,0.0,0.0,0.0,0.0,0.0,0.0
E10000020,East of England,Norfolk,FYE 2010,3.0,2010,Norfolk,10073,6259,3839100000.0,4912500000.0,784869.7875059914,0.9925925925925926,0.2246792056789604,Low,1.0,0.0,0.0,0.0,0.0,0.0,0.0,0.0
E06000031,East of England,Peterborough,FYE 2010,2.0,2010,Peterborough,921,572,848400000.0,1065100000.0,1862062.937062937,0.9925925925925926,0.5330397835199372,Medium,1.0,0.0,0.0,0.0,0.0,0.0,0.0,0.0
E06000033,East of England,Southend-on-Sea,FYE 2010,7.0,2010,Southend-on-Sea,451,280,322400000.0,389500000.0,1391071.4285714286,0.9925925925925926,0.3982123259034728,Low,1.0,0.0,0.0,0.0,0.0,0.0,0.0,0.0
E10000029,East of England,Suffolk,FYE 2010,4.0,2010,Suffolk,6966,4328,2761500000.0,3631500000.0,839071.1645101664,0.9925925925925926,0.24019505623896295,Low,1.0,0.0,0.0,0.0,0.0,0.0,0.0,0.0
E06000034,East of England,Thurrock,FYE 2010,4.0,2010,Thurrock,572,355,759200000.0,987900000.0,2782816.9014084507,0.9925925925925926,0.7966176057626166,High,1.0,0.0,0.0,0.0,0.0,0.0,0.0,0.0
E09000002,London,Barking and Dagenham,FYE 2010,5.0,2010,Barking and Dagenham,332,206,318200000.0,396500000.0,1924757.2815533981,0.9925925925925926,0.5509868567095424,Medium,0.0,1.0,0.0,0.0,0.0,0.0,0.0,0.0
E09000003,London,Barnet,FYE 2010,5.0,2010,Barnet,766,476,909500000.0,1106600000.0,2324789.9159663864,0.9925925925925926,0.6655014118323386,Medium,0.0,1.0,0.0,0.0,0.0,0.0,0.0,0.0
E09000004,London,Bexley,FYE 2010,4.0,2010,Bexley,543,337,502400000.0,627100000.0,1860830.8605341245,0.9925925925925926,0.5326870855562291,Medium,0.0,1.0,0.0,0.0,0.0,0.0,0.0,0.0
E09000005,London,Brent,FYE 2010,11.0,2010,Brent,487,303,517800000.0,628600000.0,2074587.4587458747,0.9925925925925926,0.5938776976289178,Medium,0.0,1.0,0.0,0.0,0.0,0.0,0.0,0.0
E09000006,London,Bromley,FYE 2010,4.0,2010,Bromley,901,560,699700000.0,858000000.0,1532142.857142857,0.9925925925925926,0.43859586087956304,Medium,0.0,1.0,0.0,0.0,0.0,0.0,0.0,0.0
E09000007,London,Camden,FYE 2010,17.0,2010,Camden,287,178,248200000.0,333200000.0,1871910.1123595505,0.9925925925925926,0.5358586657842869,Medium,0.0,1.0,0.0,0.0,0.0,0.0,0.0,0.0
E09000001,London,City of London,FYE 2010,14.0,2010,City of London,59,37,73900000.0,104100000.0,2813513.5135135134,0.9925925925925926,0.8054049110387138,High,0.0,1.0,0.0,0.0,0.0,0.0,0.0,0.0
E09000008,London,Croydon,FYE 2010,9.0,2010,Croydon,777,483,670800000.0,820000000.0,1697722.5672877848,0.9925925925925926,0.4859952108661758,Medium,0.0,1.0,0.0,0.0,0.0,0.0,0.0,0.0
E09000009,London,Ealing,FYE 2010,7.0,2010,Ealing,589,366,673400000.0,827800000.0,2261748.6338797812,0.9925925925925926,0.6474550232342889,Medium,0.0,1.0,0.0,0.0,0.0,0.0,0.0,0.0
E09000010,London,Enfield,FYE 2010,6.0,2010,Enfield,644,400,832800000.0,1042800000.0,2607000.0,0.9925925925925926,0.7462877263581489,High,0.0,1.0,0.0,0.0,0.0,0.0,0.0,0.0
E09000011,London,Greenwich,FYE 2010,5.0,2010,Greenwich,506,314,575700000.0,737700000.0,2349363.0573248407,0.9925925925925926,0.6725357938016052,Medium,0.0,1.0,0.0,0.0,0.0,0.0,0.0,0.0
E09000012,London,Hackney,FYE 2010,12.0,2010,Hackney,279,173,237600000.0,317500000.0,1835260.1156069364,0.9925925925925926,0.5253671265639026,Medium,0.0,1.0,0.0,0.0,0.0,0.0,0.0,0.0
E09000013,London,Hammersmith and Fulham,FYE 2010,12.0,2010,Hammersmith and Fulham,224,139,261900000.0,346700000.0,2494244.6043165466,0.9925925925925926,0.7140100248317899,High,0.0,1.0,0.0,0.0,0.0,0.0,0.0,0.0
E09000014,London,Haringey,FYE 2010,13.0,2010,Haringey,357,222,264400000.0,340900000.0,1535585.5855855856,0.9925925925925926,0.4395813867644853,Medium,0.0,1.0,0.0,0.0,0.0,0.0,0.0,0.0
E09000015,London,Harrow,FYE 2010,7.0,2010,Harrow,477,296,334500000.0,399600000.0,1350000.0,0.9925925925925926,0.3864550942015731,Low,0.0,1.0,0.0,0.0,0.0,0.0,0.0,0.0
E09000016,London,Havering,FYE 2010,4.0,2010,Havering,651,405,781300000.0,991500000.0,2448148.1481481483,0.9925925925925926,0.7008143134903698,Medium,0.0,1.0,0.0,0.0,0.0,0.0,0.0,0.0
E09000017,London,Hillingdon,FYE 2010,4.0,2010,Hillingdon,739,459,1179600000.0,1438300000.0,3133551.1982570807,0.9925925925925926,0.8970198692651055,High,0.0,1.0,0.0,0.0,0.0,0.0,0.0,0.0
E09000018,London,Hounslow,FYE 2010,9.0,2010,Hounslow,505,314,849700000.0,1017800000.0,3241401.27388535,0.9925925925925926,0.9278933589958978,High,0.0,1.0,0.0,0.0,0.0,0.0,0.0,0.0
E09000019,London,Islington,FYE 2010,13.0,2010,Islington,244,152,188700000.0,260600000.0,1714473.6842105263,0.9925925925925926,0.49079043639829406,Medium,0.0,1.0,0.0,0.0,0.0,0.0,0.0,0.0
E09000020,London,Kensington and Chelsea,FYE 2010,12.0,2010,Kensington and Chelsea,208,129,243700000.0,327300000.0,2537209.302325581,0.9925925925925926,0.7263092295846962,High,0.0,1.0,0.0,0.0,0.0,0.0,0.0,0.0
E09000021,London,Kingston upon Thames,FYE 2010,5.0,2010,Kingston upon Thames,344,214,561200000.0,667500000.0,3119158.878504673,0.9925925925925926,0.89289988016459,High,0.0,1.0,0.0,0.0,0.0,0.0,0.0,0.0
E09000022,London,Lambeth,FYE 2010,8.0,2010,Lambeth,375,233,359300000.0,484600000.0,2079828.3261802576,0.9925925925925926,0.5953779642348825,Medium,0.0,1.0,0.0,0.0,0.0,0.0,0.0,0.0
E09000023,London,Lewisham,FYE 2010,9.0,2010,Lewisham,447,278,376800000.0,486300000.0,1749280.5755395684,0.9925925925925926,0.5007543626704636,Medium,0.0,1.0,0.0,0.0,0.0,0.0,0.0,0.0
E09000024,London,Merton,FYE 2010,8.0,2010,Merton,375,233,341500000.0,421200000.0,1807725.321888412,0.9925925925925926,0.517484933008115,Medium,0.0,1.0,0.0,0.0,0.0,0.0,0.0,0.0
E09000025,London,Newham,FYE 2010,10.0,2010,Newham,418,260,471100000.0,584900000.0,2249615.3846153845,0.9925925925925926,0.6439817225028492,Medium,0.0,1.0,0.0,0.0,0.0,0.0,0.0,0.0
E09000026,London,Redbridge,FYE 2010,4.0,2010,Redbridge,537,334,565100000.0,686600000.0,2055688.622754491,0.9925925925925926,0.5884676595227325,Medium,0.0,1.0,0.0,0.0,0.0,0.0,0.0,0.0
E09000027,London,Richmond upon Thames,FYE 2010,7.0,2010,Richmond upon Thames,415,258,443300000.0,535500000.0,2075581.3953488371,0.9925925925925926,0.5941622249352351,Medium,0.0,1.0,0.0,0.0,0.0,0.0,0.0,0.0
E09000028,London,Southwark,FYE 2010,11.0,2010,Southwark,398,247,354400000.0,479400000.0,1940890.6882591094,0.9925925925925926,0.5556052546415778,Medium,0.0,1.0,0.0,0.0,0.0,0.0,0.0,0.0
E09000029,London,Sutton,FYE 2010,7.0,2010,Sutton,430,267,361600000.0,441700000.0,1654307.116104869,0.9925925925925926,0.47356697214269616,Medium,0.0,1.0,0.0,0.0,0.0,0.0,0.0,0.0
E09000030,London,Tower Hamlets,FYE 2010,14.0,2010,Tower Hamlets,302,188,456400000.0,594000000.0,3159574.4680851065,0.9925925925925926,0.904469369407937,High,0.0,1.0,0.0,0.0,0.0,0.0,0.0,0.0
E09000031,London,Waltham Forest,FYE 2010,8.0,2010,Waltham Forest,431,268,383500000.0,477900000.0,1783208.9552238807,0.9925925925925926,0.5104668035349137,Medium,0.0,1.0,0.0,0.0,0.0,0.0,0.0,0.0
E09000032,London,Wandsworth,FYE 2010,8.0,2010,Wandsworth,431,268,409900000.0,521400000.0,1945522.3880597015,0.9925925925925926,0.5569311390732454,Medium,0.0,1.0,0.0,0.0,0.0,0.0,0.0,0.0
E09000033,London,Westminster,FYE 2010,16.0,2010,Westminster,343,213,396400000.0,548700000.0,2576056.3380281692,0.9925925925925926,0.7374296998379523,High,0.0,1.0,0.0,0.0,0.0,0.0,0.0,0.0
E06000036,South East,Bracknell Forest,FYE 2010,6.0,2010,Bracknell Forest,456,283,358400000.0,426700000.0,1507773.851590106,0.9925925925925926,0.43161991544512823,Medium,0.0,0.0,0.0,0.0,1.0,0.0,0.0,0.0
E06000043,South East,Brighton and Hove,FYE 2010,11.0,2010,Brighton and Hove,622,386,617100000.0,763200000.0,1977202.0725388601,0.9925925925925926,0.5659998616285561,Medium,0.0,0.0,0.0,0.0,1.0,0.0,0.0,0.0
E06000060,South East,Buckinghamshire,FYE 2010,7.0,2010,Buckinghamshire,3243,2015,2982500000.0,3670300000.0,1821488.8337468982,0.9925925925925926,0.5214249176539044,Medium,0.0,0.0,0.0,0.0,1.0,0.0,0.0,0.0
E10000011,South East,East Sussex,FYE 2010,10.0,2010,East Sussex,3407,2117,1979600000.0,2474500000.0,1168871.0439300898,0.9925925925925926,0.3346045699196251,Low,0.0,0.0,0.0,0.0,1.0,0.0,0.0,0.0
E10000014,South East,Hampshire,FYE 2010,5.0,2010,Hampshire,8862,5507,7193700000.0,8883600000.0,1613146.9039404395,0.9925925925925926,0.4617843249802063,Medium,0.0,0.0,0.0,0.0,1.0,0.0,0.0,0.0
E06000046,South East,Isle of Wight,FYE 2010,17.0,2010,Isle of Wight,878,546,309800000.0,385700000.0,706410.2564102564,0.9925925925925926,0.20221914235998742,Low,0.0,0.0,0.0,0.0,1.0,0.0,0.0,0.0
E10000016,South East,Kent,FYE 2010,6.0,2010,Kent,9074,5638,6651500000.0,8551300000.0,1516725.789286981,0.9925925925925926,0.43418252427915227,Medium,0.0,0.0,0.0,0.0,1.0,0.0,0.0,0.0
E06000035,South East,Medway,FYE 2010,4.0,2010,Medway,844,524,646400000.0,803800000.0,1533969.4656488548,0.9925925925925926,0.43911875137012213,Medium,0.0,0.0,0.0,0.0,1.0,0.0,0.0,0.0
E06000042,South East,Milton Keynes,FYE 2010,2.0,2010,Milton Keynes,1212,753,1090600000.0,1358200000.0,1803718.4594953519,0.9925925925925926,0.5163379164276981,Medium,0.0,0.0,0.0,0.0,1.0,0.0,0.0,0.0
E10000025,South East,Oxfordshire,FYE 2010,5.0,2010,Oxfordshire,4667,2900,3559000000.0,4455600000.0,1536413.7931034483,0.9925925925925926,0.4398184719602884,Medium,0.0,0.0,0.0,0.0,1.0,0.0,0.0,0.0
E06000044,South East,Portsmouth,FYE 2010,4.0,2010,Portsmouth,454,282,587400000.0,717200000.0,2543262.4113475177,0.9925925925925926,0.7280420109308332,High,0.0,0.0,0.0,0.0,1.0,0.0,0.0,0.0
E06000038,South East,Reading,FYE 2010,14.0,2010,Reading,393,244,294500000.0,353600000.0,1449180.3278688525,0.9925925925925926,0.4148467556456474,Low,0.0,0.0,0.0,0.0,1.0,0.0,0.0,0.0
E06000039,South East,Slough,FYE 2010,10.0,2010,Slough,311,193,406400000.0,493300000.0,2555958.549222798,0.9925925925925926,0.7316764458631203,High,0.0,0.0,0.0,0.0,1.0,0.0,0.0,0.0
E06000045,South East,Southampton,FYE 2010,8.0,2010,Southampton,577,359,484600000.0,593000000.0,1651810.5849582173,0.9925925925925926,0.47285230756532104,Medium,0.0,0.0,0.0,0.0,1.0,0.0,0.0,0.0
E10000030,South East,Surrey,FYE 2010,8.0,2010,Surrey,5533,3438,6554700000.0,8105300000.0,2357562.536358348,0.9925925925925926,0.6748830015366407,Medium,0.0,0.0,0.0,0.0,1.0,0.0,0.0,0.0
E06000037,South East,West Berkshire,FYE 2010,5.0,2010,West Berkshire,1419,882,1435300000.0,1794000000.0,2034013.6054421768,0.9925925925925926,0.5822629033321761,Medium,0.0,0.0,0.0,0.0,1.0,0.0,0.0,0.0
E10000032,South East,West Sussex,FYE 2010,2.0,2010,West Sussex,4167,2589,3383400000.0,4148600000.0,1602394.7470065663,0.9925925925925926,0.45870637992779884,Medium,0.0,0.0,0.0,0.0,1.0,0.0,0.0,0.0
E06000040,South East,Windsor and Maidenhead,FYE 2010,11.0,2010,Windsor and Maidenhead,693,431,924200000.0,1110000000.0,2575406.0324825984,0.9925925925925926,0.7372435414002683,High,0.0,0.0,0.0,0.0,1.0,0.0,0.0,0.0
E06000041,South East,Wokingham,FYE 2010,6.0,2010,Wokingham,741,460,828900000.0,993700000.0,2160217.3913043477,0.9925925925925926,0.6183903818165912,Medium,0.0,0.0,0.0,0.0,1.0,0.0,0.0,0.0
E06000022,South West,Bath and North East Somerset,FYE 2010,6.0,2010,Bath and North East Somerset,1062,660,580000000.0,713100000.0,1080454.5454545454,0.9925925925925926,0.30929419492159566,Low,0.0,0.0,0.0,0.0,0.0,1.0,0.0,0.0
E06000028,South West,Bournemouth,FYE 2010,6.0,2010,Bournemouth,509,316,427300000.0,517700000.0,1638291.1392405063,0.9925925925925926,0.46898219003317954,Medium,0.0,0.0,0.0,0.0,0.0,1.0,0.0,0.0
E06000023,South West,"Bristol, City of",FYE 2010,7.0,2010,"Bristol, City of",1141,709,1145900000.0,1413400000.0,1993511.9887165022,0.9925925925925926,0.5706687876973342,Medium,0.0,0.0,0.0,0.0,0.0,1.0,0.0,0.0
E06000052,South West,Cornwall,FYE 2010,3.0,2010,Cornwall excluding Isles of Scilly,7356,4571,2401400000.0,3058100000.0,669022.0958214833,0.9925925925925926,0.19151629412120383,Low,0.0,0.0,0.0,0.0,0.0,1.0,0.0,0.0
E10000008,South West,Devon,FYE 2010,5.0,2010,Devon,13026,8094,3956300000.0,4992500000.0,616814.9246355325,0.9925925925925926,0.17657131096663772,Low,0.0,0.0,0.0,0.0,0.0,1.0,0.0,0.0
E10000013,South West,Gloucestershire,FYE 2010,3.0,2010,Gloucestershire,5537,3441,3149200000.0,3978100000.0,1156088.3464109271,0.9925925925925926,0.33094535616116716,Low,0.0,0.0,0.0,0.0,0.0,1.0,0.0,0.0
E06000024,South West,North Somerset,FYE 2010,4.0,2010,North Somerset,1151,715,1151600000.0,1421100000.0,1987552.4475524474,0.9925925925925926,0.5689627913699616,Medium,0.0,0.0,0.0,0.0,0.0,1.0,0.0,0.0
E06000026,South West,Plymouth,FYE 2010,6.0,2010,Plymouth,806,501,724600000.0,890900000.0,1778243.512974052,0.9925925925925926,0.5090453809775729,Medium,0.0,0.0,0.0,0.0,0.0,1.0,0.0,0.0
E06000029,South West,Poole,FYE 2010,4.0,2010,Poole,527,327,440500000.0,542600000.0,1659327.2171253823,0.9925925925925926,0.475004041485499,Medium,0.0,0.0,0.0,0.0,0.0,1.0,0.0,0.0
E06000066,South West,Somerset,FYE 2010,5.0,2010,Somerset,6765,4204,3156200000.0,3996300000.0,950594.6717411989,0.9925925925925926,0.2721201136409322,Low,0.0,0.0,0.0,0.0,0.0,1.0,0.0,0.0
E06000025,South West,South Gloucestershire,FYE 2010,3.0,2010,South Gloucestershire,1520,944,1886000000.0,2363100000.0,2503283.8983050846,0.9925925925925926,0.7165976405427944,High,0.0,0.0,0.0,0.0,0.0,1.0,0.0,0.0
E06000030,South West,Swindon,FYE 2010,2.0,2010,Swindon,887,551,976200000.0,1215200000.0,2205444.6460980037,0.9925925925925926,0.6313372729364141,Medium,0.0,0.0,0.0,0.0,0.0,1.0,0.0,0.0
E06000027,South West,Torbay,FYE 2010,9.0,2010,Torbay,520,323,333300000.0,407700000.0,1262229.1021671826,0.9925925925925926,0.3613295308014708,Low,0.0,0.0,0.0,0.0,0.0,1.0,0.0,0.0
E06000054,South West,Wiltshire,FYE 2010,6.0,2010,Wiltshire,4739,2945,2766700000.0,3461500000.0,1175382.0033955858,0.9925925925925926,0.33646841692227764,Low,0.0,0.0,0.0,0.0,0.0,1.0,0.0,0.0
E06000047,North East,County Durham,FYE 2011,5.0,2011,Durham,3668,2279,1839500000.0,2365300000.0,1037867.4857393594,0.9930864197530864,0.2971030940519659,Low,0.0,0.0,1.0,0.0,0.0,0.0,0.0,0.0
E06000005,North East,Darlington,FYE 2011,6.0,2011,Darlington,546,339,379500000.0,478300000.0,1410914.454277286,0.9930864197530864,0.40389265062080715,Low,0.0,0.0,1.0,0.0,0.0,0.0,0.0,0.0
E08000037,North East,Gateshead,FYE 2011,6.0,2011,Gateshead,902,560,830400000.0,1024300000.0,1829107.142857143,0.9930864197530864,0.5236057579241684,Medium,0.0,0.0,1.0,0.0,0.0,0.0,0.0,0.0
E06000001,North East,Hartlepool,FYE 2011,2.0,2011,Hartlepool,401,249,282500000.0,350200000.0,1406425.7028112449,0.9930864197530864,0.4026076870129135,Low,0.0,0.0,1.0,0.0,0.0,0.0,0.0,0.0
E06000002,North East,Middlesbrough,FYE 2011,1.0,2011,Middlesbrough,511,318,549800000.0,666600000.0,2096226.4150943395,0.9930864197530864,0.6000721308985991,Medium,0.0,0.0,1.0,0.0,0.0,0.0,0.0,0.0
E08000021,North East,Newcastle upon Tyne,FYE 2011,4.0,2011,Newcastle upon Tyne,969,602,859600000.0,1034800000.0,1718936.8770764119,0.9930864197530864,0.4920680835237945,Medium,0.0,0.0,1.0,0.0,0.0,0.0,0.0,0.0
E06000057,North East,Northumberland,FYE 2011,4.0,2011,Northumberland,5164,3209,1324200000.0,1678200000.0,522966.6562792147,0.9930864197530864,0.14970602104938194,Low,0.0,0.0,1.0,0.0,0.0,0.0,0.0,0.0
E06000003,North East,Redcar and Cleveland,FYE 2011,2.0,2011,Redcar and Cleveland,673,418,432600000.0,523800000.0,1253110.04784689,0.9930864197530864,0.35871908265600566,Low,0.0,0.0,1.0,0.0,0.0,0.0,0.0,0.0
E08000023,North East,South Tyneside,FYE 2011,4.0,2011,South Tyneside,553,344,359700000.0,437500000.0,1271802.3255813953,0.9930864197530864,0.36406999076913915,Low,0.0,0.0,1.0,0.0,0.0,0.0,0.0,0.0
E06000004,North East,Stockton-on-Tees,FYE 2011,4.0,2011,Stockton-on-Tees,853,530,659600000.0,816400000.0,1540377.358490566,0.9930864197530864,0.44095309420847556,Medium,0.0,0.0,1.0,0.0,0.0,0.0,0.0,0.0
E08000024,North East,Sunderland,FYE 2011,3.0,2011,Sunderland,1135,705,812100000.0,995100000.0,1411489.3617021276,0.9930864197530864,0.40405722536378813,Low,0.0,0.0,1.0,0.0,0.0,0.0,0.0,0.0
E06000008,North West,Blackburn with Darwen,FYE 2011,4.0,2011,Blackburn with Darwen,548,341,349600000.0,426600000.0,1251026.392961877,0.9930864197530864,0.3581226092894343,Low,0.0,0.0,0.0,1.0,0.0,0.0,0.0,0.0
E06000009,North West,Blackpool,FYE 2011,6.0,2011,Blackpool,456,283,279300000.0,333700000.0,1179151.9434628976,0.9930864197530864,0.33754761139920153,Low,0.0,0.0,0.0,1.0,0.0,0.0,0.0,0.0
E08000001,North West,Bolton,FYE 2011,6.0,2011,Bolton,989,615,1001200000.0,1233700000.0,2006016.2601626017,0.9930864197530864,0.5742482983637226,Medium,0.0,0.0,0.0,1.0,0.0,0.0,0.0,0.0
E08000002,North West,Bury,FYE 2011,7.0,2011,Bury,686,426,794500000.0,999900000.0,2347183.0985915493,0.9930864197530864,0.671911752203361,Medium,0.0,0.0,0.0,1.0,0.0,0.0,0.0,0.0
E06000049,North West,Cheshire East,FYE 2011,5.0,2011,East Cheshire,2853,1773,2172200000.0,2738600000.0,1544613.6491821771,0.9930864197530864,0.4421657876294324,Medium,0.0,0.0,0.0,1.0,0.0,0.0,0.0,0.0
E06000050,North West,Cheshire West and Chester,FYE 2011,3.0,2011,West Cheshire,2395,1488,1919700000.0,2380200000.0,1599596.7741935484,0.9930864197530864,0.4579054237448149,Medium,0.0,0.0,0.0,1.0,0.0,0.0,0.0,0.0
E10000006,North West,Cumbria,FYE 2011,6.0,2011,Cumbria,8099,5032,2519700000.0,3342000000.0,664149.4435612083,0.9930864197530864,0.19012143390768083,Low,0.0,0.0,0.0,1.0,0.0,0.0,0.0,0.0
E06000006,North West,Halton,FYE 2011,1.0,2011,Halton,576,358,489000000.0,604900000.0,1689664.8044692737,0.9930864197530864,0.4836885712446338,Medium,0.0,0.0,0.0,1.0,0.0,0.0,0.0,0.0
E08000012,North West,Liverpool,FYE 2011,11.0,2011,Liverpool,1431,889,1058500000.0,1299000000.0,1461192.3509561305,0.9930864197530864,0.41828535380397736,Low,0.0,0.0,0.0,1.0,0.0,0.0,0.0,0.0
E08000003,North West,Manchester,FYE 2011,6.0,2011,Manchester,1370,851,1329400000.0,1601700000.0,1882138.6603995299,0.9930864197530864,0.5387867209667576,Medium,0.0,0.0,0.0,1.0,0.0,0.0,0.0,0.0
E08000004,North West,Oldham,FYE 2011,14.0,2011,Oldham,823,511,521100000.0,646400000.0,1264970.6457925637,0.9930864197530864,0.3621143333940666,Low,0.0,0.0,0.0,1.0,0.0,0.0,0.0,0.0
E08000014,North West,Sefton,FYE 2011,5.0,2011,Sefton,988,614,556500000.0,682200000.0,1111074.9185667753,0.9930864197530864,0.3180596757923913,Low,0.0,0.0,0.0,1.0,0.0,0.0,0.0,0.0
E08000007,North West,Stockport,FYE 2011,5.0,2011,Stockport,992,616,925800000.0,1121700000.0,1820941.5584415584,0.9930864197530864,0.5212682529652531,Medium,0.0,0.0,0.0,1.0,0.0,0.0,0.0,0.0
E08000008,North West,Tameside,FYE 2011,6.0,2011,Tameside,768,477,574200000.0,713900000.0,1496645.7023060797,0.9930864197530864,0.4284343376822782,Medium,0.0,0.0,0.0,1.0,0.0,0.0,0.0,0.0
E08000009,North West,Trafford,FYE 2011,9.0,2011,Trafford,803,499,749400000.0,912600000.0,1828857.7154308618,0.9930864197530864,0.5235343560726722,Medium,0.0,0.0,0.0,1.0,0.0,0.0,0.0,0.0
E06000007,North West,Warrington,FYE 2011,6.0,2011,Warrington,985,612,1214600000.0,1553600000.0,2538562.091503268,0.9930864197530864,0.7266964831173613,High,0.0,0.0,0.0,1.0,0.0,0.0,0.0,0.0
E08000010,North West,Wigan,FYE 2011,3.0,2011,Wigan,1156,718,933700000.0,1176800000.0,1638997.2144846797,0.9930864197530864,0.4691843132739206,Medium,0.0,0.0,0.0,1.0,0.0,0.0,0.0,0.0
E08000015,North West,Wirral,FYE 2011,4.0,2011,Wirral,1210,752,844300000.0,1024400000.0,1362234.0425531915,0.9930864197530864,0.38995724832554324,Low,0.0,0.0,0.0,1.0,0.0,0.0,0.0,0.0
E08000016,Yorkshire and the Humber,Barnsley,FYE 2011,6.0,2011,Barnsley,1208,751,920200000.0,1181500000.0,1573235.68575233,0.9930864197530864,0.45035921862125416,Medium,0.0,0.0,0.0,0.0,0.0,0.0,0.0,1.0
E08000032,Yorkshire and the Humber,Bradford,FYE 2011,5.0,2011,Bradford,1940,1205,1216900000.0,1496700000.0,1242074.6887966804,0.9930864197530864,0.3555600673068968,Low,0.0,0.0,0.0,0.0,0.0,0.0,0.0,1.0
E08000033,Yorkshire and the Humber,Calderdale,FYE 2011,2.0,2011,Calderdale,1181,734,707800000.0,919300000.0,1252452.3160762943,0.9930864197530864,0.3585307983646242,Low,0.0,0.0,0.0,0.0,0.0,0.0,0.0,1.0
E08000017,Yorkshire and the Humber,Doncaster,FYE 2011,4.0,2011,Doncaster,1666,1035,1372600000.0,1839300000.0,1777101.4492753623,0.9930864197530864,0.5087184503596016,Medium,0.0,0.0,0.0,0.0,0.0,0.0,0.0,1.0
E06000011,Yorkshire and the Humber,East Riding of Yorkshire,FYE 2011,4.0,2011,East Riding of Yorkshire,3439,2137,1581900000.0,2052800000.0,960598.9705194198,0.9930864197530864,0.27498397454964185,Low,0.0,0.0,0.0,0.0,0.0,0.0,0.0,1.0
E06000010,Yorkshire and the Humber,"Kingston upon Hull, City of",FYE 2011,5.0,2011,"Kingston upon Hull, City of",743,462,556800000.0,704100000.0,1524025.974025974,0.9930864197530864,0.43627229730211253,Medium,0.0,0.0,0.0,0.0,0.0,0.0,0.0,1.0
E08000034,Yorkshire and the Humber,Kirklees,FYE 2011,7.0,2011,Kirklees,1914,1189,1255100000.0,1624400000.0,1366190.0756938604,0.9930864197530864,0.39108971437001855,Low,0.0,0.0,0.0,0.0,0.0,0.0,0.0,1.0
E08000035,Yorkshire and the Humber,Leeds,FYE 2011,5.0,2011,Leeds,3006,1868,2985200000.0,3774800000.0,2020770.8779443256,0.9930864197530864,0.5784719999968666,Medium,0.0,0.0,0.0,0.0,0.0,0.0,0.0,1.0
E06000012,Yorkshire and the Humber,North East Lincolnshire,FYE 2011,3.0,2011,North East Lincolnshire,638,396,459600000.0,580600000.0,1466161.616161616,0.9930864197530864,0.4197078707321985,Low,0.0,0.0,0.0,0.0,0.0,0.0,0.0,1.0
E06000013,Yorkshire and the Humber,North Lincolnshire,FYE 2011,5.0,2011,North Lincolnshire,1415,879,726400000.0,1005300000.0,1143686.0068259386,0.9930864197530864,0.3273950248184734,Low,0.0,0.0,0.0,0.0,0.0,0.0,0.0,1.0
E06000065,Yorkshire and the Humber,North Yorkshire,FYE 2011,3.0,2011,North Yorkshire,9286,5770,3760100000.0,4927700000.0,854020.7972270364,0.9930864197530864,0.24447458343887177,Low,0.0,0.0,0.0,0.0,0.0,0.0,0.0,1.0
E08000018,Yorkshire and the Humber,Rotherham,FYE 2011,4.0,2011,Rotherham,1205,749,1111400000.0,1449100000.0,1934712.950600801,0.9930864197530864,0.5538367967240266,Medium,0.0,0.0,0.0,0.0,0.0,0.0,0.0,1.0
E06000014,Yorkshire and the Humber,York,FYE 2011,3.0,2011,York,798,496,595300000.0,734100000.0,1480040.322580645,0.9930864197530864,0.42368083132224427,Medium,0.0,0.0,0.0,0.0,0.0,0.0,0.0,1.0
E10000007,East Midlands,Derbyshire,FYE 2011,5.0,2011,Derbyshire,5627,3496,3780500000.0,4813200000.0,1376773.4553775743,0.9930864197530864,0.3941193447349376,Low,0.0,0.0,0.0,0.0,0.0,0.0,0.0,0.0
E06000016,East Midlands,Leicester,FYE 2011,7.0,2011,Leicester,819,509,731100000.0,888200000.0,1744990.1768172889,0.9930864197530864,0.4995261801205519,Medium,0.0,0.0,0.0,0.0,0.0,0.0,0.0,0.0
E10000018,East Midlands,Leicestershire,FYE 2011,2.0,2011,Leicestershire,4534,2817,3527700000.0,4570900000.0,1622612.7085552006,0.9930864197530864,0.46449403491657015,Medium,0.0,0.0,0.0,0.0,0.0,0.0,0.0,0.0
E10000019,East Midlands,Lincolnshire,FYE 2011,3.0,2011,Lincolnshire,8880,5518,2797600000.0,3687600000.0,668285.6107285249,0.9930864197530864,0.19130546566492435,Low,0.0,0.0,0.0,0.0,0.0,0.0,0.0,0.0
E10000021,East Midlands,Northamptonshire,FYE 2011,5.0,2011,Northamptonshire,4522,2810,3955100000.0,5112600000.0,1819430.6049822064,0.9930864197530864,0.5208357228456472,Medium,0.0,0.0,0.0,0.0,0.0,0.0,0.0,0.0
E06000018,East Midlands,Nottingham,FYE 2011,10.0,2011,Nottingham,797,495,777000000.0,962000000.0,1943434.3434343433,0.9930864197530864,0.55633340908629,Medium,0.0,0.0,0.0,0.0,0.0,0.0,0.0,0.0
E10000024,East Midlands,Nottinghamshire,FYE 2011,2.0,2011,Nottinghamshire,4822,2996,3390300000.0,4355900000.0,1453905.2069425902,0.9930864197530864,0.4161993138586343,Low,0.0,0.0,0.0,0.0,0.0,0.0,0.0,0.0
E08000025,West Midlands,Birmingham,FYE 2011,11.0,2011,Birmingham,2527,1570,2861700000.0,3500800000.0,2229808.9171974524,0.9930864197530864,0.6383118630718883,Medium,0.0,0.0,0.0,0.0,0.0,0.0,1.0,0.0
E08000026,West Midlands,Coventry,FYE 2011,3.0,2011,Coventry,872,542,926800000.0,1117600000.0,2061992.6199261993,0.9930864197530864,0.5902722608715021,Medium,0.0,0.0,0.0,0.0,0.0,0.0,1.0,0.0
E08000027,West Midlands,Dudley,FYE 2011,8.0,2011,Dudley,1021,634,813300000.0,1015800000.0,1602208.2018927445,0.9930864197530864,0.458652978957773,Medium,0.0,0.0,0.0,0.0,0.0,0.0,1.0,0.0
E06000019,West Midlands,"Herefordshire, County of",FYE 2011,9.0,2011,"Herefordshire, County of",3341,2076,849600000.0,1121000000.0,539980.7321772639,0.9930864197530864,0.15457652201525848,Low,0.0,0.0,0.0,0.0,0.0,0.0,1.0,0.0
E08000028,West Midlands,Sandwell,FYE 2011,5.0,2011,Sandwell,890,553,922000000.0,1193100000.0,2157504.52079566,0.9930864197530864,0.6176137872773382,Medium,0.0,0.0,0.0,0.0,0.0,0.0,1.0,0.0
E06000051,West Midlands,Shropshire,FYE 2011,6.0,2011,Shropshire,5198,3230,1439400000.0,1874900000.0,580464.3962848297,0.9930864197530864,0.1661654984791949,Low,0.0,0.0,0.0,0.0,0.0,0.0,1.0,0.0
E08000029,West Midlands,Solihull,FYE 2011,4.0,2011,Solihull,867,539,1154200000.0,1409800000.0,2615584.4155844157,0.9930864197530864,0.7487451271976606,High,0.0,0.0,0.0,0.0,0.0,0.0,1.0,0.0
E10000028,West Midlands,Staffordshire,FYE 2011,4.0,2011,Staffordshire,6303,3917,4377400000.0,5635400000.0,1438703.0890988002,0.9930864197530864,0.41184750950057114,Low,0.0,0.0,0.0,0.0,0.0,0.0,1.0,0.0
E06000021,West Midlands,Stoke-on-Trent,FYE 2011,7.0,2011,Stoke-on-Trent,871,541,686300000.0,842800000.0,1557855.8225508318,0.9930864197530864,0.4459565323380376,Medium,0.0,0.0,0.0,0.0,0.0,0.0,1.0,0.0
E06000020,West Midlands,Telford and Wrekin,FYE 2011,1.0,2011,Telford and Wrekin,1029,639,661400000.0,820500000.0,1284037.558685446,0.9930864197530864,0.36757248570380885,Low,0.0,0.0,0.0,0.0,0.0,0.0,1.0,0.0
E10000031,West Midlands,Warwickshire,FYE 2011,4.0,2011,Warwickshire,4128,2565,4334200000.0,5502900000.0,2145380.1169590643,0.9930864197530864,0.6141430186648867,Medium,0.0,0.0,0.0,0.0,0.0,0.0,1.0,0.0
E08000031,West Midlands,Wolverhampton,FYE 2011,5.0,2011,Wolverhampton,765,475,560700000.0,695700000.0,1464631.5789473683,0.9930864197530864,0.41926987763903995,Low,0.0,0.0,0.0,0.0,0.0,0.0,1.0,0.0
E10000034,West Midlands,Worcestershire,FYE 2011,4.0,2011,Worcestershire,4175,2594,3282200000.0,4124200000.0,1589899.7686969931,0.9930864197530864,0.45512952954285607,Medium,0.0,0.0,0.0,0.0,0.0,0.0,1.0,0.0
E06000055,East of England,Bedford,FYE 2011,4.0,2011,Bedford,889,552,553000000.0,694000000.0,1257246.3768115942,0.9930864197530864,0.35990316072986006,Low,1.0,0.0,0.0,0.0,0.0,0.0,0.0,0.0
E10000003,East of England,Cambridgeshire,FYE 2011,4.0,2011,Cambridgeshire,4716,2930,3406400000.0,4460000000.0,1522184.300341297,0.9930864197530864,0.43574509420781593,Medium,1.0,0.0,0.0,0.0,0.0,0.0,0.0,0.0
E06000056,East of England,Central Bedfordshire,FYE 2011,3.0,2011,Central Bedfordshire,1458,906,1349200000.0,1758200000.0,1940618.1015452538,0.9930864197530864,0.5555272231421844,Medium,1.0,0.0,0.0,0.0,0.0,0.0,0.0,0.0
E10000012,East of England,Essex,FYE 2011,3.0,2011,Essex,8201,5096,6680200000.0,8549300000.0,1677649.136577708,0.9930864197530864,0.4802489297135747,Medium,1.0,0.0,0.0,0.0,0.0,0.0,0.0,0.0
E10000015,East of England,Hertfordshire,FYE 2011,8.0,2011,Hertfordshire,4919,3057,5451700000.0,6826800000.0,2233169.7742885184,0.9930864197530864,0.639273952215389,Medium,1.0,0.0,0.0,0.0,0.0,0.0,0.0,0.0
E06000032,East of England,Luton,FYE 2011,5.0,2011,Luton,463,288,390100000.0,476900000.0,1655902.7777777778,0.9930864197530864,0.47402375109241307,Medium,1.0,0.0,0.0,0.0,0.0,0.0,0.0,0.0
E10000020,East of England,Norfolk,FYE 2011,4.0,2011,Norfolk,10068,6256,3822700000.0,4858900000.0,776678.388746803,0.9930864197530864,0.22233431102775686,Low,1.0,0.0,0.0,0.0,0.0,0.0,0.0,0.0
E06000031,East of England,Peterborough,FYE 2011,2.0,2011,Peterborough,924,574,843900000.0,1055100000.0,1838153.3101045296,0.9930864197530864,0.5261953411950958,Medium,1.0,0.0,0.0,0.0,0.0,0.0,0.0,0.0
E10000029,East of England,Suffolk,FYE 2011,4.0,2011,Suffolk,6971,4332,2759600000.0,3617600000.0,835087.7192982456,0.9930864197530864,0.23905474313183728,Low,1.0,0.0,0.0,0.0,0.0,0.0,0.0,0.0
E06000034,East of England,Thurrock,FYE 2011,4.0,2011,Thurrock,573,356,749300000.0,993000000.0,2789325.842696629,0.9930864197530864,0.7984808750357096,High,1.0,0.0,0.0,0.0,0.0,0.0,0.0,0.0
E09000002,London,Barking and Dagenham,FYE 2011,5.0,2011,Barking and Dagenham,332,206,313100000.0,395600000.0,1920388.349514563,0.9930864197530864,0.5497361929742621,Medium,0.0,1.0,0.0,0.0,0.0,0.0,0.0,0.0
E09000003,London,Barnet,FYE 2011,4.0,2011,Barnet,765,475,865700000.0,1053900000.0,2218736.8421052634,0.9930864197530864,0.6351423372772521,Medium,0.0,1.0,0.0,0.0,0.0,0.0,0.0,0.0
E09000004,London,Bexley,FYE 2011,3.0,2011,Bexley,544,338,493700000.0,611100000.0,1807988.1656804734,0.9930864197530864,0.5175601754691679,Medium,0.0,1.0,0.0,0.0,0.0,0.0,0.0,0.0
E09000005,London,Brent,FYE 2011,9.0,2011,Brent,486,302,495600000.0,610400000.0,2021192.0529801324,0.9930864197530864,0.5785925668399318,Medium,0.0,1.0,0.0,0.0,0.0,0.0,0.0,0.0
E09000006,London,Bromley,FYE 2011,3.0,2011,Bromley,901,560,701900000.0,857300000.0,1530892.857142857,0.9930864197530864,0.43823803208863565,Medium,0.0,1.0,0.0,0.0,0.0,0.0,0.0,0.0
E09000007,London,Camden,FYE 2011,17.0,2011,Camden,285,177,244500000.0,324900000.0,1835593.220338983,0.9930864197530864,0.5254624821347189,Medium,0.0,1.0,0.0,0.0,0.0,0.0,0.0,0.0
E09000001,London,City of London,FYE 2011,12.0,2011,City of London,58,36,72500000.0,102100000.0,2836111.111111111,0.9930864197530864,0.8118737678596833,High,0.0,1.0,0.0,0.0,0.0,0.0,0.0,0.0
E09000008,London,Croydon,FYE 2011,9.0,2011,Croydon,777,483,671300000.0,818600000.0,1694824.016563147,0.9930864197530864,0.48516546294518476,Medium,0.0,1.0,0.0,0.0,0.0,0.0,0.0,0.0
E09000009,London,Ealing,FYE 2011,8.0,2011,Ealing,589,366,666300000.0,826800000.0,2259016.393442623,0.9930864197530864,0.6466728838005679,Medium,0.0,1.0,0.0,0.0,0.0,0.0,0.0,0.0
E09000010,London,Enfield,FYE 2011,6.0,2011,Enfield,643,400,768800000.0,979200000.0,2448000.0,0.9930864197530864,0.7007719041521858,Medium,0.0,1.0,0.0,0.0,0.0,0.0,0.0,0.0
E09000011,London,Greenwich,FYE 2011,5.0,2011,Greenwich,508,316,589100000.0,747900000.0,2366772.1518987343,0.9930864197530864,0.6775193740116187,Medium,0.0,1.0,0.0,0.0,0.0,0.0,0.0,0.0
E09000012,London,Hackney,FYE 2011,9.0,2011,Hackney,276,171,229100000.0,303700000.0,1776023.3918128654,0.9930864197530864,0.5084098423609172,Medium,0.0,1.0,0.0,0.0,0.0,0.0,0.0,0.0
E09000013,London,Hammersmith and Fulham,FYE 2011,9.0,2011,Hammersmith and Fulham,224,139,251700000.0,332000000.0,2388489.2086330936,0.9930864197530864,0.6837361645346244,Medium,0.0,1.0,0.0,0.0,0.0,0.0,0.0,0.0
E09000014,London,Haringey,FYE 2011,11.0,2011,Haringey,356,221,263800000.0,338100000.0,1529864.2533936652,0.9930864197530864,0.4379435808599023,Medium,0.0,1.0,0.0,0.0,0.0,0.0,0.0,0.0
E09000015,London,Harrow,FYE 2011,7.0,2011,Harrow,476,296,338400000.0,402500000.0,1359797.2972972973,0.9930864197530864,0.3892596982385715,Low,0.0,1.0,0.0,0.0,0.0,0.0,0.0,0.0
E09000016,London,Havering,FYE 2011,4.0,2011,Havering,652,405,764700000.0,998100000.0,2464444.4444444445,0.9930864197530864,0.7054793406906084,Medium,0.0,1.0,0.0,0.0,0.0,0.0,0.0,0.0
E09000017,London,Hillingdon,FYE 2011,5.0,2011,Hillingdon,740,460,1174100000.0,1415900000.0,3078043.4782608696,0.9930864197530864,0.8811300609984015,High,0.0,1.0,0.0,0.0,0.0,0.0,0.0,0.0
E09000018,London,Hounslow,FYE 2011,10.0,2011,Hounslow,504,313,848600000.0,1023200000.0,3269009.5846645366,0.9930864197530864,0.9357965977684287,High,0.0,1.0,0.0,0.0,0.0,0.0,0.0,0.0
E09000019,London,Islington,FYE 2011,12.0,2011,Islington,243,151,186700000.0,256400000.0,1698013.2450331126,0.9930864197530864,0.48607842115910393,Medium,0.0,1.0,0.0,0.0,0.0,0.0,0.0,0.0
E09000020,London,Kensington and Chelsea,FYE 2011,9.0,2011,Kensington and Chelsea,207,129,243600000.0,324300000.0,2513953.488372093,0.9930864197530864,0.7196519497534892,High,0.0,1.0,0.0,0.0,0.0,0.0,0.0,0.0
E09000021,London,Kingston upon Thames,FYE 2011,6.0,2011,Kingston upon Thames,344,214,514500000.0,619500000.0,2894859.813084112,0.9930864197530864,0.828691349456125,High,0.0,1.0,0.0,0.0,0.0,0.0,0.0,0.0
E09000022,London,Lambeth,FYE 2011,9.0,2011,Lambeth,375,233,356000000.0,478300000.0,2052789.6995708155,0.9930864197530864,0.5876378049804877,Medium,0.0,1.0,0.0,0.0,0.0,0.0,0.0,0.0
E09000023,London,Lewisham,FYE 2011,9.0,2011,Lewisham,447,278,379200000.0,484600000.0,1743165.4676258992,0.9930864197530864,0.49900383333355264,Medium,0.0,1.0,0.0,0.0,0.0,0.0,0.0,0.0
E09000024,London,Merton,FYE 2011,9.0,2011,Merton,377,234,334500000.0,412600000.0,1763247.8632478632,0.9930864197530864,0.5047526808090188,Medium,0.0,1.0,0.0,0.0,0.0,0.0,0.0,0.0
E09000025,London,Newham,FYE 2011,10.0,2011,Newham,416,258,448500000.0,560300000.0,2171705.426356589,0.9930864197530864,0.6216789815708911,Medium,0.0,1.0,0.0,0.0,0.0,0.0,0.0,0.0
E09000026,London,Redbridge,FYE 2011,4.0,2011,Redbridge,537,334,595800000.0,732300000.0,2192514.97005988,0.9930864197530864,0.6276359846613705,Medium,0.0,1.0,0.0,0.0,0.0,0.0,0.0,0.0
E09000027,London,Richmond upon Thames,FYE 2011,9.0,2011,Richmond upon Thames,415,258,436600000.0,528000000.0,2046511.6279069767,0.9930864197530864,0.5858406251462261,Medium,0.0,1.0,0.0,0.0,0.0,0.0,0.0,0.0
E09000028,London,Southwark,FYE 2011,11.0,2011,Southwark,396,246,350900000.0,472700000.0,1921544.7154471544,0.9930864197530864,0.5500672177930852,Medium,0.0,1.0,0.0,0.0,0.0,0.0,0.0,0.0
E09000029,London,Sutton,FYE 2011,6.0,2011,Sutton,430,267,360000000.0,439900000.0,1647565.543071161,0.9930864197530864,0.4716371090006159,Medium,0.0,1.0,0.0,0.0,0.0,0.0,0.0,0.0
E09000030,London,Tower Hamlets,FYE 2011,16.0,2011,Tower Hamlets,300,186,430300000.0,565800000.0,3041935.4838709678,0.9930864197530864,0.8707936770181205,High,0.0,1.0,0.0,0.0,0.0,0.0,0.0,0.0
E09000031,London,Waltham Forest,FYE 2011,7.0,2011,Waltham Forest,427,265,355900000.0,444800000.0,1678490.566037736,0.9930864197530864,0.4804897998626407,Medium,0.0,1.0,0.0,0.0,0.0,0.0,0.0,0.0
E09000032,London,Wandsworth,FYE 2011,8.0,2011,Wandsworth,430,267,389600000.0,496600000.0,1859925.0936329588,0.9930864197530864,0.5324277979761443,Medium,0.0,1.0,0.0,0.0,0.0,0.0,0.0,0.0
E09000033,London,Westminster,FYE 2011,13.0,2011,Westminster,342,213,390400000.0,537800000.0,2524882.629107981,0.9930864197530864,0.7227805587258076,High,0.0,1.0,0.0,0.0,0.0,0.0,0.0,0.0
E06000036,South East,Bracknell Forest,FYE 2011,7.0,2011,Bracknell Forest,458,285,357000000.0,424200000.0,1488421.0526315789,0.9930864197530864,0.4260799245232158,Medium,0.0,0.0,0.0,0.0,1.0,0.0,0.0,0.0
E06000043,South East,Brighton and Hove,FYE 2011,14.0,2011,Brighton and Hove,623,387,622100000.0,767100000.0,1982170.542635659,0.9930864197530864,0.5674221509465532,Medium,0.0,0.0,0.0,0.0,1.0,0.0,0.0,0.0
E06000060,South East,Buckinghamshire,FYE 2011,7.0,2011,Buckinghamshire,3250,2019,2949600000.0,3608800000.0,1787419.5146111937,0.9930864197530864,0.5116721310346658,Medium,0.0,0.0,0.0,0.0,1.0,0.0,0.0,0.0
E10000011,South East,East Sussex,FYE 2011,10.0,2011,East Sussex,3411,2119,1983700000.0,2476300000.0,1168617.2722982538,0.9930864197530864,0.3345319244826719,Low,0.0,0.0,0.0,0.0,1.0,0.0,0.0,0.0
E10000014,South East,Hampshire,FYE 2011,6.0,2011,Hampshire,8878,5517,7227200000.0,8915200000.0,1615950.6978430306,0.9930864197530864,0.46258694752594526,Medium,0.0,0.0,0.0,0.0,1.0,0.0,0.0,0.0
E06000046,South East,Isle of Wight,FYE 2011,18.0,2011,Isle of Wight,880,547,312400000.0,388700000.0,710603.2906764168,0.9930864197530864,0.20341945306540923,Low,0.0,0.0,0.0,0.0,1.0,0.0,0.0,0.0
E10000016,South East,Kent,FYE 2011,7.0,2011,Kent,9086,5646,6810500000.0,8740700000.0,1548122.5646475381,0.9930864197530864,0.44317026041218166,Medium,0.0,0.0,0.0,0.0,1.0,0.0,0.0,0.0
E06000035,South East,Medway,FYE 2011,5.0,2011,Medway,847,526,653800000.0,808200000.0,1536501.9011406845,0.9930864197530864,0.43984369403423657,Medium,0.0,0.0,0.0,0.0,1.0,0.0,0.0,0.0
E10000025,South East,Oxfordshire,FYE 2011,4.0,2011,Oxfordshire,4668,2901,3554700000.0,4447400000.0,1533057.566356429,0.9930864197530864,0.4388577083131171,Medium,0.0,0.0,0.0,0.0,1.0,0.0,0.0,0.0
E06000044,South East,Portsmouth,FYE 2011,4.0,2011,Portsmouth,453,281,592000000.0,721700000.0,2568327.4021352315,0.9930864197530864,0.7352171912093721,High,0.0,0.0,0.0,0.0,1.0,0.0,0.0,0.0
E06000038,South East,Reading,FYE 2011,14.0,2011,Reading,395,245,299100000.0,359700000.0,1468163.2653061224,0.9930864197530864,0.4202808688867901,Low,0.0,0.0,0.0,0.0,1.0,0.0,0.0,0.0
E06000039,South East,Slough,FYE 2011,6.0,2011,Slough,314,195,421300000.0,511400000.0,2622564.1025641025,0.9930864197530864,0.7507431535600549,High,0.0,0.0,0.0,0.0,1.0,0.0,0.0,0.0
E06000045,South East,Southampton,FYE 2011,13.0,2011,Southampton,578,359,495300000.0,605900000.0,1687743.7325905291,0.9930864197530864,0.4831386393825092,Medium,0.0,0.0,0.0,0.0,1.0,0.0,0.0,0.0
E10000030,South East,Surrey,FYE 2011,8.0,2011,Surrey,5532,3437,6659600000.0,8215200000.0,2390224.0325865583,0.9930864197530864,0.6842327805008165,Medium,0.0,0.0,0.0,0.0,1.0,0.0,0.0,0.0
E06000037,South East,West Berkshire,FYE 2011,5.0,2011,West Berkshire,1417,880,1437800000.0,1791600000.0,2035909.0909090908,0.9930864197530864,0.5828055107504531,Medium,0.0,0.0,0.0,0.0,1.0,0.0,0.0,0.0
E10000032,South East,West Sussex,FYE 2011,3.0,2011,West Sussex,4172,2592,3396800000.0,4167500000.0,1607831.7901234569,0.9930864197530864,0.46026280437958844,Medium,0.0,0.0,0.0,0.0,1.0,0.0,0.0,0.0
E06000022,South West,Bath and North East Somerset,FYE 2011,6.0,2011,Bath and North East Somerset,1059,658,588600000.0,724100000.0,1100455.9270516718,0.9930864197530864,0.31501985107661723,Low,0.0,0.0,0.0,0.0,0.0,1.0,0.0,0.0
E06000028,South West,Bournemouth,FYE 2011,6.0,2011,Bournemouth,508,316,419800000.0,509100000.0,1611075.9493670885,0.9930864197530864,0.4611914872433681,Medium,0.0,0.0,0.0,0.0,0.0,1.0,0.0,0.0
E06000052,South West,Cornwall,FYE 2011,2.0,2011,Cornwall excluding Isles of Scilly,7356,4571,2405100000.0,3055800000.0,668518.9236490921,0.9930864197530864,0.1913722545291438,Low,0.0,0.0,0.0,0.0,0.0,1.0,0.0,0.0
E10000008,South West,Devon,FYE 2011,4.0,2011,Devon,13019,8090,3931000000.0,4978000000.0,615327.564894932,0.9930864197530864,0.17614553485651518,Low,0.0,0.0,0.0,0.0,0.0,1.0,0.0,0.0
E10000013,South West,Gloucestershire,FYE 2011,4.0,2011,Gloucestershire,5543,3444,3156300000.0,3981100000.0,1155952.380952381,0.9930864197530864,0.3309064342766556,Low,0.0,0.0,0.0,0.0,0.0,1.0,0.0,0.0
E06000024,South West,North Somerset,FYE 2011,5.0,2011,North Somerset,1150,715,1145200000.0,1413400000.0,1976783.2167832167,0.9930864197530864,0.5658799587096642,Medium,0.0,0.0,0.0,0.0,0.0,1.0,0.0,0.0
E06000026,South West,Plymouth,FYE 2011,5.0,2011,Plymouth,809,503,731000000.0,899800000.0,1788866.7992047714,0.9930864197530864,0.5120864351116641,Medium,0.0,0.0,0.0,0.0,0.0,1.0,0.0,0.0
E06000029,South West,Poole,FYE 2011,4.0,2011,Poole,527,327,440900000.0,542800000.0,1659938.8379204893,0.9930864197530864,0.47517912590919437,Medium,0.0,0.0,0.0,0.0,0.0,1.0,0.0,0.0
E06000025,South West,South Gloucestershire,FYE 2011,3.0,2011,South Gloucestershire,1519,944,1895900000.0,2369400000.0,2509957.627118644,0.9930864197530864,0.718508082392661,High,0.0,0.0,0.0,0.0,0.0,1.0,0.0,0.0
E06000030,South West,Swindon,FYE 2011,2.0,2011,Swindon,891,554,980600000.0,1221200000.0,2204332.129963899,0.9930864197530864,0.6310188006938909,Medium,0.0,0.0,0.0,0.0,0.0,1.0,0.0,0.0
E06000027,South West,Torbay,FYE 2011,4.0,2011,Torbay,522,324,336500000.0,412200000.0,1272222.2222222222,0.9930864197530864,0.3641901916549804,Low,0.0,0.0,0.0,0.0,0.0,1.0,0.0,0.0
E06000054,South West,Wiltshire,FYE 2011,6.0,2011,Wiltshire,4740,2945,2774800000.0,3472300000.0,1179049.2359932088,0.9930864197530864,0.33751821004744315,Low,0.0,0.0,0.0,0.0,0.0,1.0,0.0,0.0
E06000047,North East,County Durham,FYE 2012,6.0,2012,Durham,3678,2285,1869700000.0,2394400000.0,1047877.4617067834,0.9935802469135803,0.29996858013007427,Low,0.0,0.0,1.0,0.0,0.0,0.0,0.0,0.0
E06000005,North East,Darlington,FYE 2012,6.0,2012,Darlington,547,340,383200000.0,482100000.0,1417941.1764705882,0.9935802469135803,0.40590414142609665,Low,0.0,0.0,1.0,0.0,0.0,0.0,0.0,0.0
E08000037,North East,Gateshead,FYE 2012,4.0,2012,Gateshead,904,562,828900000.0,1017500000.0,1810498.2206405695,0.9935802469135803,0.5182787114143939,Medium,0.0,0.0,1.0,0.0,0.0,0.0,0.0,0.0
E06000001,North East,Hartlepool,FYE 2012,3.0,2012,Hartlepool,402,250,291100000.0,362100000.0,1448400.0,0.9935802469135803,0.4146233766233766,Low,0.0,0.0,1.0,0.0,0.0,0.0,0.0,0.0
E06000002,North East,Middlesbrough,FYE 2012,3.0,2012,Middlesbrough,512,318,560500000.0,677400000.0,2130188.679245283,0.9935802469135803,0.6097942716332299,Medium,0.0,0.0,1.0,0.0,0.0,0.0,0.0,0.0
E08000021,North East,Newcastle upon Tyne,FYE 2012,5.0,2012,Newcastle upon Tyne,972,604,853700000.0,1026000000.0,1698675.4966887417,0.9935802469135803,0.4862679993264827,Medium,0.0,0.0,1.0,0.0,0.0,0.0,0.0,0.0
E08000022,North East,North Tyneside,FYE 2012,4.0,2012,North Tyneside,791,492,629700000.0,749700000.0,1523780.487804878,0.9935802469135803,0.43620202367196526,Medium,0.0,0.0,1.0,0.0,0.0,0.0,0.0,0.0
E06000057,North East,Northumberland,FYE 2012,4.0,2012,Northumberland,5168,3211,1305100000.0,1663700000.0,518125.19464341324,0.9935802469135803,0.1483200895586138,Low,0.0,0.0,1.0,0.0,0.0,0.0,0.0,0.0
E06000003,North East,Redcar and Cleveland,FYE 2012,2.0,2012,Redcar and Cleveland,673,418,427000000.0,518800000.0,1241148.3253588516,0.9935802469135803,0.3552948836997627,Low,0.0,0.0,1.0,0.0,0.0,0.0,0.0,0.0
E08000023,North East,South Tyneside,FYE 2012,5.0,2012,South Tyneside,556,345,371600000.0,452100000.0,1310434.7826086956,0.9935802469135803,0.37512903508004547,Low,0.0,0.0,1.0,0.0,0.0,0.0,0.0,0.0
E06000004,North East,Stockton-on-Tees,FYE 2012,3.0,2012,Stockton-on-Tees,858,533,668300000.0,822800000.0,1543714.8217636023,0.9935802469135803,0.44190848656667964,Medium,0.0,0.0,1.0,0.0,0.0,0.0,0.0,0.0
E08000024,North East,Sunderland,FYE 2012,3.0,2012,Sunderland,1138,707,811000000.0,992600000.0,1403960.396039604,0.9935802469135803,0.40190196081982443,Low,0.0,0.0,1.0,0.0,0.0,0.0,0.0,0.0
E06000008,North West,Blackburn with Darwen,FYE 2012,5.0,2012,Blackburn with Darwen,549,341,347100000.0,424800000.0,1245747.8005865102,0.9935802469135803,0.35661154342745355,Low,0.0,0.0,0.0,1.0,0.0,0.0,0.0,0.0
E08000001,North West,Bolton,FYE 2012,4.0,2012,Bolton,992,616,995900000.0,1226400000.0,1990909.0909090908,0.9935802469135803,0.5699236742770674,Medium,0.0,0.0,0.0,1.0,0.0,0.0,0.0,0.0
E08000002,North West,Bury,FYE 2012,8.0,2012,Bury,687,427,782500000.0,985200000.0,2307259.9531615926,0.9935802469135803,0.6604832315159854,Medium,0.0,0.0,0.0,1.0,0.0,0.0,0.0,0.0
E06000049,North West,Cheshire East,FYE 2012,6.0,2012,East Cheshire,2855,1774,2163700000.0,2731700000.0,1539853.4385569335,0.9935802469135803,0.44080311529935995,Medium,0.0,0.0,0.0,1.0,0.0,0.0,0.0,0.0
E06000050,North West,Cheshire West and Chester,FYE 2012,3.0,2012,West Cheshire,2397,1489,1880100000.0,2332000000.0,1566151.7797179315,0.9935802469135803,0.4483313581961886,Medium,0.0,0.0,0.0,1.0,0.0,0.0,0.0,0.0
E10000006,North West,Cumbria,FYE 2012,6.0,2012,Cumbria,8113,5041,2549300000.0,3374100000.0,669331.4818488396,0.9935802469135803,0.1916048599036828,Low,0.0,0.0,0.0,1.0,0.0,0.0,0.0,0.0
E06000006,North West,Halton,FYE 2012,1.0,2012,Halton,578,359,495000000.0,612000000.0,1704735.3760445681,0.9935802469135803,0.4880027187689316,Medium,0.0,0.0,0.0,1.0,0.0,0.0,0.0,0.0
E08000011,North West,Knowsley,FYE 2012,2.0,2012,Knowsley,579,360,669200000.0,843500000.0,2343055.5555555555,0.9935802469135803,0.6707301892161047,Medium,0.0,0.0,0.0,1.0,0.0,0.0,0.0,0.0
E10000017,North West,Lancashire,FYE 2012,4.0,2012,Lancashire,6935,4309,5322900000.0,6617000000.0,1535623.1144116966,0.9935802469135803,0.43959212988006313,Medium,0.0,0.0,0.0,1.0,0.0,0.0,0.0,0.0
E08000012,North West,Liverpool,FYE 2012,12.0,2012,Liverpool,1431,889,1051800000.0,1289000000.0,1449943.757030371,0.9935802469135803,0.4150652971927073,Low,0.0,0.0,0.0,1.0,0.0,0.0,0.0,0.0
E08000003,North West,Manchester,FYE 2012,11.0,2012,Manchester,1371,852,1328900000.0,1599800000.0,1877699.530516432,0.9935802469135803,0.5375159621836868,Medium,0.0,0.0,0.0,1.0,0.0,0.0,0.0,0.0
E08000004,North West,Oldham,FYE 2012,9.0,2012,Oldham,823,511,523800000.0,647600000.0,1267318.9823874754,0.9935802469135803,0.36278657534962483,Low,0.0,0.0,0.0,1.0,0.0,0.0,0.0,0.0
E08000005,North West,Rochdale,FYE 2012,9.0,2012,Rochdale,786,488,810800000.0,1058600000.0,2169262.295081967,0.9935802469135803,0.6209796034028312,Medium,0.0,0.0,0.0,1.0,0.0,0.0,0.0,0.0
E08000006,North West,Salford,FYE 2012,9.0,2012,Salford,798,496,1132300000.0,1434300000.0,2891733.870967742,0.9935802469135803,0.8277965077857172,High,0.0,0.0,0.0,1.0,0.0,0.0,0.0,0.0
E08000014,North West,Sefton,FYE 2012,4.0,2012,Sefton,990,615,569300000.0,696500000.0,1132520.325203252,0.9935802469135803,0.32419870293453257,Low,0.0,0.0,0.0,1.0,0.0,0.0,0.0,0.0
E08000013,North West,St. Helens,FYE 2012,5.0,2012,St. Helens,734,456,619200000.0,788600000.0,1729385.9649122807,0.9935802469135803,0.49505927109707687,Medium,0.0,0.0,0.0,1.0,0.0,0.0,0.0,0.0
E08000007,North West,Stockport,FYE 2012,5.0,2012,Stockport,993,617,926800000.0,1123200000.0,1820421.393841167,0.9935802469135803,0.5211193490692201,Medium,0.0,0.0,0.0,1.0,0.0,0.0,0.0,0.0
E08000008,North West,Tameside,FYE 2012,7.0,2012,Tameside,768,477,575100000.0,714700000.0,1498322.8511530398,0.9935802469135803,0.42891444339756857,Medium,0.0,0.0,0.0,1.0,0.0,0.0,0.0,0.0
E08000009,North West,Trafford,FYE 2012,9.0,2012,Trafford,804,500,766200000.0,927500000.0,1855000.0,0.9935802469135803,0.5310179257362356,Medium,0.0,0.0,0.0,1.0,0.0,0.0,0.0,0.0
E06000007,North West,Warrington,FYE 2012,6.0,2012,Warrington,986,613,1196500000.0,1537000000.0,2507340.9461663947,0.9935802469135803,0.7177590233675522,High,0.0,0.0,0.0,1.0,0.0,0.0,0.0,0.0
E08000015,North West,Wirral,FYE 2012,2.0,2012,Wirral,1210,752,833500000.0,1014000000.0,1348404.255319149,0.9935802469135803,0.3859982914897509,Low,0.0,0.0,0.0,1.0,0.0,0.0,0.0,0.0
E08000016,Yorkshire and the Humber,Barnsley,FYE 2012,7.0,2012,Barnsley,1211,752,913100000.0,1172900000.0,1559707.4468085107,0.9935802469135803,0.4464865839135393,Medium,0.0,0.0,0.0,0.0,0.0,0.0,0.0,1.0
E08000032,Yorkshire and the Humber,Bradford,FYE 2012,5.0,2012,Bradford,1941,1206,1214300000.0,1493300000.0,1238225.5389718076,0.9935802469135803,0.35445819800455075,Low,0.0,0.0,0.0,0.0,0.0,0.0,0.0,1.0
E08000033,Yorkshire and the Humber,Calderdale,FYE 2012,8.0,2012,Calderdale,1177,731,697800000.0,902300000.0,1234336.5253077976,0.9935802469135803,0.3533449171587165,Low,0.0,0.0,0.0,0.0,0.0,0.0,0.0,1.0
E08000017,Yorkshire and the Humber,Doncaster,FYE 2012,4.0,2012,Doncaster,1666,1035,1399900000.0,1882400000.0,1818743.961352657,0.9935802469135803,0.5206391621578395,Medium,0.0,0.0,0.0,0.0,0.0,0.0,0.0,1.0
E06000011,Yorkshire and the Humber,East Riding of Yorkshire,FYE 2012,3.0,2012,East Riding of Yorkshire,3443,2139,1570800000.0,2047200000.0,957082.7489481065,0.9935802469135803,0.2739774102988452,Low,0.0,0.0,0.0,0.0,0.0,0.0,0.0,1.0
E06000010,Yorkshire and the Humber,"Kingston upon Hull, City of",FYE 2012,5.0,2012,"Kingston upon Hull, City of",745,463,561900000.0,708500000.0,1530237.5809935206,0.9935802469135803,0.4380504507508432,Medium,0.0,0.0,0.0,0.0,0.0,0.0,0.0,1.0
E08000034,Yorkshire and the Humber,Kirklees,FYE 2012,9.0,2012,Kirklees,1916,1191,1237900000.0,1599900000.0,1343324.9370277077,0.9935802469135803,0.38454427043138145,Low,0.0,0.0,0.0,0.0,0.0,0.0,0.0,1.0
E08000035,Yorkshire and the Humber,Leeds,FYE 2012,5.0,2012,Leeds,3017,1875,2975800000.0,3751600000.0,2000853.3333333333,0.9935802469135803,0.5727703432717517,Medium,0.0,0.0,0.0,0.0,0.0,0.0,0.0,1.0
E06000012,Yorkshire and the Humber,North East Lincolnshire,FYE 2012,3.0,2012,North East Lincolnshire,641,398,461500000.0,581400000.0,1460804.0201005025,0.9935802469135803,0.41817418903553805,Low,0.0,0.0,0.0,0.0,0.0,0.0,0.0,1.0
E06000013,Yorkshire and the Humber,North Lincolnshire,FYE 2012,4.0,2012,North Lincolnshire,1416,880,733100000.0,1022400000.0,1161818.1818181819,0.9935802469135803,0.3325855962219599,Low,0.0,0.0,0.0,0.0,0.0,0.0,0.0,1.0
E06000065,Yorkshire and the Humber,North Yorkshire,FYE 2012,5.0,2012,North Yorkshire,9306,5782,3678700000.0,4848900000.0,838619.8547215497,0.9935802469135803,0.2400658629301674,Low,0.0,0.0,0.0,0.0,0.0,0.0,0.0,1.0
E08000018,Yorkshire and the Humber,Rotherham,FYE 2012,4.0,2012,Rotherham,1207,750,1095900000.0,1434200000.0,1912266.6666666667,0.9935802469135803,0.5474112554112555,Medium,0.0,0.0,0.0,0.0,0.0,0.0,0.0,1.0
E08000036,Yorkshire and the Humber,Wakefield,FYE 2012,3.0,2012,Wakefield,1545,960,1300400000.0,1697500000.0,1768229.1666666667,0.9935802469135803,0.5061786438326932,Medium,0.0,0.0,0.0,0.0,0.0,0.0,0.0,1.0
E06000014,Yorkshire and the Humber,York,FYE 2012,2.0,2012,York,799,496,600600000.0,742200000.0,1496370.9677419355,0.9935802469135803,0.4283556913327472,Medium,0.0,0.0,0.0,0.0,0.0,0.0,0.0,1.0
E06000015,East Midlands,Derby,FYE 2012,9.0,2012,Derby,761,473,890200000.0,1057700000.0,2236152.21987315,0.9935802469135803,0.6401277161334332,Medium,0.0,0.0,0.0,0.0,0.0,0.0,0.0,0.0
E10000007,East Midlands,Derbyshire,FYE 2012,3.0,2012,Derbyshire,5631,3499,3848800000.0,4883600000.0,1395713.0608745355,0.9935802469135803,0.39954105364343295,Low,0.0,0.0,0.0,0.0,0.0,0.0,0.0,0.0
E06000016,East Midlands,Leicester,FYE 2012,8.0,2012,Leicester,821,510,735200000.0,889300000.0,1743725.4901960783,0.9935802469135803,0.499164147092896,Medium,0.0,0.0,0.0,0.0,0.0,0.0,0.0,0.0
E10000018,East Midlands,Leicestershire,FYE 2012,2.0,2012,Leicestershire,4544,2824,3514300000.0,4554000000.0,1612606.2322946175,0.9935802469135803,0.4616295506751557,Medium,0.0,0.0,0.0,0.0,0.0,0.0,0.0,0.0
E10000019,East Midlands,Lincolnshire,FYE 2012,4.0,2012,Lincolnshire,8901,5531,2803400000.0,3703900000.0,669661.905622853,0.9935802469135803,0.1916994480153219,Low,0.0,0.0,0.0,0.0,0.0,0.0,0.0,0.0
E10000021,East Midlands,Northamptonshire,FYE 2012,4.0,2012,Northamptonshire,4530,2815,4000800000.0,5201300000.0,1847708.703374778,0.9935802469135803,0.5289306970516787,Medium,0.0,0.0,0.0,0.0,0.0,0.0,0.0,0.0
E06000018,East Midlands,Nottingham,FYE 2012,10.0,2012,Nottingham,797,495,776400000.0,960000000.0,1939393.9393939395,0.9935802469135803,0.5551767907721813,Medium,0.0,0.0,0.0,0.0,0.0,0.0,0.0,0.0
E10000024,East Midlands,Nottinghamshire,FYE 2012,2.0,2012,Nottinghamshire,4822,2996,3450700000.0,4417000000.0,1474299.0654205608,0.9935802469135803,0.4220373216358474,Medium,0.0,0.0,0.0,0.0,0.0,0.0,0.0,0.0
E08000025,West Midlands,Birmingham,FYE 2012,7.0,2012,Birmingham,2533,1574,2892500000.0,3533800000.0,2245108.005082592,0.9935802469135803,0.6426914263680732,Medium,0.0,0.0,0.0,0.0,0.0,0.0,1.0,0.0
E08000026,West Midlands,Coventry,FYE 2012,4.0,2012,Coventry,876,544,927000000.0,1116100000.0,2051654.4117647058,0.9935802469135803,0.5873128140500758,Medium,0.0,0.0,0.0,0.0,0.0,0.0,1.0,0.0
E08000027,West Midlands,Dudley,FYE 2012,8.0,2012,Dudley,1021,634,814600000.0,1013800000.0,1599053.6277602524,0.9935802469135803,0.4577499409995967,Medium,0.0,0.0,0.0,0.0,0.0,0.0,1.0,0.0
E06000019,West Midlands,"Herefordshire, County of",FYE 2012,9.0,2012,"Herefordshire, County of",3344,2078,849100000.0,1124500000.0,541145.3320500482,0.9935802469135803,0.15490990390677253,Low,0.0,0.0,0.0,0.0,0.0,0.0,1.0,0.0
E08000028,West Midlands,Sandwell,FYE 2012,6.0,2012,Sandwell,893,555,937900000.0,1211900000.0,2183603.603603604,0.9935802469135803,0.6250849898737223,Medium,0.0,0.0,0.0,0.0,0.0,0.0,1.0,0.0
E06000051,West Midlands,Shropshire,FYE 2012,6.0,2012,Shropshire,5200,3231,1448300000.0,1883200000.0,582853.6056948313,0.9935802469135803,0.16684944081075748,Low,0.0,0.0,0.0,0.0,0.0,0.0,1.0,0.0
E08000029,West Midlands,Solihull,FYE 2012,5.0,2012,Solihull,867,539,1153800000.0,1410100000.0,2616141.0018552877,0.9935802469135803,0.748904457271543,High,0.0,0.0,0.0,0.0,0.0,0.0,1.0,0.0
E10000028,West Midlands,Staffordshire,FYE 2012,4.0,2012,Staffordshire,6307,3919,4407100000.0,5675000000.0,1448073.4881347283,0.9935802469135803,0.4145299083465977,Low,0.0,0.0,0.0,0.0,0.0,0.0,1.0,0.0
E06000021,West Midlands,Stoke-on-Trent,FYE 2012,7.0,2012,Stoke-on-Trent,872,542,684900000.0,838300000.0,1546678.966789668,0.9935802469135803,0.44275701171132803,Medium,0.0,0.0,0.0,0.0,0.0,0.0,1.0,0.0
E06000020,West Midlands,Telford and Wrekin,FYE 2012,1.0,2012,Telford and Wrekin,1033,642,655900000.0,816400000.0,1271651.090342679,0.9935802469135803,0.3640266977110468,Low,0.0,0.0,0.0,0.0,0.0,0.0,1.0,0.0
E08000030,West Midlands,Walsall,FYE 2012,8.0,2012,Walsall,867,539,692100000.0,901900000.0,1673283.8589981447,0.9935802469135803,0.4789993121148887,Medium,0.0,0.0,0.0,0.0,0.0,0.0,1.0,0.0
E10000031,West Midlands,Warwickshire,FYE 2012,4.0,2012,Warwickshire,4127,2564,4415800000.0,5610400000.0,2188143.5257410295,0.9935802469135803,0.6263846017531939,Medium,0.0,0.0,0.0,0.0,0.0,0.0,1.0,0.0
E08000031,West Midlands,Wolverhampton,FYE 2012,4.0,2012,Wolverhampton,767,477,561300000.0,695100000.0,1457232.7044025157,0.9935802469135803,0.4171518533729535,Low,0.0,0.0,0.0,0.0,0.0,0.0,1.0,0.0
E10000034,West Midlands,Worcestershire,FYE 2012,4.0,2012,Worcestershire,4182,2599,3169300000.0,4007600000.0,1541977.6837245093,0.9935802469135803,0.4414112081633175,Medium,0.0,0.0,0.0,0.0,0.0,0.0,1.0,0.0
E06000055,East of England,Bedford,FYE 2012,2.0,2012,Bedford,905,562,579600000.0,722900000.0,1286298.9323843417,0.9935802469135803,0.3682198333970175,Low,1.0,0.0,0.0,0.0,0.0,0.0,0.0,0.0
E10000003,East of England,Cambridgeshire,FYE 2012,3.0,2012,Cambridgeshire,4717,2931,3382700000.0,4426900000.0,1510371.886728079,0.9935802469135803,0.4323636368628944,Medium,1.0,0.0,0.0,0.0,0.0,0.0,0.0,0.0
E06000056,East of England,Central Bedfordshire,FYE 2012,2.0,2012,Central Bedfordshire,1479,919,1378500000.0,1801700000.0,1960500.5440696408,0.9935802469135803,0.561218831437532,Medium,1.0,0.0,0.0,0.0,0.0,0.0,0.0,0.0
E10000012,East of England,Essex,FYE 2012,4.0,2012,Essex,8212,5103,6731900000.0,8587400000.0,1682814.0309621792,0.9935802469135803,0.4817274480438651,Medium,1.0,0.0,0.0,0.0,0.0,0.0,0.0,0.0
E10000015,East of England,Hertfordshire,FYE 2012,6.0,2012,Hertfordshire,4928,3062,5559800000.0,6928300000.0,2262671.456564337,0.9935802469135803,0.6477191932546529,Medium,1.0,0.0,0.0,0.0,0.0,0.0,0.0,0.0
E06000032,East of England,Luton,FYE 2012,6.0,2012,Luton,455,283,377500000.0,461800000.0,1631802.1201413427,0.9935802469135803,0.4671246237463328,Medium,1.0,0.0,0.0,0.0,0.0,0.0,0.0,0.0
E10000020,East of England,Norfolk,FYE 2012,4.0,2012,Norfolk,10068,6256,3815900000.0,4851000000.0,775415.6010230179,0.9935802469135803,0.22197282158423687,Low,1.0,0.0,0.0,0.0,0.0,0.0,0.0,0.0
E06000031,East of England,Peterborough,FYE 2012,2.0,2012,Peterborough,944,587,831200000.0,1038200000.0,1768654.1737649064,0.9935802469135803,0.506300307653572,Medium,1.0,0.0,0.0,0.0,0.0,0.0,0.0,0.0
E06000033,East of England,Southend-on-Sea,FYE 2012,5.0,2012,Southend-on-Sea,451,280,325600000.0,391700000.0,1398928.5714285714,0.9935802469135803,0.40046153544644486,Low,1.0,0.0,0.0,0.0,0.0,0.0,0.0,0.0
E10000029,East of England,Suffolk,FYE 2012,5.0,2012,Suffolk,6976,4335,2765400000.0,3629900000.0,837347.1741637832,0.9935802469135803,0.2397015415339895,Low,1.0,0.0,0.0,0.0,0.0,0.0,0.0,0.0
E06000034,East of England,Thurrock,FYE 2012,3.0,2012,Thurrock,573,356,749700000.0,988900000.0,2777808.988764045,0.9935802469135803,0.7951840255013225,High,1.0,0.0,0.0,0.0,0.0,0.0,0.0,0.0
E09000002,London,Barking and Dagenham,FYE 2012,3.0,2012,Barking and Dagenham,333,207,298200000.0,377900000.0,1825603.8647342995,0.9935802469135803,0.5226028989041849,Medium,0.0,1.0,0.0,0.0,0.0,0.0,0.0,0.0
E09000003,London,Barnet,FYE 2012,4.0,2012,Barnet,766,476,877200000.0,1078800000.0,2266386.5546218487,0.9935802469135803,0.6487826884915298,Medium,0.0,1.0,0.0,0.0,0.0,0.0,0.0,0.0
E09000004,London,Bexley,FYE 2012,4.0,2012,Bexley,544,338,489300000.0,609200000.0,1802366.8639053255,0.9935802469135803,0.5159510045750566,Medium,0.0,1.0,0.0,0.0,0.0,0.0,0.0,0.0
E09000005,London,Brent,FYE 2012,9.0,2012,Brent,486,302,493000000.0,607700000.0,2012251.6556291392,0.9935802469135803,0.5760332615803188,Medium,0.0,1.0,0.0,0.0,0.0,0.0,0.0,0.0
E09000006,London,Bromley,FYE 2012,3.0,2012,Bromley,902,560,700200000.0,855500000.0,1527678.5714285714,0.9935802469135803,0.43731790091196526,Medium,0.0,1.0,0.0,0.0,0.0,0.0,0.0,0.0
E09000007,London,Camden,FYE 2012,11.0,2012,Camden,285,177,233600000.0,310400000.0,1753672.3163841807,0.9935802469135803,0.5020115557236589,Medium,0.0,1.0,0.0,0.0,0.0,0.0,0.0,0.0
E09000001,London,City of London,FYE 2012,19.0,2012,City of London,57,35,69900000.0,98700000.0,2820000.0,0.9935802469135803,0.8072617523321749,High,0.0,1.0,0.0,0.0,0.0,0.0,0.0,0.0
E09000008,London,Croydon,FYE 2012,8.0,2012,Croydon,778,483,661000000.0,812700000.0,1682608.6956521738,0.9935802469135803,0.48166866813529396,Medium,0.0,1.0,0.0,0.0,0.0,0.0,0.0,0.0
E09000009,London,Ealing,FYE 2012,6.0,2012,Ealing,589,366,639000000.0,798400000.0,2181420.7650273223,0.9935802469135803,0.62446012388289,Medium,0.0,1.0,0.0,0.0,0.0,0.0,0.0,0.0
E09000010,London,Enfield,FYE 2012,6.0,2012,Enfield,644,400,801900000.0,1029600000.0,2574000.0,0.9935802469135803,0.736841046277666,High,0.0,1.0,0.0,0.0,0.0,0.0,0.0,0.0
E09000011,London,Greenwich,FYE 2012,8.0,2012,Greenwich,508,316,571100000.0,726600000.0,2299367.088607595,0.9935802469135803,0.658223796171737,Medium,0.0,1.0,0.0,0.0,0.0,0.0,0.0,0.0
E09000012,London,Hackney,FYE 2012,9.0,2012,Hackney,276,171,220600000.0,295000000.0,1725146.1988304094,0.9935802469135803,0.4938455828003641,Medium,0.0,1.0,0.0,0.0,0.0,0.0,0.0,0.0
E09000013,London,Hammersmith and Fulham,FYE 2012,8.0,2012,Hammersmith and Fulham,224,139,236100000.0,312000000.0,2244604.3165467624,0.9935802469135803,0.6425472389602493,Medium,0.0,1.0,0.0,0.0,0.0,0.0,0.0,0.0
E09000014,London,Haringey,FYE 2012,11.0,2012,Haringey,357,222,259100000.0,333000000.0,1500000.0,0.9935802469135803,0.42939454911285896,Medium,0.0,1.0,0.0,0.0,0.0,0.0,0.0,0.0
E09000015,London,Harrow,FYE 2012,5.0,2012,Harrow,476,296,342900000.0,407900000.0,1378040.5405405406,0.9935802469135803,0.3944820643764306,Low,0.0,1.0,0.0,0.0,0.0,0.0,0.0,0.0
E09000016,London,Havering,FYE 2012,2.0,2012,Havering,653,406,770400000.0,995500000.0,2451970.4433497535,0.9935802469135803,0.7019084953068162,Medium,0.0,1.0,0.0,0.0,0.0,0.0,0.0,0.0
E09000017,London,Hillingdon,FYE 2012,5.0,2012,Hillingdon,742,461,1200200000.0,1451100000.0,3147722.3427331885,0.9935802469135803,0.9010765440602597,High,0.0,1.0,0.0,0.0,0.0,0.0,0.0,0.0
E09000018,London,Hounslow,FYE 2012,8.0,2012,Hounslow,505,314,842600000.0,1022100000.0,3255095.541401274,0.9935802469135803,0.9318135215461851,High,0.0,1.0,0.0,0.0,0.0,0.0,0.0,0.0
E09000019,London,Islington,FYE 2012,10.0,2012,Islington,243,151,180900000.0,250400000.0,1658278.1456953643,0.9935802469135803,0.4747037311163792,Medium,0.0,1.0,0.0,0.0,0.0,0.0,0.0,0.0
E09000020,London,Kensington and Chelsea,FYE 2012,9.0,2012,Kensington and Chelsea,208,129,228300000.0,306600000.0,2376744.1860465114,0.9935802469135803,0.6803739987493672,Medium,0.0,1.0,0.0,0.0,0.0,0.0,0.0,0.0
E09000021,London,Kingston upon Thames,FYE 2012,5.0,2012,Kingston upon Thames,344,214,507700000.0,616300000.0,2879906.542056075,0.9935802469135803,0.8244107807422274,High,0.0,1.0,0.0,0.0,0.0,0.0,0.0,0.0
E09000022,London,Lambeth,FYE 2012,7.0,2012,Lambeth,378,235,345200000.0,463200000.0,1971063.829787234,0.9935802469135803,0.5642427096427696,Medium,0.0,1.0,0.0,0.0,0.0,0.0,0.0,0.0
E09000023,London,Lewisham,FYE 2012,7.0,2012,Lewisham,448,278,370700000.0,472600000.0,1700000.0,0.9935802469135803,0.48664715566124017,Medium,0.0,1.0,0.0,0.0,0.0,0.0,0.0,0.0
E09000024,London,Merton,FYE 2012,7.0,2012,Merton,377,234,331300000.0,409700000.0,1750854.7008547008,0.9935802469135803,0.5012049765570892,Medium,0.0,1.0,0.0,0.0,0.0,0.0,0.0,0.0
E09000025,London,Newham,FYE 2012,11.0,2012,Newham,415,258,432700000.0,548000000.0,2124031.007751938,0.9935802469135803,0.6080315579169165,Medium,0.0,1.0,0.0,0.0,0.0,0.0,0.0,0.0
E09000026,London,Redbridge,FYE 2012,4.0,2012,Redbridge,537,334,580800000.0,722000000.0,2161676.6467065867,0.9935802469135803,0.6188081126935812,Medium,0.0,1.0,0.0,0.0,0.0,0.0,0.0,0.0
E09000027,London,Richmond upon Thames,FYE 2012,6.0,2012,Richmond upon Thames,414,257,444800000.0,536000000.0,2085603.112840467,0.9935802469135803,0.5970310721776716,Medium,0.0,1.0,0.0,0.0,0.0,0.0,0.0,0.0
E09000028,London,Southwark,FYE 2012,9.0,2012,Southwark,396,246,332800000.0,449600000.0,1827642.2764227642,0.9935802469135803,0.5231864208161013,Medium,0.0,1.0,0.0,0.0,0.0,0.0,0.0,0.0
E09000029,London,Sutton,FYE 2012,6.0,2012,Sutton,430,267,358800000.0,436700000.0,1635580.5243445693,0.9935802469135803,0.46820624119247317,Medium,0.0,1.0,0.0,0.0,0.0,0.0,0.0,0.0
E09000030,London,Tower Hamlets,FYE 2012,15.0,2012,Tower Hamlets,299,186,406900000.0,539700000.0,2901612.9032258065,0.9935802469135803,0.830624509520466,High,0.0,1.0,0.0,0.0,0.0,0.0,0.0,0.0
E09000031,London,Waltham Forest,FYE 2012,7.0,2012,Waltham Forest,427,265,357100000.0,452700000.0,1708301.8867924528,0.9935802469135803,0.48902367895192767,Medium,0.0,1.0,0.0,0.0,0.0,0.0,0.0,0.0
E09000032,London,Wandsworth,FYE 2012,7.0,2012,Wandsworth,431,268,382300000.0,490000000.0,1828358.208955224,0.9935802469135803,0.5233913658340819,Medium,0.0,1.0,0.0,0.0,0.0,0.0,0.0,0.0
E09000033,London,Westminster,FYE 2012,13.0,2012,Westminster,342,213,378200000.0,525200000.0,2465727.6995305163,0.9935802469135803,0.7058466891833287,Medium,0.0,1.0,0.0,0.0,0.0,0.0,0.0,0.0
E06000036,South East,Bracknell Forest,FYE 2012,8.0,2012,Bracknell Forest,460,286,357800000.0,424400000.0,1483916.083916084,0.9935802469135803,0.4247903185163108,Medium,0.0,0.0,0.0,0.0,1.0,0.0,0.0,0.0
E06000043,South East,Brighton and Hove,FYE 2012,21.0,2012,Brighton and Hove,623,387,630300000.0,775800000.0,2004651.1627906978,0.9935802469135803,0.5738575214500534,Medium,0.0,0.0,0.0,0.0,1.0,0.0,0.0,0.0
E06000060,South East,Buckinghamshire,FYE 2012,7.0,2012,Buckinghamshire,3260,2026,3007500000.0,3689300000.0,1820977.2951628824,0.9935802469135803,0.5212784830674796,Medium,0.0,0.0,0.0,0.0,1.0,0.0,0.0,0.0
E10000011,South East,East Sussex,FYE 2012,10.0,2012,East Sussex,3416,2123,1989900000.0,2485100000.0,1170560.5275553463,0.9935802469135803,0.33508820662595884,Low,0.0,0.0,0.0,0.0,1.0,0.0,0.0,0.0
E10000014,South East,Hampshire,FYE 2012,7.0,2012,Hampshire,8889,5523,7177700000.0,8889800000.0,1609596.2339308348,0.9935802469135803,0.46076789941499113,Medium,0.0,0.0,0.0,0.0,1.0,0.0,0.0,0.0
E06000046,South East,Isle of Wight,FYE 2012,16.0,2012,Isle of Wight,882,548,310500000.0,387300000.0,706751.8248175182,0.9935802469135803,0.202316920768139,Low,0.0,0.0,0.0,0.0,1.0,0.0,0.0,0.0
E10000016,South East,Kent,FYE 2012,7.0,2012,Kent,9097,5653,6817800000.0,8764300000.0,1550380.3290288344,0.9935802469135803,0.4438165748911882,Medium,0.0,0.0,0.0,0.0,1.0,0.0,0.0,0.0
E06000035,South East,Medway,FYE 2012,6.0,2012,Medway,849,528,643500000.0,800200000.0,1515530.303030303,0.9935802469135803,0.4338403007577143,Medium,0.0,0.0,0.0,0.0,1.0,0.0,0.0,0.0
E06000042,South East,Milton Keynes,FYE 2012,3.0,2012,Milton Keynes,1230,764,1137000000.0,1401300000.0,1834162.3036649216,0.9935802469135803,0.5250528635880012,Medium,0.0,0.0,0.0,0.0,1.0,0.0,0.0,0.0
E10000025,South East,Oxfordshire,FYE 2012,4.0,2012,Oxfordshire,4680,2908,3522500000.0,4416900000.0,1518878.954607978,0.9935802469135803,0.43479889591393556,Medium,0.0,0.0,0.0,0.0,1.0,0.0,0.0,0.0
E06000044,South East,Portsmouth,FYE 2012,8.0,2012,Portsmouth,454,282,600100000.0,734100000.0,2603191.489361702,0.9935802469135803,0.7451974905525999,High,0.0,0.0,0.0,0.0,1.0,0.0,0.0,0.0
E06000038,South East,Reading,FYE 2012,7.0,2012,Reading,394,245,298200000.0,358200000.0,1462040.8163265307,0.9935802469135803,0.41852823807408457,Low,0.0,0.0,0.0,0.0,1.0,0.0,0.0,0.0
E06000039,South East,Slough,FYE 2012,6.0,2012,Slough,315,196,430400000.0,519100000.0,2648469.387755102,0.9935802469135803,0.7581588790628745,High,0.0,0.0,0.0,0.0,1.0,0.0,0.0,0.0
E06000045,South East,Southampton,FYE 2012,12.0,2012,Southampton,579,360,495800000.0,607400000.0,1687222.2222222222,0.9935802469135803,0.4829893502428714,Medium,0.0,0.0,0.0,0.0,1.0,0.0,0.0,0.0
E10000030,South East,Surrey,FYE 2012,7.0,2012,Surrey,5541,3443,6674800000.0,8218400000.0,2386988.091780424,0.9935802469135803,0.6833064502718792,Medium,0.0,0.0,0.0,0.0,1.0,0.0,0.0,0.0
E06000037,South East,West Berkshire,FYE 2012,5.0,2012,West Berkshire,1416,880,1385900000.0,1735200000.0,1971818.1818181819,0.9935802469135803,0.5644586527429037,Medium,0.0,0.0,0.0,0.0,1.0,0.0,0.0,0.0
E10000032,South East,West Sussex,FYE 2012,3.0,2012,West Sussex,4179,2597,3362400000.0,4132100000.0,1591105.1212938007,0.9935802469135803,0.45547457743274156,Medium,0.0,0.0,0.0,0.0,1.0,0.0,0.0,0.0
E06000040,South East,Windsor and Maidenhead,FYE 2012,10.0,2012,Windsor and Maidenhead,693,431,936800000.0,1119500000.0,2597447.795823666,0.9935802469135803,0.7435532834212616,High,0.0,0.0,0.0,0.0,1.0,0.0,0.0,0.0
E06000041,South East,Wokingham,FYE 2012,5.0,2012,Wokingham,744,462,866700000.0,1035500000.0,2241341.9913419914,0.9935802469135803,0.6416133558533412,Medium,0.0,0.0,0.0,0.0,1.0,0.0,0.0,0.0
E06000022,South West,Bath and North East Somerset,FYE 2012,7.0,2012,Bath and North East Somerset,1059,658,589600000.0,725200000.0,1102127.6595744682,0.9935802469135803,0.31549840629852616,Low,0.0,0.0,0.0,0.0,0.0,1.0,0.0,0.0
E06000028,South West,Bournemouth,FYE 2012,6.0,2012,Bournemouth,508,316,426700000.0,516600000.0,1634810.1265822784,0.9935802469135803,0.4679857047926222,Medium,0.0,0.0,0.0,0.0,0.0,1.0,0.0,0.0
E06000023,South West,"Bristol, City of",FYE 2012,7.0,2012,"Bristol, City of",1145,711,1154700000.0,1423900000.0,2002672.2925457102,0.9935802469135803,0.5732910440523206,Medium,0.0,0.0,0.0,0.0,0.0,1.0,0.0,0.0
E06000052,South West,Cornwall,FYE 2012,2.0,2012,Cornwall excluding Isles of Scilly,7372,4581,2343700000.0,3003000000.0,655533.7262606418,0.9935802469135803,0.18765507254397373,Low,0.0,0.0,0.0,0.0,0.0,1.0,0.0,0.0
E10000008,South West,Devon,FYE 2012,3.0,2012,Devon,13025,8093,3918100000.0,4983300000.0,615754.3556159644,0.9935802469135803,0.17626770926266402,Low,0.0,0.0,0.0,0.0,0.0,1.0,0.0,0.0
E10000013,South West,Gloucestershire,FYE 2012,4.0,2012,Gloucestershire,5555,3452,3157300000.0,3975700000.0,1151709.1541135574,0.9935802469135803,0.32969175529316214,Low,0.0,0.0,0.0,0.0,0.0,1.0,0.0,0.0
E06000024,South West,North Somerset,FYE 2012,4.0,2012,North Somerset,1150,715,1158400000.0,1438300000.0,2011608.3916083917,0.9935802469135803,0.5758491188708859,Medium,0.0,0.0,0.0,0.0,0.0,1.0,0.0,0.0
E06000026,South West,Plymouth,FYE 2012,5.0,2012,Plymouth,810,503,728900000.0,897000000.0,1783300.198807157,0.9935802469135803,0.5104929231997807,Medium,0.0,0.0,0.0,0.0,0.0,1.0,0.0,0.0
E06000029,South West,Poole,FYE 2012,4.0,2012,Poole,529,329,441500000.0,542500000.0,1648936.170212766,0.9935802469135803,0.47202946888293007,Medium,0.0,0.0,0.0,0.0,0.0,1.0,0.0,0.0
E06000066,South West,Somerset,FYE 2012,5.0,2012,Somerset,6765,4204,3163900000.0,4008700000.0,953544.2435775452,0.9935802469135803,0.2729644670200948,Low,0.0,0.0,0.0,0.0,0.0,1.0,0.0,0.0
E06000025,South West,South Gloucestershire,FYE 2012,3.0,2012,South Gloucestershire,1527,949,1852400000.0,2325400000.0,2450368.809272919,0.9935802469135803,0.7014500066786388,Medium,0.0,0.0,0.0,0.0,0.0,1.0,0.0,0.0
E06000030,South West,Swindon,FYE 2012,2.0,2012,Swindon,897,557,980000000.0,1212600000.0,2177019.748653501,0.9935802469135803,0.623200275588573,Medium,0.0,0.0,0.0,0.0,0.0,1.0,0.0,0.0
E06000027,South West,Torbay,FYE 2012,4.0,2012,Torbay,522,324,337200000.0,412100000.0,1271913.5802469135,0.9935802469135803,0.36410183886709707,Low,0.0,0.0,0.0,0.0,0.0,1.0,0.0,0.0
E06000054,South West,Wiltshire,FYE 2012,5.0,2012,Wiltshire,4748,2950,2769800000.0,3473700000.0,1177525.4237288137,0.9935802469135803,0.3370819989273081,Low,0.0,0.0,0.0,0.0,0.0,1.0,0.0,0.0
E06000047,North East,County Durham,FYE 2013,6.0,2013,Durham,3684,2289,1871500000.0,2404300000.0,1050371.3411970292,0.9940740740740741,0.3006824856362449,Low,0.0,0.0,1.0,0.0,0.0,0.0,0.0,0.0
E06000005,North East,Darlington,FYE 2013,5.0,2013,Darlington,549,341,380700000.0,480600000.0,1409384.164222874,0.9940740740740741,0.40345458514885635,Low,0.0,0.0,1.0,0.0,0.0,0.0,0.0,0.0
E08000037,North East,Gateshead,FYE 2013,2.0,2013,Gateshead,906,563,827500000.0,1022800000.0,1816696.269982238,0.9940740740740741,0.5200529838160238,Medium,0.0,0.0,1.0,0.0,0.0,0.0,0.0,0.0
E06000001,North East,Hartlepool,FYE 2013,2.0,2013,Hartlepool,403,250,289700000.0,361200000.0,1444800.0,0.9940740740740741,0.41359282970550576,Low,0.0,0.0,1.0,0.0,0.0,0.0,0.0,0.0
E06000002,North East,Middlesbrough,FYE 2013,2.0,2013,Middlesbrough,513,319,552400000.0,666300000.0,2088714.7335423199,0.9940740740740741,0.5979218141565266,Medium,0.0,0.0,1.0,0.0,0.0,0.0,0.0,0.0
E08000021,North East,Newcastle upon Tyne,FYE 2013,5.0,2013,Newcastle upon Tyne,970,603,855000000.0,1026200000.0,1701824.2122719735,0.9940740740740741,0.4871693601985803,Medium,0.0,0.0,1.0,0.0,0.0,0.0,0.0,0.0
E08000022,North East,North Tyneside,FYE 2013,4.0,2013,North Tyneside,794,493,635600000.0,756600000.0,1534685.598377282,0.9940740740740741,0.43932375369680743,Medium,0.0,0.0,1.0,0.0,0.0,0.0,0.0,0.0
E06000057,North East,Northumberland,FYE 2013,3.0,2013,Northumberland,5172,3214,1319400000.0,1683000000.0,523646.5463596764,0.9940740740740741,0.14990064844574602,Low,0.0,0.0,1.0,0.0,0.0,0.0,0.0,0.0
E06000003,North East,Redcar and Cleveland,FYE 2013,2.0,2013,Redcar and Cleveland,675,419,427000000.0,518400000.0,1237231.5035799523,0.9940740740740741,0.3541736424186254,Low,0.0,0.0,1.0,0.0,0.0,0.0,0.0,0.0
E08000023,North East,South Tyneside,FYE 2013,5.0,2013,South Tyneside,558,347,377000000.0,458700000.0,1321902.0172910662,0.9940740740740741,0.37841168045738405,Low,0.0,0.0,1.0,0.0,0.0,0.0,0.0,0.0
E06000004,North East,Stockton-on-Tees,FYE 2013,2.0,2013,Stockton-on-Tees,860,534,654600000.0,806000000.0,1509363.2958801498,0.9940740740740741,0.4320749145879704,Medium,0.0,0.0,1.0,0.0,0.0,0.0,0.0,0.0
E08000024,North East,Sunderland,FYE 2013,2.0,2013,Sunderland,1141,709,808800000.0,990900000.0,1397602.256699577,0.9940740740740741,0.4000818605697527,Low,0.0,0.0,1.0,0.0,0.0,0.0,0.0,0.0
E06000008,North West,Blackburn with Darwen,FYE 2013,4.0,2013,Blackburn with Darwen,549,341,352800000.0,432000000.0,1266862.1700879766,0.9940740740740741,0.3626558068753765,Low,0.0,0.0,0.0,1.0,0.0,0.0,0.0,0.0
E08000001,North West,Bolton,FYE 2013,4.0,2013,Bolton,992,616,997400000.0,1228900000.0,1994967.5324675324,0.9940740740740741,0.5710854560657926,Medium,0.0,0.0,0.0,1.0,0.0,0.0,0.0,0.0
E08000002,North West,Bury,FYE 2013,3.0,2013,Bury,687,427,787700000.0,994100000.0,2328103.044496487,0.9940740740740741,0.6664498380532288,Medium,0.0,0.0,0.0,1.0,0.0,0.0,0.0,0.0
E06000049,North West,Cheshire East,FYE 2013,6.0,2013,East Cheshire,2855,1774,2161700000.0,2741200000.0,1545208.568207441,0.9940740740740741,0.4423360909538403,Medium,0.0,0.0,0.0,1.0,0.0,0.0,0.0,0.0
E06000050,North West,Cheshire West and Chester,FYE 2013,2.0,2013,West Cheshire,2398,1490,1889100000.0,2351900000.0,1578456.375838926,0.9940740740740741,0.45185370919844875,Medium,0.0,0.0,0.0,1.0,0.0,0.0,0.0,0.0
E10000006,North West,Cumbria,FYE 2013,6.0,2013,Cumbria,8116,5043,2563000000.0,3398100000.0,673825.1041046996,0.9940740740740741,0.19289121783864183,Low,0.0,0.0,0.0,1.0,0.0,0.0,0.0,0.0
E06000006,North West,Halton,FYE 2013,1.0,2013,Halton,579,360,493500000.0,613100000.0,1703055.5555555555,0.9940740740740741,0.48752184826128486,Medium,0.0,0.0,0.0,1.0,0.0,0.0,0.0,0.0
E10000017,North West,Lancashire,FYE 2013,3.0,2013,Lancashire,6945,4315,5380300000.0,6710900000.0,1555249.1309385863,0.9940740740740741,0.44521033289169337,Medium,0.0,0.0,0.0,1.0,0.0,0.0,0.0,0.0
E08000012,North West,Liverpool,FYE 2013,9.0,2013,Liverpool,1433,890,1053600000.0,1290800000.0,1450337.0786516855,0.9940740740740741,0.4151778906328677,Low,0.0,0.0,0.0,1.0,0.0,0.0,0.0,0.0
E08000003,North West,Manchester,FYE 2013,7.0,2013,Manchester,1372,853,1325200000.0,1596700000.0,1871864.0093786635,0.9940740740740741,0.5358454682051598,Medium,0.0,0.0,0.0,1.0,0.0,0.0,0.0,0.0
E08000004,North West,Oldham,FYE 2013,9.0,2013,Oldham,825,513,525500000.0,650700000.0,1268421.0526315789,0.9940740740740741,0.3631020573199965,Low,0.0,0.0,0.0,1.0,0.0,0.0,0.0,0.0
E08000005,North West,Rochdale,FYE 2013,10.0,2013,Rochdale,790,491,793800000.0,1037900000.0,2113849.287169043,0.9940740740740741,0.6051169077043264,Medium,0.0,0.0,0.0,1.0,0.0,0.0,0.0,0.0
E08000006,North West,Salford,FYE 2013,7.0,2013,Salford,799,496,1135800000.0,1439400000.0,2902016.129032258,0.9940740740740741,0.8307399381627005,High,0.0,0.0,0.0,1.0,0.0,0.0,0.0,0.0
E08000014,North West,Sefton,FYE 2013,4.0,2013,Sefton,991,616,570200000.0,699100000.0,1134902.5974025973,0.9940740740740741,0.32488065939913385,Low,0.0,0.0,0.0,1.0,0.0,0.0,0.0,0.0
E08000013,North West,St. Helens,FYE 2013,4.0,2013,St. Helens,735,457,620800000.0,793700000.0,1736761.4879649892,0.9940740740740741,0.49717061069420304,Medium,0.0,0.0,0.0,1.0,0.0,0.0,0.0,0.0
E08000007,North West,Stockport,FYE 2013,4.0,2013,Stockport,994,618,929300000.0,1126300000.0,1822491.9093851133,0.9940740740740741,0.5217120611281695,Medium,0.0,0.0,0.0,1.0,0.0,0.0,0.0,0.0
E08000008,North West,Tameside,FYE 2013,6.0,2013,Tameside,769,478,568600000.0,707900000.0,1480962.3430962344,0.9940740740740741,0.42394477171128714,Medium,0.0,0.0,0.0,1.0,0.0,0.0,0.0,0.0
E08000009,North West,Trafford,FYE 2013,6.0,2013,Trafford,804,500,761400000.0,923600000.0,1847200.0,0.9940740740740741,0.5287850740808487,Medium,0.0,0.0,0.0,1.0,0.0,0.0,0.0,0.0
E06000007,North West,Warrington,FYE 2013,4.0,2013,Warrington,989,615,1193800000.0,1532900000.0,2492520.325203252,0.9940740740740741,0.7135164274635246,High,0.0,0.0,0.0,1.0,0.0,0.0,0.0,0.0
E08000015,North West,Wirral,FYE 2013,1.0,2013,Wirral,1210,752,832700000.0,1014300000.0,1348803.1914893617,0.9940740740740741,0.38611249216770643,Low,0.0,0.0,0.0,1.0,0.0,0.0,0.0,0.0
E08000016,Yorkshire and the Humber,Barnsley,FYE 2013,4.0,2013,Barnsley,1215,755,913300000.0,1177400000.0,1559470.1986754967,0.9940740740740741,0.44641866854347034,Medium,0.0,0.0,0.0,0.0,0.0,0.0,0.0,1.0
E08000032,Yorkshire and the Humber,Bradford,FYE 2013,3.0,2013,Bradford,1943,1207,1210100000.0,1490000000.0,1234465.6172328086,0.9940740740740741,0.35338187140467264,Low,0.0,0.0,0.0,0.0,0.0,0.0,0.0,1.0
E08000033,Yorkshire and the Humber,Calderdale,FYE 2013,5.0,2013,Calderdale,1179,733,697300000.0,905000000.0,1234652.1145975443,0.9940740740740741,0.35343525870590026,Low,0.0,0.0,0.0,0.0,0.0,0.0,0.0,1.0
E08000017,Yorkshire and the Humber,Doncaster,FYE 2013,3.0,2013,Doncaster,1664,1034,1397600000.0,1893400000.0,1831141.1992263056,0.9940740740740741,0.5241880330691729,Medium,0.0,0.0,0.0,0.0,0.0,0.0,0.0,1.0
E06000011,Yorkshire and the Humber,East Riding of Yorkshire,FYE 2013,1.0,2013,East Riding of Yorkshire,3445,2141,1583100000.0,2066500000.0,965203.1760859411,0.9940740740740741,0.2763019883984814,Low,0.0,0.0,0.0,0.0,0.0,0.0,0.0,1.0
E06000010,Yorkshire and the Humber,"Kingston upon Hull, City of",FYE 2013,3.0,2013,"Kingston upon Hull, City of",747,464,565700000.0,713500000.0,1537715.5172413792,0.9940740740740741,0.44019110745980583,Medium,0.0,0.0,0.0,0.0,0.0,0.0,0.0,1.0
E08000034,Yorkshire and the Humber,Kirklees,FYE 2013,5.0,2013,Kirklees,1919,1192,1237000000.0,1603900000.0,1345553.6912751677,0.9940740740740741,0.38518228038149577,Low,0.0,0.0,0.0,0.0,0.0,0.0,0.0,1.0
E08000035,Yorkshire and the Humber,Leeds,FYE 2013,3.0,2013,Leeds,3020,1877,2976400000.0,3762700000.0,2004635.0559403303,0.9940740740740741,0.5738529106542193,Medium,0.0,0.0,0.0,0.0,0.0,0.0,0.0,1.0
E06000012,Yorkshire and the Humber,North East Lincolnshire,FYE 2013,2.0,2013,North East Lincolnshire,642,399,459300000.0,579600000.0,1452631.5789473683,0.9940740740740741,0.4158347212461371,Low,0.0,0.0,0.0,0.0,0.0,0.0,0.0,1.0
E06000013,Yorkshire and the Humber,North Lincolnshire,FYE 2013,3.0,2013,North Lincolnshire,1419,882,731800000.0,1031100000.0,1169047.619047619,0.9940740740740741,0.33465511684827576,Low,0.0,0.0,0.0,0.0,0.0,0.0,0.0,1.0
E06000065,Yorkshire and the Humber,North Yorkshire,FYE 2013,4.0,2013,North Yorkshire,9315,5788,3731000000.0,4939500000.0,853403.5936420179,0.9940740740740741,0.2442979008688052,Low,0.0,0.0,0.0,0.0,0.0,0.0,0.0,1.0
E08000018,Yorkshire and the Humber,Rotherham,FYE 2013,3.0,2013,Rotherham,1211,752,1100400000.0,1446200000.0,1923138.2978723405,0.9940740740740741,0.5505234015310432,Medium,0.0,0.0,0.0,0.0,0.0,0.0,0.0,1.0
E08000036,Yorkshire and the Humber,Wakefield,FYE 2013,2.0,2013,Wakefield,1548,962,1313100000.0,1716500000.0,1784303.5343035343,0.9940740740740741,0.5107801410618312,Medium,0.0,0.0,0.0,0.0,0.0,0.0,0.0,1.0
E06000014,Yorkshire and the Humber,York,FYE 2013,2.0,2013,York,800,497,602500000.0,744900000.0,1498792.7565392354,0.9940740740740741,0.42904895993852266,Medium,0.0,0.0,0.0,0.0,0.0,0.0,0.0,1.0
E06000015,East Midlands,Derby,FYE 2013,10.0,2013,Derby,761,473,875000000.0,1044000000.0,2207188.160676533,0.9940740740740741,0.6318363767072935,Medium,0.0,0.0,0.0,0.0,0.0,0.0,0.0,0.0
E10000007,East Midlands,Derbyshire,FYE 2013,3.0,2013,Derbyshire,5635,3501,3793800000.0,4857400000.0,1387432.1622393602,0.9940740740740741,0.39717053848629935,Low,0.0,0.0,0.0,0.0,0.0,0.0,0.0,0.0
E06000016,East Midlands,Leicester,FYE 2013,8.0,2013,Leicester,821,510,732300000.0,885600000.0,1736470.5882352942,0.9940740740740741,0.4970873368553568,Medium,0.0,0.0,0.0,0.0,0.0,0.0,0.0,0.0
E10000018,East Midlands,Leicestershire,FYE 2013,2.0,2013,Leicestershire,4555,2830,3572900000.0,4663700000.0,1647950.5300353358,0.9940740740740741,0.47174731653654667,Medium,0.0,0.0,0.0,0.0,0.0,0.0,0.0,0.0
E10000019,East Midlands,Lincolnshire,FYE 2013,3.0,2013,Lincolnshire,8916,5540,2817700000.0,3732200000.0,673682.3104693141,0.9940740740740741,0.19285034129952014,Low,0.0,0.0,0.0,0.0,0.0,0.0,0.0,0.0
E10000021,East Midlands,Northamptonshire,FYE 2013,3.0,2013,Northamptonshire,4542,2822,4015900000.0,5233000000.0,1854358.6109142452,0.9940740740740741,0.5308343197513798,Medium,0.0,0.0,0.0,0.0,0.0,0.0,0.0,0.0
E06000018,East Midlands,Nottingham,FYE 2013,14.0,2013,Nottingham,798,496,769300000.0,951400000.0,1918145.1612903227,0.9940740740740741,0.5490940511101802,Medium,0.0,0.0,0.0,0.0,0.0,0.0,0.0,0.0
E10000024,East Midlands,Nottinghamshire,FYE 2013,3.0,2013,Nottinghamshire,4846,3011,3457100000.0,4448300000.0,1477349.7177017601,0.9940740740740741,0.42291061060970453,Medium,0.0,0.0,0.0,0.0,0.0,0.0,0.0,0.0
E08000025,West Midlands,Birmingham,FYE 2013,7.0,2013,Birmingham,2538,1577,2840000000.0,3475300000.0,2203741.280913126,0.9940740740740741,0.6308496624527241,Medium,0.0,0.0,0.0,0.0,0.0,0.0,1.0,0.0
E08000026,West Midlands,Coventry,FYE 2013,3.0,2013,Coventry,878,546,912100000.0,1098500000.0,2011904.761904762,0.9940740740740741,0.5759339587307394,Medium,0.0,0.0,0.0,0.0,0.0,0.0,1.0,0.0
E08000027,West Midlands,Dudley,FYE 2013,7.0,2013,Dudley,1023,636,816800000.0,1018400000.0,1601257.8616352202,0.9940740740740741,0.4583809316735174,Medium,0.0,0.0,0.0,0.0,0.0,0.0,1.0,0.0
E06000019,West Midlands,"Herefordshire, County of",FYE 2013,7.0,2013,"Herefordshire, County of",3345,2078,849600000.0,1123500000.0,540664.1000962463,0.9940740740740741,0.1547721449882249,Low,0.0,0.0,0.0,0.0,0.0,0.0,1.0,0.0
E08000028,West Midlands,Sandwell,FYE 2013,7.0,2013,Sandwell,894,556,929500000.0,1205300000.0,2167805.7553956835,0.9940740740740741,0.6205626499349267,Medium,0.0,0.0,0.0,0.0,0.0,0.0,1.0,0.0
E06000051,West Midlands,Shropshire,FYE 2013,5.0,2013,Shropshire,5203,3233,1462400000.0,1902300000.0,588400.8660686669,0.9940740740740741,0.16843741638878063,Low,0.0,0.0,0.0,0.0,0.0,0.0,1.0,0.0
E08000029,West Midlands,Solihull,FYE 2013,5.0,2013,Solihull,868,539,1130900000.0,1395400000.0,2588868.27458256,0.9940740740740741,0.7410972836513091,High,0.0,0.0,0.0,0.0,0.0,0.0,1.0,0.0
E10000028,West Midlands,Staffordshire,FYE 2013,3.0,2013,Staffordshire,6312,3922,4356500000.0,5641000000.0,1438296.787353391,0.9940740740740741,0.41173120033072197,Low,0.0,0.0,0.0,0.0,0.0,0.0,1.0,0.0
E06000020,West Midlands,Telford and Wrekin,FYE 2013,1.0,2013,Telford and Wrekin,1037,644,655000000.0,818100000.0,1270341.6149068323,0.9940740740740741,0.36365184330148026,Low,0.0,0.0,0.0,0.0,0.0,0.0,1.0,0.0
E08000030,West Midlands,Walsall,FYE 2013,7.0,2013,Walsall,868,539,694800000.0,907600000.0,1683858.9981447125,0.9940740740740741,0.48202658351865285,Medium,0.0,0.0,0.0,0.0,0.0,0.0,1.0,0.0
E10000031,West Midlands,Warwickshire,FYE 2013,3.0,2013,Warwickshire,4131,2567,4405300000.0,5622400000.0,2190261.0050642774,0.9940740740740741,0.6269907578060352,Medium,0.0,0.0,0.0,0.0,0.0,0.0,1.0,0.0
E08000031,West Midlands,Wolverhampton,FYE 2013,4.0,2013,Wolverhampton,769,478,559200000.0,692900000.0,1449581.589958159,0.9940740740740741,0.4149616221482566,Low,0.0,0.0,0.0,0.0,0.0,0.0,1.0,0.0
E10000034,West Midlands,Worcestershire,FYE 2013,4.0,2013,Worcestershire,4191,2604,3208000000.0,4078400000.0,1566205.837173579,0.9940740740740741,0.4483468328473845,Medium,0.0,0.0,0.0,0.0,0.0,0.0,1.0,0.0
E06000055,East of England,Bedford,FYE 2013,2.0,2013,Bedford,909,565,585300000.0,733200000.0,1297699.1150442478,0.9940740740740741,0.3714832842590539,Low,1.0,0.0,0.0,0.0,0.0,0.0,0.0,0.0
E10000003,East of England,Cambridgeshire,FYE 2013,3.0,2013,Cambridgeshire,4729,2938,3424800000.0,4473900000.0,1522770.5922396188,0.9940740740740741,0.43591292790470154,Medium,1.0,0.0,0.0,0.0,0.0,0.0,0.0,0.0
E06000056,East of England,Central Bedfordshire,FYE 2013,2.0,2013,Central Bedfordshire,1484,922,1441600000.0,1877500000.0,2036334.0563991324,0.9940740740740741,0.5829271626604431,Medium,1.0,0.0,0.0,0.0,0.0,0.0,0.0,0.0
E10000012,East of England,Essex,FYE 2013,5.0,2013,Essex,8214,5104,6726100000.0,8593700000.0,1683718.6520376175,0.9940740740740741,0.4819864076164023,Medium,1.0,0.0,0.0,0.0,0.0,0.0,0.0,0.0
E10000015,East of England,Hertfordshire,FYE 2013,6.0,2013,Hertfordshire,4940,3070,5583900000.0,6977200000.0,2272703.5830618893,0.9940740740740741,0.6505910202106926,Medium,1.0,0.0,0.0,0.0,0.0,0.0,0.0,0.0
E06000032,East of England,Luton,FYE 2013,6.0,2013,Luton,457,284,387700000.0,471600000.0,1660563.38028169,0.9940740740740741,0.4753579092995875,Medium,1.0,0.0,0.0,0.0,0.0,0.0,0.0,0.0
E10000020,East of England,Norfolk,FYE 2013,2.0,2013,Norfolk,10076,6261,3792600000.0,4834800000.0,772208.9123143267,0.9940740740740741,0.2210548651494277,Low,1.0,0.0,0.0,0.0,0.0,0.0,0.0,0.0
E06000031,East of England,Peterborough,FYE 2013,1.0,2013,Peterborough,949,590,850000000.0,1061800000.0,1799661.0169491526,0.9940740740740741,0.5151764206192471,Medium,1.0,0.0,0.0,0.0,0.0,0.0,0.0,0.0
E06000033,East of England,Southend-on-Sea,FYE 2013,3.0,2013,Southend-on-Sea,452,281,329600000.0,396900000.0,1412455.5160142349,0.9940740740740741,0.4043337996272686,Low,1.0,0.0,0.0,0.0,0.0,0.0,0.0,0.0
E10000029,East of England,Suffolk,FYE 2013,4.0,2013,Suffolk,6981,4338,2782500000.0,3648500000.0,841055.7860765329,0.9940740740740741,0.24076318002739602,Low,1.0,0.0,0.0,0.0,0.0,0.0,0.0,0.0
E06000034,East of England,Thurrock,FYE 2013,3.0,2013,Thurrock,574,357,749200000.0,991100000.0,2776190.476190476,0.9940740740740741,0.7947207051834818,High,1.0,0.0,0.0,0.0,0.0,0.0,0.0,0.0
E09000002,London,Barking and Dagenham,FYE 2013,6.0,2013,Barking and Dagenham,335,208,309100000.0,392900000.0,1888942.3076923077,0.9940740740740741,0.5407343536744945,Medium,0.0,1.0,0.0,0.0,0.0,0.0,0.0,0.0
E09000003,London,Barnet,FYE 2013,9.0,2013,Barnet,766,476,877900000.0,1090300000.0,2290546.218487395,0.9940740740740741,0.6556987071397061,Medium,0.0,1.0,0.0,0.0,0.0,0.0,0.0,0.0
E09000004,London,Bexley,FYE 2013,4.0,2013,Bexley,545,339,480000000.0,600700000.0,1771976.401179941,0.9940740740740741,0.5072513385488582,Medium,0.0,1.0,0.0,0.0,0.0,0.0,0.0,0.0
E09000005,London,Brent,FYE 2013,13.0,2013,Brent,487,303,481000000.0,591300000.0,1951485.1485148515,0.9940740740740741,0.5586380569646502,Medium,0.0,1.0,0.0,0.0,0.0,0.0,0.0,0.0
E09000006,London,Bromley,FYE 2013,3.0,2013,Bromley,903,561,705000000.0,860800000.0,1534402.852049911,0.9940740740740741,0.43924281387563757,Medium,0.0,1.0,0.0,0.0,0.0,0.0,0.0,0.0
E09000007,London,Camden,FYE 2013,18.0,2013,Camden,285,177,232900000.0,309000000.0,1745762.7118644067,0.9940740740740741,0.49974732834603924,Medium,0.0,1.0,0.0,0.0,0.0,0.0,0.0,0.0
E09000001,London,City of London,FYE 2013,32.0,2013,City of London,57,35,68800000.0,98600000.0,2817142.8571428573,0.9940740740740741,0.8064438579529123,High,0.0,1.0,0.0,0.0,0.0,0.0,0.0,0.0
E09000008,London,Croydon,FYE 2013,9.0,2013,Croydon,779,484,664700000.0,817000000.0,1688016.5289256198,0.9940740740740741,0.4832167308887132,Medium,0.0,1.0,0.0,0.0,0.0,0.0,0.0,0.0
E09000009,London,Ealing,FYE 2013,9.0,2013,Ealing,589,366,672600000.0,843400000.0,2304371.5846994533,0.9940740740740741,0.6596563984003374,Medium,0.0,1.0,0.0,0.0,0.0,0.0,0.0,0.0
E09000010,London,Enfield,FYE 2013,9.0,2013,Enfield,644,400,769200000.0,999700000.0,2499250.0,0.9940740740740741,0.7154428845802085,High,0.0,1.0,0.0,0.0,0.0,0.0,0.0,0.0
E09000011,London,Greenwich,FYE 2013,8.0,2013,Greenwich,506,314,566000000.0,721000000.0,2296178.3439490446,0.9940740740740741,0.6573109764551408,Medium,0.0,1.0,0.0,0.0,0.0,0.0,0.0,0.0
E09000012,London,Hackney,FYE 2013,16.0,2013,Hackney,276,171,213600000.0,287100000.0,1678947.3684210526,0.9940740740740741,0.48062056549825266,Medium,0.0,1.0,0.0,0.0,0.0,0.0,0.0,0.0
E09000013,London,Hammersmith and Fulham,FYE 2013,11.0,2013,Hammersmith and Fulham,224,139,240900000.0,321500000.0,2312949.64028777,0.9940740740740741,0.6621119786080776,Medium,0.0,1.0,0.0,0.0,0.0,0.0,0.0,0.0
E09000014,London,Haringey,FYE 2013,17.0,2013,Haringey,357,222,258000000.0,331900000.0,1495045.045045045,0.9940740740740741,0.427976128680354,Medium,0.0,1.0,0.0,0.0,0.0,0.0,0.0,0.0
E09000015,London,Harrow,FYE 2013,10.0,2013,Harrow,477,296,338200000.0,402100000.0,1358445.945945946,0.9940740740740741,0.3888728563024338,Low,0.0,1.0,0.0,0.0,0.0,0.0,0.0,0.0
E09000016,London,Havering,FYE 2013,6.0,2013,Havering,654,406,789900000.0,1020400000.0,2513300.4926108373,0.9940740740740741,0.7194650212065046,High,0.0,1.0,0.0,0.0,0.0,0.0,0.0,0.0
E09000017,London,Hillingdon,FYE 2013,6.0,2013,Hillingdon,744,462,1221300000.0,1475700000.0,3194155.8441558443,0.9940740740740741,0.9143687389983348,High,0.0,1.0,0.0,0.0,0.0,0.0,0.0,0.0
E09000018,London,Hounslow,FYE 2013,9.0,2013,Hounslow,505,314,844700000.0,1025500000.0,3265923.566878981,0.9940740740740741,0.9349131849580401,High,0.0,1.0,0.0,0.0,0.0,0.0,0.0,0.0
E09000019,London,Islington,FYE 2013,16.0,2013,Islington,243,151,176900000.0,245300000.0,1624503.311258278,0.9940740740740741,0.4650352445800631,Medium,0.0,1.0,0.0,0.0,0.0,0.0,0.0,0.0
E09000020,London,Kensington and Chelsea,FYE 2013,12.0,2013,Kensington and Chelsea,208,129,225200000.0,303100000.0,2349612.403100775,0.9940740740740741,0.6726071722796255,Medium,0.0,1.0,0.0,0.0,0.0,0.0,0.0,0.0
E09000021,London,Kingston upon Thames,FYE 2013,9.0,2013,Kingston upon Thames,344,214,505800000.0,611300000.0,2856542.0560747664,0.9940740740740741,0.8177223921267623,High,0.0,1.0,0.0,0.0,0.0,0.0,0.0,0.0
E09000022,London,Lambeth,FYE 2013,9.0,2013,Lambeth,378,235,337900000.0,456000000.0,1940425.5319148935,0.9940740740740741,0.5554720975757835,Medium,0.0,1.0,0.0,0.0,0.0,0.0,0.0,0.0
E09000023,London,Lewisham,FYE 2013,15.0,2013,Lewisham,448,278,362000000.0,462300000.0,1662949.6402877697,0.9940740740740741,0.4760410073258386,Medium,0.0,1.0,0.0,0.0,0.0,0.0,0.0,0.0
E09000024,London,Merton,FYE 2013,8.0,2013,Merton,378,235,328600000.0,406500000.0,1729787.2340425532,0.9940740740740741,0.4951741396152544,Medium,0.0,1.0,0.0,0.0,0.0,0.0,0.0,0.0
E09000025,London,Newham,FYE 2013,16.0,2013,Newham,417,259,405500000.0,516600000.0,1994594.5945945946,0.9940740740740741,0.5709786977392611,Medium,0.0,1.0,0.0,0.0,0.0,0.0,0.0,0.0
E09000026,London,Redbridge,FYE 2013,7.0,2013,Redbridge,537,334,580100000.0,719100000.0,2152994.011976048,0.9940740740740741,0.6163225953434269,Medium,0.0,1.0,0.0,0.0,0.0,0.0,0.0,0.0
E09000027,London,Richmond upon Thames,FYE 2013,7.0,2013,Richmond upon Thames,415,258,440500000.0,530100000.0,2054651.1627906978,0.9940740740740741,0.5881706730871487,Medium,0.0,1.0,0.0,0.0,0.0,0.0,0.0,0.0
E09000028,London,Southwark,FYE 2013,17.0,2013,Southwark,396,246,324800000.0,440600000.0,1791056.9105691058,0.9940740740740741,0.5127133830328608,Medium,0.0,1.0,0.0,0.0,0.0,0.0,0.0,0.0
E09000029,London,Sutton,FYE 2013,10.0,2013,Sutton,432,268,357900000.0,435000000.0,1623134.328358209,0.9940740740740741,0.4646433553833175,Medium,0.0,1.0,0.0,0.0,0.0,0.0,0.0,0.0
E09000030,London,Tower Hamlets,FYE 2013,23.0,2013,Tower Hamlets,300,186,405700000.0,539400000.0,2900000.0,0.9940740740740741,0.8301627949515273,High,0.0,1.0,0.0,0.0,0.0,0.0,0.0,0.0
E09000031,London,Waltham Forest,FYE 2013,10.0,2013,Waltham Forest,428,266,370400000.0,465800000.0,1751127.819548872,0.9940740740740741,0.5012831603427812,Medium,0.0,1.0,0.0,0.0,0.0,0.0,0.0,0.0
E09000032,London,Wandsworth,FYE 2013,9.0,2013,Wandsworth,431,268,370700000.0,475900000.0,1775746.2686567164,0.9940740740740741,0.508330512245795,Medium,0.0,1.0,0.0,0.0,0.0,0.0,0.0,0.0
E09000033,London,Westminster,FYE 2013,19.0,2013,Westminster,342,213,369700000.0,518500000.0,2434272.3004694837,0.9940740740740741,0.6968421712520106,Medium,0.0,1.0,0.0,0.0,0.0,0.0,0.0,0.0
E06000036,South East,Bracknell Forest,FYE 2013,9.0,2013,Bracknell Forest,462,287,352200000.0,418200000.0,1457142.857142857,0.9940740740740741,0.41712613342392013,Low,0.0,0.0,0.0,0.0,1.0,0.0,0.0,0.0
E06000043,South East,Brighton and Hove,FYE 2013,6.0,2013,Brighton and Hove,623,387,627000000.0,774800000.0,2002067.1834625322,0.9940740740740741,0.5731178236910304,Medium,0.0,0.0,0.0,0.0,1.0,0.0,0.0,0.0
E06000060,South East,Buckinghamshire,FYE 2013,6.0,2013,Buckinghamshire,3267,2030,3038700000.0,3722200000.0,1833596.0591133004,0.9940740740740741,0.5248907687053805,Medium,0.0,0.0,0.0,0.0,1.0,0.0,0.0,0.0
E10000011,South East,East Sussex,FYE 2013,8.0,2013,East Sussex,3414,2121,1982700000.0,2486700000.0,1172418.6704384724,0.9940740740740741,0.3356201242429503,Low,0.0,0.0,0.0,0.0,1.0,0.0,0.0,0.0
E10000014,South East,Hampshire,FYE 2013,6.0,2013,Hampshire,8903,5532,7152700000.0,8907600000.0,1610195.2277657266,0.9940740740740741,0.46093936920676093,Medium,0.0,0.0,0.0,0.0,1.0,0.0,0.0,0.0
E06000046,South East,Isle of Wight,FYE 2013,16.0,2013,Isle of Wight,884,549,309600000.0,386300000.0,703642.9872495446,0.9940740740740741,0.20142697549762892,Low,0.0,0.0,0.0,0.0,1.0,0.0,0.0,0.0
E10000016,South East,Kent,FYE 2013,6.0,2013,Kent,9115,5664,6739700000.0,8680500000.0,1532574.152542373,0.9940740740740741,0.4387193248086361,Medium,0.0,0.0,0.0,0.0,1.0,0.0,0.0,0.0
E06000035,South East,Medway,FYE 2013,5.0,2013,Medway,855,531,663400000.0,821400000.0,1546892.6553672317,0.9940740740740741,0.44281818285160374,Medium,0.0,0.0,0.0,0.0,1.0,0.0,0.0,0.0
E06000042,South East,Milton Keynes,FYE 2013,4.0,2013,Milton Keynes,1237,769,1156400000.0,1436900000.0,1868530.5591677504,0.9940740740740741,0.5348912246382896,Medium,0.0,0.0,0.0,0.0,1.0,0.0,0.0,0.0
E10000025,South East,Oxfordshire,FYE 2013,5.0,2013,Oxfordshire,4691,2915,3539700000.0,4451000000.0,1526929.6740994854,0.9940740740740741,0.4371035192913288,Medium,0.0,0.0,0.0,0.0,1.0,0.0,0.0,0.0
E06000038,South East,Reading,FYE 2013,8.0,2013,Reading,395,245,299600000.0,359500000.0,1467346.9387755103,0.9940740740740741,0.4200471847784294,Low,0.0,0.0,0.0,0.0,1.0,0.0,0.0,0.0
E06000039,South East,Slough,FYE 2013,6.0,2013,Slough,316,196,425400000.0,514800000.0,2626530.612244898,0.9940740740740741,0.7518786186506796,High,0.0,0.0,0.0,0.0,1.0,0.0,0.0,0.0
E06000045,South East,Southampton,FYE 2013,11.0,2013,Southampton,579,360,494900000.0,606600000.0,1685000.0,0.9940740740740741,0.48235321017011157,Medium,0.0,0.0,0.0,0.0,1.0,0.0,0.0,0.0
E10000030,South East,Surrey,FYE 2013,5.0,2013,Surrey,5547,3447,6682000000.0,8234400000.0,2388859.878154917,0.9940740740740741,0.6838422735160866,Medium,0.0,0.0,0.0,0.0,1.0,0.0,0.0,0.0
E06000037,South East,West Berkshire,FYE 2013,4.0,2013,West Berkshire,1417,880,1391500000.0,1746300000.0,1984431.8181818181,0.9940740740740741,0.5680694705422618,Medium,0.0,0.0,0.0,0.0,1.0,0.0,0.0,0.0
E10000032,South East,West Sussex,FYE 2013,4.0,2013,West Sussex,4191,2604,3323900000.0,4092300000.0,1571543.7788018433,0.9940740740740741,0.4498748882064907,Medium,0.0,0.0,0.0,0.0,1.0,0.0,0.0,0.0
E06000040,South East,Windsor and Maidenhead,FYE 2013,8.0,2013,Windsor and Maidenhead,693,431,920000000.0,1103900000.0,2561252.9002320184,0.9940740740740741,0.73319202283942,High,0.0,0.0,0.0,0.0,1.0,0.0,0.0,0.0
E06000041,South East,Wokingham,FYE 2013,5.0,2013,Wokingham,745,463,835300000.0,1002800000.0,2165874.7300215983,0.9940740740740741,0.6200098687550396,Medium,0.0,0.0,0.0,0.0,1.0,0.0,0.0,0.0
E06000022,South West,Bath and North East Somerset,FYE 2013,3.0,2013,Bath and North East Somerset,1060,659,588600000.0,726400000.0,1102276.1760242793,0.9940740740740741,0.3155409210678612,Low,0.0,0.0,0.0,0.0,0.0,1.0,0.0,0.0
E06000028,South West,Bournemouth,FYE 2013,7.0,2013,Bournemouth,509,316,427300000.0,516300000.0,1633860.759493671,0.9940740740740741,0.4677139360906521,Medium,0.0,0.0,0.0,0.0,0.0,1.0,0.0,0.0
E06000023,South West,"Bristol, City of",FYE 2013,6.0,2013,"Bristol, City of",1145,711,1151300000.0,1422800000.0,2001125.17580872,0.9940740740740741,0.572848161723184,Medium,0.0,0.0,0.0,0.0,0.0,1.0,0.0,0.0
E06000052,South West,Cornwall,FYE 2013,1.0,2013,Cornwall excluding Isles of Scilly,7387,4590,2340800000.0,3006500000.0,655010.8932461874,0.9940740740740741,0.18750540477963842,Low,0.0,0.0,0.0,0.0,0.0,1.0,0.0,0.0
E10000008,South West,Devon,FYE 2013,2.0,2013,Devon,13037,8101,3971600000.0,5050500000.0,623441.5504258734,0.9940740740740741,0.17846826896222642,Low,0.0,0.0,0.0,0.0,0.0,1.0,0.0,0.0
E10000013,South West,Gloucestershire,FYE 2013,3.0,2013,Gloucestershire,5565,3458,3182300000.0,4008100000.0,1159080.3932909197,0.9940740740740741,0.3318018685751398,Low,0.0,0.0,0.0,0.0,0.0,1.0,0.0,0.0
E06000024,South West,North Somerset,FYE 2013,2.0,2013,North Somerset,1153,716,1160900000.0,1448100000.0,2022486.033519553,0.9940740740740741,0.5789629856334554,Medium,0.0,0.0,0.0,0.0,0.0,1.0,0.0,0.0
E06000026,South West,Plymouth,FYE 2013,4.0,2013,Plymouth,813,505,723800000.0,886000000.0,1754455.4455445544,0.9940740740740741,0.5022357366521361,Medium,0.0,0.0,0.0,0.0,0.0,1.0,0.0,0.0
E06000029,South West,Poole,FYE 2013,7.0,2013,Poole,528,328,434700000.0,534500000.0,1629573.1707317072,0.9940740740740741,0.46648655792850224,Medium,0.0,0.0,0.0,0.0,0.0,1.0,0.0,0.0
E06000066,South West,Somerset,FYE 2013,4.0,2013,Somerset,6773,4209,3182800000.0,4035300000.0,958731.2900926586,0.9940740740740741,0.2744493266864845,Low,0.0,0.0,0.0,0.0,0.0,1.0,0.0,0.0
E06000025,South West,South Gloucestershire,FYE 2013,3.0,2013,South Gloucestershire,1536,954,1873600000.0,2363400000.0,2477358.4905660376,0.9940740740740741,0.7091761546983444,Medium,0.0,0.0,0.0,0.0,0.0,1.0,0.0,0.0
E06000030,South West,Swindon,FYE 2013,1.0,2013,Swindon,898,558,980000000.0,1215000000.0,2177419.35483871,0.9940740740740741,0.6233146680670534,Medium,0.0,0.0,0.0,0.0,0.0,1.0,0.0,0.0
E06000027,South West,Torbay,FYE 2013,2.0,2013,Torbay,523,325,336600000.0,409800000.0,1260923.076923077,0.9940740740740741,0.3609556640542556,Low,0.0,0.0,0.0,0.0,0.0,1.0,0.0,0.0
E06000054,South West,Wiltshire,FYE 2013,3.0,2013,Wiltshire,4759,2957,2768400000.0,3488800000.0,1179844.4369293202,0.9940740740740741,0.3377458466790536,Low,0.0,0.0,0.0,0.0,0.0,1.0,0.0,0.0
E06000047,North East,County Durham,FYE 2014,5.0,2014,Durham,3690,2293,1919200000.0,2474500000.0,1079153.9467945923,0.994567901234568,0.3089218816048174,Low,0.0,0.0,1.0,0.0,0.0,0.0,0.0,0.0
E06000005,North East,Darlington,FYE 2014,3.0,2014,Darlington,550,342,390200000.0,494400000.0,1445614.0350877193,0.994567901234568,0.4138258578584746,Low,0.0,0.0,1.0,0.0,0.0,0.0,0.0,0.0
E08000037,North East,Gateshead,FYE 2014,2.0,2014,Gateshead,906,563,834400000.0,1039500000.0,1846358.7921847247,0.994567901234568,0.5285442673804818,Medium,0.0,0.0,1.0,0.0,0.0,0.0,0.0,0.0
E06000001,North East,Hartlepool,FYE 2014,5.0,2014,Hartlepool,404,251,292500000.0,363900000.0,1449800.796812749,0.994567901234568,0.41502437296724937,Low,0.0,0.0,1.0,0.0,0.0,0.0,0.0,0.0
E06000002,North East,Middlesbrough,FYE 2014,2.0,2014,Middlesbrough,514,319,565400000.0,686300000.0,2151410.65830721,0.994567901234568,0.6158693397202823,Medium,0.0,0.0,1.0,0.0,0.0,0.0,0.0,0.0
E08000021,North East,Newcastle upon Tyne,FYE 2014,5.0,2014,Newcastle upon Tyne,969,602,858200000.0,1035400000.0,1719933.5548172758,0.994567901234568,0.4923533955165606,Medium,0.0,0.0,1.0,0.0,0.0,0.0,0.0,0.0
E08000022,North East,North Tyneside,FYE 2014,4.0,2014,North Tyneside,797,495,647500000.0,773600000.0,1562828.2828282828,0.994567901234568,0.44737996389724943,Medium,0.0,0.0,1.0,0.0,0.0,0.0,0.0,0.0
E06000057,North East,Northumberland,FYE 2014,3.0,2014,Northumberland,5170,3212,1350000000.0,1728300000.0,538075.9651307596,0.994567901234568,0.1540312576238593,Low,0.0,0.0,1.0,0.0,0.0,0.0,0.0,0.0
E06000003,North East,Redcar and Cleveland,FYE 2014,2.0,2014,Redcar and Cleveland,676,420,438800000.0,535400000.0,1274761.9047619049,0.994567901234568,0.3649172088809916,Low,0.0,0.0,1.0,0.0,0.0,0.0,0.0,0.0
E08000023,North East,South Tyneside,FYE 2014,5.0,2014,South Tyneside,558,347,368800000.0,450500000.0,1298270.8933717578,0.994567901234568,0.371646963257143,Low,0.0,0.0,1.0,0.0,0.0,0.0,0.0,0.0
E06000004,North East,Stockton-on-Tees,FYE 2014,2.0,2014,Stockton-on-Tees,860,534,682600000.0,842800000.0,1578277.1535580524,0.994567901234568,0.4518024044847909,Medium,0.0,0.0,1.0,0.0,0.0,0.0,0.0,0.0
E08000024,North East,Sunderland,FYE 2014,2.0,2014,Sunderland,1145,711,827400000.0,1019100000.0,1433333.3333333333,0.994567901234568,0.41031034693006524,Low,0.0,0.0,1.0,0.0,0.0,0.0,0.0,0.0
E06000008,North West,Blackburn with Darwen,FYE 2014,4.0,2014,Blackburn with Darwen,549,341,362900000.0,446000000.0,1307917.88856305,0.994567901234568,0.3744085413574489,Low,0.0,0.0,0.0,1.0,0.0,0.0,0.0,0.0
E06000009,North West,Blackpool,FYE 2014,7.0,2014,Blackpool,456,283,278700000.0,334900000.0,1183392.22614841,0.994567901234568,0.3387614475804393,Low,0.0,0.0,0.0,1.0,0.0,0.0,0.0,0.0
E08000001,North West,Bolton,FYE 2014,2.0,2014,Bolton,992,616,1021800000.0,1267300000.0,2057305.1948051949,0.994567901234568,0.5889304243406127,Medium,0.0,0.0,0.0,1.0,0.0,0.0,0.0,0.0
E08000002,North West,Bury,FYE 2014,3.0,2014,Bury,687,427,797800000.0,1011600000.0,2369086.651053864,0.994567901234568,0.6781819295590447,Medium,0.0,0.0,0.0,1.0,0.0,0.0,0.0,0.0
E06000049,North West,Cheshire East,FYE 2014,5.0,2014,East Cheshire,2858,1776,2252000000.0,2858900000.0,1609740.990990991,0.994567901234568,0.46080933801004226,Medium,0.0,0.0,0.0,1.0,0.0,0.0,0.0,0.0
E06000050,North West,Cheshire West and Chester,FYE 2014,2.0,2014,West Cheshire,2404,1494,1970200000.0,2446700000.0,1637684.0696117803,0.994567901234568,0.4688084084401749,Medium,0.0,0.0,0.0,1.0,0.0,0.0,0.0,0.0
E10000006,North West,Cumbria,FYE 2014,5.0,2014,Cumbria,8101,5034,2612400000.0,3488700000.0,693027.4135876043,0.994567901234568,0.1983881291868668,Low,0.0,0.0,0.0,1.0,0.0,0.0,0.0,0.0
E06000006,North West,Halton,FYE 2014,1.0,2014,Halton,581,361,504800000.0,629400000.0,1743490.3047091414,0.994567901234568,0.49909682218214857,Medium,0.0,0.0,0.0,1.0,0.0,0.0,0.0,0.0
E08000011,North West,Knowsley,FYE 2014,2.0,2014,Knowsley,582,362,694900000.0,881000000.0,2433701.6574585633,0.994567901234568,0.6966788172530916,Medium,0.0,0.0,0.0,1.0,0.0,0.0,0.0,0.0
E10000017,North West,Lancashire,FYE 2014,5.0,2014,Lancashire,6946,4316,5486500000.0,6878600000.0,1593744.2075996292,0.994567901234568,0.45623005028231567,Medium,0.0,0.0,0.0,1.0,0.0,0.0,0.0,0.0
E08000012,North West,Liverpool,FYE 2014,6.0,2014,Liverpool,1433,890,1069900000.0,1319800000.0,1482921.3483146068,0.994567901234568,0.42450556248625565,Medium,0.0,0.0,0.0,1.0,0.0,0.0,0.0,0.0
E08000003,North West,Manchester,FYE 2014,6.0,2014,Manchester,1371,852,1349100000.0,1635600000.0,1919718.309859155,0.994567901234568,0.5495443853904477,Medium,0.0,0.0,0.0,1.0,0.0,0.0,0.0,0.0
E08000004,North West,Oldham,FYE 2014,7.0,2014,Oldham,824,512,543800000.0,677200000.0,1322656.25,0.994567901234568,0.3786275894000366,Low,0.0,0.0,0.0,1.0,0.0,0.0,0.0,0.0
E08000005,North West,Rochdale,FYE 2014,10.0,2014,Rochdale,787,489,780000000.0,1022000000.0,2089979.5501022495,0.994567901234568,0.5982838843808341,Medium,0.0,0.0,0.0,1.0,0.0,0.0,0.0,0.0
E08000006,North West,Salford,FYE 2014,3.0,2014,Salford,800,497,1125000000.0,1439500000.0,2896378.269617706,0.994567901234568,0.8291260274285184,High,0.0,0.0,0.0,1.0,0.0,0.0,0.0,0.0
E08000014,North West,Sefton,FYE 2014,2.0,2014,Sefton,991,616,574000000.0,707300000.0,1148214.2857142857,0.994567901234568,0.32869130366615273,Low,0.0,0.0,0.0,1.0,0.0,0.0,0.0,0.0
E08000013,North West,St. Helens,FYE 2014,4.0,2014,St. Helens,735,457,648500000.0,829800000.0,1815754.9234135668,0.994567901234568,0.5197835110924148,Medium,0.0,0.0,0.0,1.0,0.0,0.0,0.0,0.0
E08000007,North West,Stockport,FYE 2014,6.0,2014,Stockport,995,618,941300000.0,1150200000.0,1861165.0485436893,0.994567901234568,0.5327827512293531,Medium,0.0,0.0,0.0,1.0,0.0,0.0,0.0,0.0
E08000008,North West,Tameside,FYE 2014,3.0,2014,Tameside,769,478,580100000.0,725900000.0,1518619.2468619247,0.994567901234568,0.4347245511869237,Medium,0.0,0.0,0.0,1.0,0.0,0.0,0.0,0.0
E08000009,North West,Trafford,FYE 2014,8.0,2014,Trafford,804,500,776900000.0,947700000.0,1895400.0,0.994567901234568,0.5425829522590085,Medium,0.0,0.0,0.0,1.0,0.0,0.0,0.0,0.0
E06000007,North West,Warrington,FYE 2014,3.0,2014,Warrington,991,616,1225100000.0,1576900000.0,2559902.5974025973,0.994567901234568,0.7328054810563499,High,0.0,0.0,0.0,1.0,0.0,0.0,0.0,0.0
E08000010,North West,Wigan,FYE 2014,3.0,2014,Wigan,1158,720,934000000.0,1192200000.0,1655833.3333333333,0.994567901234568,0.4740038717151393,Medium,0.0,0.0,0.0,1.0,0.0,0.0,0.0,0.0
E08000015,North West,Wirral,FYE 2014,1.0,2014,Wirral,1211,752,854300000.0,1046100000.0,1391090.425531915,0.994567901234568,0.39821776403099446,Low,0.0,0.0,0.0,1.0,0.0,0.0,0.0,0.0
E08000016,Yorkshire and the Humber,Barnsley,FYE 2014,3.0,2014,Barnsley,1217,756,928800000.0,1198500000.0,1585317.4603174604,0.994567901234568,0.4538177840491724,Medium,0.0,0.0,0.0,0.0,0.0,0.0,0.0,1.0
E08000032,Yorkshire and the Humber,Bradford,FYE 2014,2.0,2014,Bradford,1945,1209,1244900000.0,1541000000.0,1274607.1133167907,0.994567901234568,0.36487289781247073,Low,0.0,0.0,0.0,0.0,0.0,0.0,0.0,1.0
E08000033,Yorkshire and the Humber,Calderdale,FYE 2014,4.0,2014,Calderdale,1176,731,729300000.0,950400000.0,1300136.7989056087,0.994567901234568,0.3721811030340731,Low,0.0,0.0,0.0,0.0,0.0,0.0,0.0,1.0
E08000017,Yorkshire and the Humber,Doncaster,FYE 2014,2.0,2014,Doncaster,1668,1036,1441300000.0,1964700000.0,1896428.5714285714,0.994567901234568,0.5428773942355432,Medium,0.0,0.0,0.0,0.0,0.0,0.0,0.0,1.0
E06000011,Yorkshire and the Humber,East Riding of Yorkshire,FYE 2014,2.0,2014,East Riding of Yorkshire,3433,2133,1631600000.0,2137500000.0,1002109.7046413502,0.994567901234568,0.2868669631907286,Low,0.0,0.0,0.0,0.0,0.0,0.0,0.0,1.0
E06000010,Yorkshire and the Humber,"Kingston upon Hull, City of",FYE 2014,5.0,2014,"Kingston upon Hull, City of",749,465,584900000.0,742300000.0,1596344.0860215053,0.994567901234568,0.45697429936412215,Medium,0.0,0.0,0.0,0.0,0.0,0.0,0.0,1.0
E08000034,Yorkshire and the Humber,Kirklees,FYE 2014,5.0,2014,Kirklees,1921,1194,1312400000.0,1705800000.0,1428643.216080402,0.994567901234568,0.408967739741326,Low,0.0,0.0,0.0,0.0,0.0,0.0,0.0,1.0
E08000035,Yorkshire and the Humber,Leeds,FYE 2014,4.0,2014,Leeds,3026,1880,3077700000.0,3909200000.0,2079361.7021276595,0.994567901234568,0.5952443870184355,Medium,0.0,0.0,0.0,0.0,0.0,0.0,0.0,1.0
E06000012,Yorkshire and the Humber,North East Lincolnshire,FYE 2014,2.0,2014,North East Lincolnshire,643,400,473000000.0,599100000.0,1497750.0,0.994567901234568,0.4287504572891897,Medium,0.0,0.0,0.0,0.0,0.0,0.0,0.0,1.0
E06000013,Yorkshire and the Humber,North Lincolnshire,FYE 2014,3.0,2014,North Lincolnshire,1416,880,747600000.0,1065000000.0,1210227.2727272727,0.994567901234568,0.34644332939787487,Low,0.0,0.0,0.0,0.0,0.0,0.0,0.0,1.0
E06000065,Yorkshire and the Humber,North Yorkshire,FYE 2014,3.0,2014,North Yorkshire,9292,5774,3817400000.0,5066600000.0,877485.2788361621,0.994567901234568,0.25119159710601674,Low,0.0,0.0,0.0,0.0,0.0,0.0,0.0,1.0
E08000018,Yorkshire and the Humber,Rotherham,FYE 2014,3.0,2014,Rotherham,1216,756,1104500000.0,1452900000.0,1921825.396825397,0.994567901234568,0.550147566495655,Medium,0.0,0.0,0.0,0.0,0.0,0.0,0.0,1.0
E08000019,Yorkshire and the Humber,Sheffield,FYE 2014,12.0,2014,Sheffield,1981,1231,1328100000.0,1683700000.0,1367749.7969130788,0.994567901234568,0.3915362048964639,Low,0.0,0.0,0.0,0.0,0.0,0.0,0.0,1.0
E08000036,Yorkshire and the Humber,Wakefield,FYE 2014,2.0,2014,Wakefield,1552,964,1359200000.0,1784100000.0,1850726.1410788381,0.994567901234568,0.5297944779199527,Medium,0.0,0.0,0.0,0.0,0.0,0.0,0.0,1.0
E06000014,Yorkshire and the Humber,York,FYE 2014,2.0,2014,York,800,497,618800000.0,767600000.0,1544466.800804829,0.994567901234568,0.44212375036757956,Medium,0.0,0.0,0.0,0.0,0.0,0.0,0.0,1.0
E06000015,East Midlands,Derby,FYE 2014,10.0,2014,Derby,763,474,897100000.0,1076200000.0,2270464.135021097,0.994567901234568,0.6499499490228675,Medium,0.0,0.0,0.0,0.0,0.0,0.0,0.0,0.0
E10000007,East Midlands,Derbyshire,FYE 2014,4.0,2014,Derbyshire,5636,3502,3842100000.0,4926300000.0,1406710.4511707595,0.994567901234568,0.40268919994187646,Low,0.0,0.0,0.0,0.0,0.0,0.0,0.0,0.0
E06000016,East Midlands,Leicester,FYE 2014,5.0,2014,Leicester,822,511,746600000.0,912100000.0,1784931.506849315,0.994567901234568,0.5109599063872651,Medium,0.0,0.0,0.0,0.0,0.0,0.0,0.0,0.0
E10000018,East Midlands,Leicestershire,FYE 2014,2.0,2014,Leicestershire,4567,2838,3659300000.0,4811900000.0,1695525.0176180408,0.994567901234568,0.4853661336331139,Medium,0.0,0.0,0.0,0.0,0.0,0.0,0.0,0.0
E10000019,East Midlands,Lincolnshire,FYE 2014,3.0,2014,Lincolnshire,8929,5548,2877700000.0,3829400000.0,690230.7137707282,0.994567901234568,0.1975875374156191,Low,0.0,0.0,0.0,0.0,0.0,0.0,0.0,0.0
E10000021,East Midlands,Northamptonshire,FYE 2014,3.0,2014,Northamptonshire,4551,2828,4097300000.0,5364000000.0,1896746.8175388968,0.994567901234568,0.5429684963322432,Medium,0.0,0.0,0.0,0.0,0.0,0.0,0.0,0.0
E06000018,East Midlands,Nottingham,FYE 2014,18.0,2014,Nottingham,799,496,773600000.0,966900000.0,1949395.1612903227,0.994567901234568,0.5580397708833648,Medium,0.0,0.0,0.0,0.0,0.0,0.0,0.0,0.0
E10000024,East Midlands,Nottinghamshire,FYE 2014,2.0,2014,Nottinghamshire,4825,2998,3555000000.0,4602400000.0,1535156.7711807871,0.994567901234568,0.43945863305248434,Medium,0.0,0.0,0.0,0.0,0.0,0.0,0.0,0.0
E08000025,West Midlands,Birmingham,FYE 2014,6.0,2014,Birmingham,2540,1578,2911100000.0,3587500000.0,2273447.401774398,0.994567901234568,0.6508039480111456,Medium,0.0,0.0,0.0,0.0,0.0,0.0,1.0,0.0
E08000026,West Midlands,Coventry,FYE 2014,1.0,2014,Coventry,881,547,955200000.0,1156400000.0,2114076.7824497255,0.994567901234568,0.605182031193309,Medium,0.0,0.0,0.0,0.0,0.0,0.0,1.0,0.0
E08000027,West Midlands,Dudley,FYE 2014,7.0,2014,Dudley,1025,637,836300000.0,1051800000.0,1651177.3940345368,0.994567901234568,0.4726710484112036,Medium,0.0,0.0,0.0,0.0,0.0,0.0,1.0,0.0
E06000019,West Midlands,"Herefordshire, County of",FYE 2014,8.0,2014,"Herefordshire, County of",3346,2079,882600000.0,1171800000.0,563636.3636363636,0.994567901234568,0.1613482548181652,Low,0.0,0.0,0.0,0.0,0.0,0.0,1.0,0.0
E08000028,West Midlands,Sandwell,FYE 2014,6.0,2014,Sandwell,895,556,962700000.0,1260300000.0,2266726.618705036,0.994567901234568,0.6488800362673096,Medium,0.0,0.0,0.0,0.0,0.0,0.0,1.0,0.0
E06000051,West Midlands,Shropshire,FYE 2014,4.0,2014,Shropshire,5186,3222,1494000000.0,1954100000.0,606486.6542520174,0.994567901234568,0.17361470896367426,Low,0.0,0.0,0.0,0.0,0.0,0.0,1.0,0.0
E08000029,West Midlands,Solihull,FYE 2014,4.0,2014,Solihull,869,540,1161600000.0,1448800000.0,2682962.962962963,0.994567901234568,0.7680331145119877,High,0.0,0.0,0.0,0.0,0.0,0.0,1.0,0.0
E10000028,West Midlands,Staffordshire,FYE 2014,2.0,2014,Staffordshire,6312,3922,4483200000.0,5825900000.0,1485441.1014788374,0.994567901234568,0.4252268746688093,Medium,0.0,0.0,0.0,0.0,0.0,0.0,1.0,0.0
E06000021,West Midlands,Stoke-on-Trent,FYE 2014,3.0,2014,Stoke-on-Trent,873,542,697300000.0,860100000.0,1586900.36900369,0.994567901234568,0.454270912290246,Medium,0.0,0.0,0.0,0.0,0.0,0.0,1.0,0.0
E06000020,West Midlands,Telford and Wrekin,FYE 2014,3.0,2014,Telford and Wrekin,1039,646,665500000.0,835600000.0,1293498.4520123838,0.994567901234568,0.37028078972002576,Low,0.0,0.0,0.0,0.0,0.0,0.0,1.0,0.0
E08000030,West Midlands,Walsall,FYE 2014,7.0,2014,Walsall,870,541,721900000.0,945800000.0,1748243.9926062846,0.994567901234568,0.5004576272962933,Medium,0.0,0.0,0.0,0.0,0.0,0.0,1.0,0.0
E10000031,West Midlands,Warwickshire,FYE 2014,3.0,2014,Warwickshire,4145,2576,4460800000.0,5721000000.0,2220885.0931677017,0.994567901234568,0.6357573021414767,Medium,0.0,0.0,0.0,0.0,0.0,0.0,1.0,0.0
E08000031,West Midlands,Wolverhampton,FYE 2014,4.0,2014,Wolverhampton,771,479,568900000.0,710600000.0,1483507.3068893529,0.994567901234568,0.4246733007649236,Medium,0.0,0.0,0.0,0.0,0.0,0.0,1.0,0.0
E10000034,West Midlands,Worcestershire,FYE 2014,3.0,2014,Worcestershire,4207,2614,3288200000.0,4202600000.0,1607727.6205049732,0.994567901234568,0.4602329844686817,Medium,0.0,0.0,0.0,0.0,0.0,0.0,1.0,0.0
E06000055,East of England,Bedford,FYE 2014,2.0,2014,Bedford,911,566,612800000.0,770000000.0,1360424.0282685512,0.994567901234568,0.3894391081471159,Low,1.0,0.0,0.0,0.0,0.0,0.0,0.0,0.0
E10000003,East of England,Cambridgeshire,FYE 2014,3.0,2014,Cambridgeshire,4736,2943,3506200000.0,4599600000.0,1562895.00509684,0.994567901234568,0.447399064016198,Medium,1.0,0.0,0.0,0.0,0.0,0.0,0.0,0.0
E06000056,East of England,Central Bedfordshire,FYE 2014,2.0,2014,Central Bedfordshire,1496,930,1466500000.0,1916300000.0,2060537.6344086023,0.994567901234568,0.5898557523046392,Medium,1.0,0.0,0.0,0.0,0.0,0.0,0.0,0.0
E10000012,East of England,Essex,FYE 2014,4.0,2014,Essex,8214,5104,6927400000.0,8926100000.0,1748844.0438871474,0.994567901234568,0.5006293997957537,Medium,1.0,0.0,0.0,0.0,0.0,0.0,0.0,0.0
E10000015,East of England,Hertfordshire,FYE 2014,4.0,2014,Hertfordshire,4946,3073,5728400000.0,7210700000.0,2346469.2482915716,0.994567901234568,0.6717074032515656,Medium,1.0,0.0,0.0,0.0,0.0,0.0,0.0,0.0
E06000032,East of England,Luton,FYE 2014,8.0,2014,Luton,459,285,396200000.0,485600000.0,1703859.649122807,0.994567901234568,0.48775203052445454,Medium,1.0,0.0,0.0,0.0,0.0,0.0,0.0,0.0
E10000020,East of England,Norfolk,FYE 2014,3.0,2014,Norfolk,10087,6268,3854300000.0,4929100000.0,786391.1933631143,0.994567901234568,0.2251147279336517,Low,1.0,0.0,0.0,0.0,0.0,0.0,0.0,0.0
E06000031,East of England,Peterborough,FYE 2014,1.0,2014,Peterborough,952,592,875000000.0,1099800000.0,1857770.2702702703,0.994567901234568,0.5318109517053179,Medium,1.0,0.0,0.0,0.0,0.0,0.0,0.0,0.0
E06000033,East of England,Southend-on-Sea,FYE 2014,4.0,2014,Southend-on-Sea,452,281,334800000.0,406400000.0,1446263.3451957295,0.994567901234568,0.41401173133918356,Low,1.0,0.0,0.0,0.0,0.0,0.0,0.0,0.0
E10000029,East of England,Suffolk,FYE 2014,3.0,2014,Suffolk,6979,4337,2854300000.0,3754800000.0,865759.7417569748,0.994567901234568,0.24783500930120095,Low,1.0,0.0,0.0,0.0,0.0,0.0,0.0,0.0
E06000034,East of England,Thurrock,FYE 2014,3.0,2014,Thurrock,576,358,766800000.0,1019200000.0,2846927.374301676,0.994567901234568,0.8149700641635491,High,1.0,0.0,0.0,0.0,0.0,0.0,0.0,0.0
E09000002,London,Barking and Dagenham,FYE 2014,8.0,2014,Barking and Dagenham,335,208,318700000.0,405700000.0,1950480.7692307692,0.994567901234568,0.5583505403047656,Medium,0.0,1.0,0.0,0.0,0.0,0.0,0.0,0.0
E09000003,London,Barnet,FYE 2014,10.0,2014,Barnet,763,474,880000000.0,1102900000.0,2326793.2489451477,0.994567901234568,0.6660748920064307,Medium,0.0,1.0,0.0,0.0,0.0,0.0,0.0,0.0
E09000004,London,Bexley,FYE 2014,5.0,2014,Bexley,545,339,488400000.0,616800000.0,1819469.0265486725,0.994567901234568,0.5208467215197864,Medium,0.0,1.0,0.0,0.0,0.0,0.0,0.0,0.0
E09000005,London,Brent,FYE 2014,16.0,2014,Brent,487,303,491500000.0,610900000.0,2016171.617161716,0.994567901234568,0.5771554016568659,Medium,0.0,1.0,0.0,0.0,0.0,0.0,0.0,0.0
E09000006,London,Bromley,FYE 2014,5.0,2014,Bromley,903,561,718100000.0,879800000.0,1568270.944741533,0.994567901234568,0.4489379968027253,Medium,0.0,1.0,0.0,0.0,0.0,0.0,0.0,0.0
E09000007,London,Camden,FYE 2014,20.0,2014,Camden,285,177,235400000.0,313300000.0,1770056.4971751412,0.994567901234568,0.5067017410058708,Medium,0.0,1.0,0.0,0.0,0.0,0.0,0.0,0.0
E09000001,London,City of London,FYE 2014,23.0,2014,City of London,57,35,70800000.0,101300000.0,2894285.714285714,0.994567901234568,0.8285270061930021,High,0.0,1.0,0.0,0.0,0.0,0.0,0.0,0.0
E09000008,London,Croydon,FYE 2014,7.0,2014,Croydon,779,484,672200000.0,828400000.0,1711570.2479338844,0.994567901234568,0.48995928992436966,Medium,0.0,1.0,0.0,0.0,0.0,0.0,0.0,0.0
E09000009,London,Ealing,FYE 2014,18.0,2014,Ealing,589,366,654100000.0,826100000.0,2257103.825136612,0.994567901234568,0.6461253861969632,Medium,0.0,1.0,0.0,0.0,0.0,0.0,0.0,0.0
E09000010,London,Enfield,FYE 2014,10.0,2014,Enfield,644,400,798800000.0,1041800000.0,2604500.0,0.994567901234568,0.7455720687762941,High,0.0,1.0,0.0,0.0,0.0,0.0,0.0,0.0
E09000011,London,Greenwich,FYE 2014,5.0,2014,Greenwich,507,315,571800000.0,732200000.0,2324444.4444444445,0.994567901234568,0.6654025161067415,Medium,0.0,1.0,0.0,0.0,0.0,0.0,0.0,0.0
E09000012,London,Hackney,FYE 2014,16.0,2014,Hackney,278,173,216600000.0,291400000.0,1684393.063583815,0.994567901234568,0.482179466710933,Medium,0.0,1.0,0.0,0.0,0.0,0.0,0.0,0.0
E09000013,London,Hammersmith and Fulham,FYE 2014,22.0,2014,Hammersmith and Fulham,224,139,236600000.0,317200000.0,2282014.3884892086,0.994567901234568,0.6532563596095868,Medium,0.0,1.0,0.0,0.0,0.0,0.0,0.0,0.0
E09000014,London,Haringey,FYE 2014,22.0,2014,Haringey,357,222,261800000.0,337200000.0,1518918.9189189188,0.994567901234568,0.4348103362187869,Medium,0.0,1.0,0.0,0.0,0.0,0.0,0.0,0.0
E09000015,London,Harrow,FYE 2014,11.0,2014,Harrow,476,296,339700000.0,405700000.0,1370608.1081081082,0.994567901234568,0.3923544337276732,Low,0.0,1.0,0.0,0.0,0.0,0.0,0.0,0.0
E09000016,London,Havering,FYE 2014,5.0,2014,Havering,657,408,797400000.0,1047500000.0,2567401.9607843137,0.994567901234568,0.7349522715616336,High,0.0,1.0,0.0,0.0,0.0,0.0,0.0,0.0
E09000017,London,Hillingdon,FYE 2014,9.0,2014,Hillingdon,748,465,1241700000.0,1516600000.0,3261505.376344086,0.994567901234568,0.9336484203362895,High,0.0,1.0,0.0,0.0,0.0,0.0,0.0,0.0
E09000018,London,Hounslow,FYE 2014,13.0,2014,Hounslow,504,313,853000000.0,1038400000.0,3317571.8849840257,0.994567901234568,0.9496981891348089,High,0.0,1.0,0.0,0.0,0.0,0.0,0.0,0.0
E09000019,London,Islington,FYE 2014,20.0,2014,Islington,244,152,179700000.0,248700000.0,1636184.2105263157,0.994567901234568,0.4683790542296843,Medium,0.0,1.0,0.0,0.0,0.0,0.0,0.0,0.0
E09000020,London,Kensington and Chelsea,FYE 2014,16.0,2014,Kensington and Chelsea,208,129,232100000.0,312600000.0,2423255.8139534886,0.994567901234568,0.6936885584117816,Medium,0.0,1.0,0.0,0.0,0.0,0.0,0.0,0.0
E09000021,London,Kingston upon Thames,FYE 2014,4.0,2014,Kingston upon Thames,344,214,502100000.0,612200000.0,2860747.663551402,0.994567901234568,0.818926302077546,High,0.0,1.0,0.0,0.0,0.0,0.0,0.0,0.0
E09000022,London,Lambeth,FYE 2014,4.0,2014,Lambeth,378,235,342900000.0,464300000.0,1975744.680851064,0.994567901234568,0.5655826642641147,Medium,0.0,1.0,0.0,0.0,0.0,0.0,0.0,0.0
E09000023,London,Lewisham,FYE 2014,7.0,2014,Lewisham,449,279,366000000.0,468700000.0,1679928.3154121863,0.994567901234568,0.48090137435889363,Medium,0.0,1.0,0.0,0.0,0.0,0.0,0.0,0.0
E09000024,London,Merton,FYE 2014,8.0,2014,Merton,379,235,326400000.0,406600000.0,1730212.7659574468,0.994567901234568,0.4952959536717403,Medium,0.0,1.0,0.0,0.0,0.0,0.0,0.0,0.0
E09000025,London,Newham,FYE 2014,22.0,2014,Newham,418,260,431000000.0,551100000.0,2119615.3846153845,0.994567901234568,0.6067675282464015,Medium,0.0,1.0,0.0,0.0,0.0,0.0,0.0,0.0
E09000026,London,Redbridge,FYE 2014,9.0,2014,Redbridge,537,334,588800000.0,731800000.0,2191017.9640718563,0.994567901234568,0.627207447187206,Medium,0.0,1.0,0.0,0.0,0.0,0.0,0.0,0.0
E09000027,London,Richmond upon Thames,FYE 2014,14.0,2014,Richmond upon Thames,415,258,439100000.0,534600000.0,2072093.0232558139,0.994567901234568,0.593163632960554,Medium,0.0,1.0,0.0,0.0,0.0,0.0,0.0,0.0
E09000028,London,Southwark,FYE 2014,7.0,2014,Southwark,396,246,329600000.0,447400000.0,1818699.18699187,0.994567901234568,0.5206263449135314,Medium,0.0,1.0,0.0,0.0,0.0,0.0,0.0,0.0
E09000029,London,Sutton,FYE 2014,7.0,2014,Sutton,432,268,362700000.0,442600000.0,1651492.537313433,0.994567901234568,0.47276126228196863,Medium,0.0,1.0,0.0,0.0,0.0,0.0,0.0,0.0
E09000030,London,Tower Hamlets,FYE 2014,23.0,2014,Tower Hamlets,299,186,393200000.0,535500000.0,2879032.2580645164,0.994567901234568,0.8241605055553262,High,0.0,1.0,0.0,0.0,0.0,0.0,0.0,0.0
E09000031,London,Waltham Forest,FYE 2014,15.0,2014,Waltham Forest,432,268,403700000.0,506800000.0,1891044.776119403,0.994567901234568,0.541336212662679,Medium,0.0,1.0,0.0,0.0,0.0,0.0,0.0,0.0
E09000032,London,Wandsworth,FYE 2014,9.0,2014,Wandsworth,432,268,361600000.0,468400000.0,1747761.1940298507,0.994567901234568,0.5003194199115998,Medium,0.0,1.0,0.0,0.0,0.0,0.0,0.0,0.0
E09000033,London,Westminster,FYE 2014,24.0,2014,Westminster,342,213,383100000.0,536200000.0,2517370.892018779,0.994567901234568,0.7206302260854929,High,0.0,1.0,0.0,0.0,0.0,0.0,0.0,0.0
E06000036,South East,Bracknell Forest,FYE 2014,7.0,2014,Bracknell Forest,465,289,358000000.0,429000000.0,1484429.0657439446,0.994567901234568,0.4249371662500957,Medium,0.0,0.0,0.0,0.0,1.0,0.0,0.0,0.0
E06000043,South East,Brighton and Hove,FYE 2014,7.0,2014,Brighton and Hove,622,386,636100000.0,792800000.0,2053886.0103626943,0.994567901234568,0.5879516382325986,Medium,0.0,0.0,0.0,0.0,1.0,0.0,0.0,0.0
E06000060,South East,Buckinghamshire,FYE 2014,6.0,2014,Buckinghamshire,3278,2037,3126500000.0,3849500000.0,1889788.9052528227,0.994567901234568,0.5409767032596794,Medium,0.0,0.0,0.0,0.0,1.0,0.0,0.0,0.0
E10000011,South East,East Sussex,FYE 2014,7.0,2014,East Sussex,3414,2121,2045300000.0,2578600000.0,1215747.2890146158,0.994567901234568,0.3480235060010744,Low,0.0,0.0,0.0,0.0,1.0,0.0,0.0,0.0
E10000014,South East,Hampshire,FYE 2014,5.0,2014,Hampshire,8900,5530,7359900000.0,9202100000.0,1664032.5497287523,0.994567901234568,0.4763510042665991,Medium,0.0,0.0,0.0,0.0,1.0,0.0,0.0,0.0
E06000046,South East,Isle of Wight,FYE 2014,5.0,2014,Isle of Wight,885,550,315600000.0,395600000.0,719272.7272727273,0.994567901234568,0.20590119227763273,Low,0.0,0.0,0.0,0.0,1.0,0.0,0.0,0.0
E10000016,South East,Kent,FYE 2014,5.0,2014,Kent,9127,5671,6850300000.0,8888300000.0,1567324.9867748192,0.994567901234568,0.4486672040063274,Medium,0.0,0.0,0.0,0.0,1.0,0.0,0.0,0.0
E06000035,South East,Medway,FYE 2014,4.0,2014,Medway,855,531,678600000.0,844900000.0,1591148.7758945385,0.994567901234568,0.45548707413114187,Medium,0.0,0.0,0.0,0.0,1.0,0.0,0.0,0.0
E06000042,South East,Milton Keynes,FYE 2014,2.0,2014,Milton Keynes,1243,772,1178500000.0,1470500000.0,1904792.7461139897,0.994567901234568,0.545271748247374,Medium,0.0,0.0,0.0,0.0,1.0,0.0,0.0,0.0
E10000025,South East,Oxfordshire,FYE 2014,5.0,2014,Oxfordshire,4695,2917,3637100000.0,4591100000.0,1573911.5529653754,0.994567901234568,0.45055269441939133,Medium,0.0,0.0,0.0,0.0,1.0,0.0,0.0,0.0
E06000044,South East,Portsmouth,FYE 2014,4.0,2014,Portsmouth,455,283,596200000.0,733900000.0,2593286.219081272,0.994567901234568,0.7423619778419956,High,0.0,0.0,0.0,0.0,1.0,0.0,0.0,0.0
E06000038,South East,Reading,FYE 2014,8.0,2014,Reading,395,245,300700000.0,363700000.0,1484489.7959183673,0.994567901234568,0.4249545510540049,Medium,0.0,0.0,0.0,0.0,1.0,0.0,0.0,0.0
E06000039,South East,Slough,FYE 2014,9.0,2014,Slough,317,197,421600000.0,516100000.0,2619796.954314721,0.994567901234568,0.7499510213101405,High,0.0,0.0,0.0,0.0,1.0,0.0,0.0,0.0
E06000045,South East,Southampton,FYE 2014,11.0,2014,Southampton,580,360,504000000.0,620800000.0,1724444.4444444445,0.994567901234568,0.49364469646159786,Medium,0.0,0.0,0.0,0.0,1.0,0.0,0.0,0.0
E10000030,South East,Surrey,FYE 2014,5.0,2014,Surrey,5555,3452,6822700000.0,8481200000.0,2456894.5538818077,0.994567901234568,0.7033180861212784,Medium,0.0,0.0,0.0,0.0,1.0,0.0,0.0,0.0
E06000037,South East,West Berkshire,FYE 2014,3.0,2014,West Berkshire,1418,881,1424300000.0,1800800000.0,2044040.8626560727,0.994567901234568,0.5851333363923091,Medium,0.0,0.0,0.0,0.0,1.0,0.0,0.0,0.0
E10000032,South East,West Sussex,FYE 2014,7.0,2014,West Sussex,4202,2611,3394000000.0,4205600000.0,1610723.8605898123,0.994567901234568,0.46109069724219065,Medium,0.0,0.0,0.0,0.0,1.0,0.0,0.0,0.0
E06000040,South East,Windsor and Maidenhead,FYE 2014,7.0,2014,Windsor and Maidenhead,694,431,940000000.0,1132600000.0,2627842.22737819,0.994567901234568,0.752254085576526,High,0.0,0.0,0.0,0.0,1.0,0.0,0.0,0.0
E06000041,South East,Wokingham,FYE 2014,5.0,2014,Wokingham,745,463,834100000.0,1010100000.0,2181641.468682505,0.994567901234568,0.6245233031805598,Medium,0.0,0.0,0.0,0.0,1.0,0.0,0.0,0.0
E06000022,South West,Bath and North East Somerset,FYE 2014,4.0,2014,Bath and North East Somerset,1058,657,605900000.0,751900000.0,1144444.4444444445,0.994567901234568,0.3276121374712924,Low,0.0,0.0,0.0,0.0,0.0,1.0,0.0,0.0
E06000028,South West,Bournemouth,FYE 2014,4.0,2014,Bournemouth,510,317,432000000.0,525000000.0,1656151.4195583595,0.994567901234568,0.47409492804258874,Medium,0.0,0.0,0.0,0.0,0.0,1.0,0.0,0.0
E06000023,South West,"Bristol, City of",FYE 2014,6.0,2014,"Bristol, City of",1151,715,1174800000.0,1460600000.0,2042797.2027972029,0.994567901234568,0.5847773225494096,Medium,0.0,0.0,0.0,0.0,0.0,1.0,0.0,0.0
E06000052,South West,Cornwall,FYE 2014,1.0,2014,Cornwall excluding Isles of Scilly,7389,4591,2371900000.0,3065100000.0,667632.3241123938,0.994567901234568,0.19111845385694096,Low,0.0,0.0,0.0,0.0,0.0,1.0,0.0,0.0
E10000008,South West,Devon,FYE 2014,2.0,2014,Devon,13037,8101,4068500000.0,5201300000.0,642056.5362300951,0.994567901234568,0.18379705125299045,Low,0.0,0.0,0.0,0.0,0.0,1.0,0.0,0.0
E10000013,South West,Gloucestershire,FYE 2014,4.0,2014,Gloucestershire,5571,3462,3313000000.0,4178900000.0,1207076.8341998844,0.994567901234568,0.34554147531055773,Low,0.0,0.0,0.0,0.0,0.0,1.0,0.0,0.0
E06000024,South West,North Somerset,FYE 2014,2.0,2014,North Somerset,1155,718,1182800000.0,1480800000.0,2062395.5431754875,0.994567901234568,0.5903876029028056,Medium,0.0,0.0,0.0,0.0,0.0,1.0,0.0,0.0
E06000026,South West,Plymouth,FYE 2014,4.0,2014,Plymouth,816,507,734400000.0,905100000.0,1785207.100591716,0.994567901234568,0.5110387986877694,Medium,0.0,0.0,0.0,0.0,0.0,1.0,0.0,0.0
E06000029,South West,Poole,FYE 2014,5.0,2014,Poole,528,328,442000000.0,547300000.0,1668597.5609756098,0.994567901234568,0.47765779823062543,Medium,0.0,0.0,0.0,0.0,0.0,1.0,0.0,0.0
E06000066,South West,Somerset,FYE 2014,4.0,2014,Somerset,6780,4213,3210400000.0,4101600000.0,973558.0346546404,0.994567901234568,0.27869367555048696,Low,0.0,0.0,0.0,0.0,0.0,1.0,0.0,0.0
E06000025,South West,South Gloucestershire,FYE 2014,3.0,2014,South Gloucestershire,1550,963,1942300000.0,2459800000.0,2554309.4496365525,0.994567901234568,0.7312043696142683,High,0.0,0.0,0.0,0.0,0.0,1.0,0.0,0.0
E06000030,South West,Swindon,FYE 2014,1.0,2014,Swindon,900,559,1039600000.0,1296100000.0,2318604.6511627906,0.994567901234568,0.6637307991713494,Medium,0.0,0.0,0.0,0.0,0.0,1.0,0.0,0.0
E06000027,South West,Torbay,FYE 2014,2.0,2014,Torbay,524,326,341700000.0,418200000.0,1282822.0858895706,0.994567901234568,0.3672245407750463,Low,0.0,0.0,0.0,0.0,0.0,1.0,0.0,0.0
E06000054,South West,Wiltshire,FYE 2014,4.0,2014,Wiltshire,4770,2964,2879000000.0,3637200000.0,1227125.5060728744,0.994567901234568,0.3512806689233672,Low,0.0,0.0,0.0,0.0,0.0,1.0,0.0,0.0
E06000047,North East,County Durham,FYE 2015,5.0,2015,Durham,3695,2296,1962500000.0,2541700000.0,1107012.1951219512,0.9950617283950617,0.3168966682578843,Low,0.0,0.0,1.0,0.0,0.0,0.0,0.0,0.0
E06000005,North East,Darlington,FYE 2015,4.0,2015,Darlington,548,341,395100000.0,503000000.0,1475073.3137829911,0.9950617283950617,0.4222589603201721,Medium,0.0,0.0,1.0,0.0,0.0,0.0,0.0,0.0
E08000037,North East,Gateshead,FYE 2015,2.0,2015,Gateshead,907,564,795600000.0,992500000.0,1759751.7730496454,0.9950617283950617,0.5037518794261377,Medium,0.0,0.0,1.0,0.0,0.0,0.0,0.0,0.0
E06000001,North East,Hartlepool,FYE 2015,7.0,2015,Hartlepool,407,253,297700000.0,372000000.0,1470355.7312252964,0.9950617283950617,0.42090849082999615,Low,0.0,0.0,1.0,0.0,0.0,0.0,0.0,0.0
E06000002,North East,Middlesbrough,FYE 2015,2.0,2015,Middlesbrough,518,322,576300000.0,699900000.0,2173602.48447205,0.9950617283950617,0.6222220391803106,Medium,0.0,0.0,1.0,0.0,0.0,0.0,0.0,0.0
E08000021,North East,Newcastle upon Tyne,FYE 2015,5.0,2015,Newcastle upon Tyne,973,605,861200000.0,1042200000.0,1722644.6280991735,0.9950617283950617,0.49312947557622216,Medium,0.0,0.0,1.0,0.0,0.0,0.0,0.0,0.0
E08000022,North East,North Tyneside,FYE 2015,4.0,2015,North Tyneside,799,496,649700000.0,779500000.0,1571572.5806451612,0.9950617283950617,0.44988313310950745,Medium,0.0,0.0,1.0,0.0,0.0,0.0,0.0,0.0
E06000057,North East,Northumberland,FYE 2015,4.0,2015,Northumberland,5164,3209,1389600000.0,1784700000.0,556154.5652851355,0.9950617283950617,0.15920649253177924,Low,0.0,0.0,1.0,0.0,0.0,0.0,0.0,0.0
E06000003,North East,Redcar and Cleveland,FYE 2015,2.0,2015,Redcar and Cleveland,679,422,438600000.0,534500000.0,1266587.6777251186,0.9950617283950617,0.3625772298591203,Low,0.0,0.0,1.0,0.0,0.0,0.0,0.0,0.0
E08000023,North East,South Tyneside,FYE 2015,6.0,2015,South Tyneside,561,349,375600000.0,457800000.0,1311747.8510028652,0.9950617283950617,0.375504918020758,Low,0.0,0.0,1.0,0.0,0.0,0.0,0.0,0.0
E06000004,North East,Stockton-on-Tees,FYE 2015,2.0,2015,Stockton-on-Tees,867,539,692100000.0,857300000.0,1590538.0333951763,0.9950617283950617,0.4553122411310501,Medium,0.0,0.0,1.0,0.0,0.0,0.0,0.0,0.0
E08000024,North East,Sunderland,FYE 2015,2.0,2015,Sunderland,1149,714,839000000.0,1035300000.0,1450000.0,0.9950617283950617,0.41508139747576367,Low,0.0,0.0,1.0,0.0,0.0,0.0,0.0,0.0
E06000008,North West,Blackburn with Darwen,FYE 2015,4.0,2015,Blackburn with Darwen,550,342,366500000.0,450300000.0,1316666.6666666667,0.9950617283950617,0.37691299311017623,Low,0.0,0.0,0.0,1.0,0.0,0.0,0.0,0.0
E06000009,North West,Blackpool,FYE 2015,4.0,2015,Blackpool,457,284,281000000.0,338500000.0,1191901.4084507043,0.9950617283950617,0.34119731191244784,Low,0.0,0.0,0.0,1.0,0.0,0.0,0.0,0.0
E08000001,North West,Bolton,FYE 2015,2.0,2015,Bolton,991,616,1023500000.0,1277400000.0,2073701.2987012987,0.9950617283950617,0.5936240227670628,Medium,0.0,0.0,0.0,1.0,0.0,0.0,0.0,0.0
E08000002,North West,Bury,FYE 2015,5.0,2015,Bury,688,428,793300000.0,1010300000.0,2360514.0186915887,0.9950617283950617,0.6757279018204383,Medium,0.0,0.0,0.0,1.0,0.0,0.0,0.0,0.0
E06000049,North West,Cheshire East,FYE 2015,3.0,2015,East Cheshire,2852,1772,2227500000.0,2869600000.0,1619413.0925507902,0.9950617283950617,0.46357810313553804,Medium,0.0,0.0,0.0,1.0,0.0,0.0,0.0,0.0
E06000050,North West,Cheshire West and Chester,FYE 2015,1.0,2015,West Cheshire,2408,1496,1972200000.0,2476900000.0,1655681.8181818181,0.9950617283950617,0.4739604985283602,Medium,0.0,0.0,0.0,1.0,0.0,0.0,0.0,0.0
E10000006,North West,Cumbria,FYE 2015,5.0,2015,Cumbria,8084,5023,2629600000.0,3557200000.0,708182.3611387617,0.9950617283950617,0.20272643043390565,Low,0.0,0.0,0.0,1.0,0.0,0.0,0.0,0.0
E06000006,North West,Halton,FYE 2015,1.0,2015,Halton,583,362,506600000.0,637400000.0,1760773.4806629834,0.9950617283950617,0.5040443565461074,Medium,0.0,0.0,0.0,1.0,0.0,0.0,0.0,0.0
E08000011,North West,Knowsley,FYE 2015,2.0,2015,Knowsley,581,361,699900000.0,894500000.0,2477839.3351800554,0.9950617283950617,0.7093138027358308,Medium,0.0,0.0,0.0,1.0,0.0,0.0,0.0,0.0
E10000017,North West,Lancashire,FYE 2015,5.0,2015,Lancashire,6962,4326,5603000000.0,7054800000.0,1630790.5686546464,0.9950617283950617,0.4668350539499765,Medium,0.0,0.0,0.0,1.0,0.0,0.0,0.0,0.0
E08000012,North West,Liverpool,FYE 2015,9.0,2015,Liverpool,1435,892,1085700000.0,1341500000.0,1503923.7668161434,0.9950617283950617,0.43051777850142026,Medium,0.0,0.0,0.0,1.0,0.0,0.0,0.0,0.0
E08000003,North West,Manchester,FYE 2015,11.0,2015,Manchester,1375,854,1359000000.0,1652700000.0,1935245.9016393442,0.9950617283950617,0.5539893609046229,Medium,0.0,0.0,0.0,1.0,0.0,0.0,0.0,0.0
E08000004,North West,Oldham,FYE 2015,6.0,2015,Oldham,823,511,551800000.0,689900000.0,1350097.8473581213,0.9950617283950617,0.38648310428305466,Low,0.0,0.0,0.0,1.0,0.0,0.0,0.0,0.0
E08000005,North West,Rochdale,FYE 2015,7.0,2015,Rochdale,789,490,791200000.0,1037600000.0,2117551.0204081633,0.9950617283950617,0.6061765770877585,Medium,0.0,0.0,0.0,1.0,0.0,0.0,0.0,0.0
E08000006,North West,Salford,FYE 2015,3.0,2015,Salford,799,496,1142000000.0,1463100000.0,2949798.3870967743,0.9950617283950617,0.8444182322675053,High,0.0,0.0,0.0,1.0,0.0,0.0,0.0,0.0
E08000014,North West,Sefton,FYE 2015,2.0,2015,Sefton,990,615,577900000.0,715300000.0,1163089.430894309,0.9950617283950617,0.33294950783786237,Low,0.0,0.0,0.0,1.0,0.0,0.0,0.0,0.0
E08000013,North West,St. Helens,FYE 2015,5.0,2015,St. Helens,736,457,656400000.0,843700000.0,1846170.6783369803,0.9950617283950617,0.5284904173399257,Medium,0.0,0.0,0.0,1.0,0.0,0.0,0.0,0.0
E08000007,North West,Stockport,FYE 2015,9.0,2015,Stockport,992,616,950700000.0,1163100000.0,1888149.3506493506,0.9950617283950617,0.5405073593865436,Medium,0.0,0.0,0.0,1.0,0.0,0.0,0.0,0.0
E08000008,North West,Tameside,FYE 2015,3.0,2015,Tameside,767,477,584500000.0,733300000.0,1537316.5618448637,0.9950617283950617,0.44007690127807053,Medium,0.0,0.0,0.0,1.0,0.0,0.0,0.0,0.0
E08000009,North West,Trafford,FYE 2015,5.0,2015,Trafford,804,500,769300000.0,938900000.0,1877800.0,0.9950617283950617,0.537544722882751,Medium,0.0,0.0,0.0,1.0,0.0,0.0,0.0,0.0
E06000007,North West,Warrington,FYE 2015,2.0,2015,Warrington,991,616,1247000000.0,1615700000.0,2622889.6103896103,0.9950617283950617,0.750836334417366,High,0.0,0.0,0.0,1.0,0.0,0.0,0.0,0.0
E08000010,North West,Wigan,FYE 2015,3.0,2015,Wigan,1159,720,948000000.0,1208900000.0,1679027.7777777778,0.9950617283950617,0.4806435837245696,Medium,0.0,0.0,0.0,1.0,0.0,0.0,0.0,0.0
E08000015,North West,Wirral,FYE 2015,1.0,2015,Wirral,1215,755,871600000.0,1069000000.0,1415894.0397350993,0.9950617283950617,0.4053181218557583,Low,0.0,0.0,0.0,1.0,0.0,0.0,0.0,0.0
E08000016,Yorkshire and the Humber,Barnsley,FYE 2015,2.0,2015,Barnsley,1215,755,942500000.0,1224300000.0,1621589.40397351,0.9950617283950617,0.4642011006435967,Medium,0.0,0.0,0.0,0.0,0.0,0.0,0.0,1.0
E08000032,Yorkshire and the Humber,Bradford,FYE 2015,2.0,2015,Bradford,1944,1208,1264400000.0,1567800000.0,1297847.6821192054,0.9950617283950617,0.37152581352049685,Low,0.0,0.0,0.0,0.0,0.0,0.0,0.0,1.0
E08000033,Yorkshire and the Humber,Calderdale,FYE 2015,5.0,2015,Calderdale,1162,722,735400000.0,959400000.0,1328808.864265928,0.9950617283950617,0.38038885541909223,Low,0.0,0.0,0.0,0.0,0.0,0.0,0.0,1.0
E08000017,Yorkshire and the Humber,Doncaster,FYE 2015,2.0,2015,Doncaster,1665,1035,1469100000.0,2020500000.0,1952173.9130434783,0.9950617283950617,0.55883522478746,Medium,0.0,0.0,0.0,0.0,0.0,0.0,0.0,1.0
E06000011,Yorkshire and the Humber,East Riding of Yorkshire,FYE 2015,1.0,2015,East Riding of Yorkshire,3445,2141,1651500000.0,2177800000.0,1017188.2297991592,0.9950617283950617,0.2911833875316781,Low,0.0,0.0,0.0,0.0,0.0,0.0,0.0,1.0
E06000010,Yorkshire and the Humber,"Kingston upon Hull, City of",FYE 2015,3.0,2015,"Kingston upon Hull, City of",752,467,586900000.0,746600000.0,1598715.2034261243,0.9950617283950617,0.4576530626233555,Medium,0.0,0.0,0.0,0.0,0.0,0.0,0.0,1.0
E08000034,Yorkshire and the Humber,Kirklees,FYE 2015,5.0,2015,Kirklees,1918,1192,1310500000.0,1711300000.0,1435654.3624161074,0.9950617283950617,0.4109747717543823,Low,0.0,0.0,0.0,0.0,0.0,0.0,0.0,1.0
E08000035,Yorkshire and the Humber,Leeds,FYE 2015,3.0,2015,Leeds,3030,1883,3171200000.0,4041400000.0,2146255.974508763,0.9950617283950617,0.6143937443033133,Medium,0.0,0.0,0.0,0.0,0.0,0.0,0.0,1.0
E06000012,Yorkshire and the Humber,North East Lincolnshire,FYE 2015,2.0,2015,North East Lincolnshire,648,403,481800000.0,613800000.0,1523076.923076923,0.9950617283950617,0.4360006190992106,Medium,0.0,0.0,0.0,0.0,0.0,0.0,0.0,1.0
E06000013,Yorkshire and the Humber,North Lincolnshire,FYE 2015,2.0,2015,North Lincolnshire,1418,881,755000000.0,1083300000.0,1229625.4256526674,0.9950617283950617,0.3519963034838896,Low,0.0,0.0,0.0,0.0,0.0,0.0,0.0,1.0
E06000065,Yorkshire and the Humber,North Yorkshire,FYE 2015,3.0,2015,North Yorkshire,9268,5759,3856200000.0,5159500000.0,895902.0663309603,0.9950617283950617,0.2564636425476409,Low,0.0,0.0,0.0,0.0,0.0,0.0,0.0,1.0
E08000018,Yorkshire and the Humber,Rotherham,FYE 2015,3.0,2015,Rotherham,1219,757,1137300000.0,1497500000.0,1978203.4346103037,0.9950617283950617,0.5662865145720002,Medium,0.0,0.0,0.0,0.0,0.0,0.0,0.0,1.0
E08000019,Yorkshire and the Humber,Sheffield,FYE 2015,10.0,2015,Sheffield,1979,1230,1343600000.0,1701100000.0,1383008.1300813009,0.9950617283950617,0.3959041016237856,Low,0.0,0.0,0.0,0.0,0.0,0.0,0.0,1.0
E08000036,Yorkshire and the Humber,Wakefield,FYE 2015,2.0,2015,Wakefield,1553,965,1390700000.0,1832100000.0,1898549.2227979274,0.9950617283950617,0.5434844583279232,Medium,0.0,0.0,0.0,0.0,0.0,0.0,0.0,1.0
E06000014,Yorkshire and the Humber,York,FYE 2015,2.0,2015,York,802,498,623500000.0,779800000.0,1565863.4538152611,0.9950617283950617,0.4482488211488721,Medium,0.0,0.0,0.0,0.0,0.0,0.0,0.0,1.0
E06000015,East Midlands,Derby,FYE 2015,9.0,2015,Derby,763,474,904300000.0,1087700000.0,2294725.7383966246,0.9950617283950617,0.6568951491843273,Medium,0.0,0.0,0.0,0.0,0.0,0.0,0.0,0.0
E10000007,East Midlands,Derbyshire,FYE 2015,3.0,2015,Derbyshire,5619,3491,3898200000.0,5025500000.0,1439558.8656545402,0.9950617283950617,0.41209248669276666,Low,0.0,0.0,0.0,0.0,0.0,0.0,0.0,0.0
E06000016,East Midlands,Leicester,FYE 2015,6.0,2015,Leicester,824,512,747500000.0,914700000.0,1786523.4375,0.9950617283950617,0.5114156172832449,Medium,0.0,0.0,0.0,0.0,0.0,0.0,0.0,0.0
E10000018,East Midlands,Leicestershire,FYE 2015,1.0,2015,Leicestershire,4582,2847,3663400000.0,4839400000.0,1699824.3765367053,0.9950617283950617,0.4865968811560168,Medium,0.0,0.0,0.0,0.0,0.0,0.0,0.0,0.0
E10000019,East Midlands,Lincolnshire,FYE 2015,3.0,2015,Lincolnshire,8934,5551,2929900000.0,3930200000.0,708016.573590344,0.9950617283950617,0.20267897158750475,Low,0.0,0.0,0.0,0.0,0.0,0.0,0.0,0.0
E10000021,East Midlands,Northamptonshire,FYE 2015,3.0,2015,Northamptonshire,4571,2840,4172100000.0,5494700000.0,1934753.5211267606,0.9950617283950617,0.5538484105658278,Medium,0.0,0.0,0.0,0.0,0.0,0.0,0.0,0.0
E06000018,East Midlands,Nottingham,FYE 2015,13.0,2015,Nottingham,800,497,777000000.0,973100000.0,1957947.6861167003,0.9950617283950617,0.5604880425777641,Medium,0.0,0.0,0.0,0.0,0.0,0.0,0.0,0.0
E10000024,East Midlands,Nottinghamshire,FYE 2015,2.0,2015,Nottinghamshire,4836,3005,3638300000.0,4738900000.0,1577004.9916805325,0.9950617283950617,0.45143823156759344,Medium,0.0,0.0,0.0,0.0,0.0,0.0,0.0,0.0
E06000017,East Midlands,Rutland,FYE 2015,1.0,2015,Rutland,555,345,309600000.0,420400000.0,1218550.7246376812,0.9950617283950617,0.34882602598462975,Low,0.0,0.0,0.0,0.0,0.0,0.0,0.0,0.0
E08000025,West Midlands,Birmingham,FYE 2015,6.0,2015,Birmingham,2542,1580,2909800000.0,3593600000.0,2274430.379746835,0.9950617283950617,0.6510853382666539,Medium,0.0,0.0,0.0,0.0,0.0,0.0,1.0,0.0
E08000026,West Midlands,Coventry,FYE 2015,2.0,2015,Coventry,884,549,963800000.0,1170300000.0,2131693.989071038,0.9950617283950617,0.6102251861891668,Medium,0.0,0.0,0.0,0.0,0.0,0.0,1.0,0.0
E08000027,West Midlands,Dudley,FYE 2015,7.0,2015,Dudley,1027,638,840900000.0,1061700000.0,1664106.5830721003,0.9950617283950617,0.47637219727598995,Medium,0.0,0.0,0.0,0.0,0.0,0.0,1.0,0.0
E06000019,West Midlands,"Herefordshire, County of",FYE 2015,8.0,2015,"Herefordshire, County of",3348,2080,893500000.0,1192100000.0,573125.0,0.9950617283950617,0.16406450064020486,Low,0.0,0.0,0.0,0.0,0.0,0.0,1.0,0.0
E08000028,West Midlands,Sandwell,FYE 2015,7.0,2015,Sandwell,895,556,955900000.0,1255500000.0,2258093.525179856,0.9950617283950617,0.646408700732847,Medium,0.0,0.0,0.0,0.0,0.0,0.0,1.0,0.0
E06000051,West Midlands,Shropshire,FYE 2015,4.0,2015,Shropshire,5178,3217,1508400000.0,1991100000.0,618930.6807584707,0.9950617283950617,0.17717697373093225,Low,0.0,0.0,0.0,0.0,0.0,0.0,1.0,0.0
E08000029,West Midlands,Solihull,FYE 2015,5.0,2015,Solihull,871,541,1193900000.0,1494200000.0,2761922.3659889093,0.9950617283950617,0.7906362726856856,High,0.0,0.0,0.0,0.0,0.0,0.0,1.0,0.0
E10000028,West Midlands,Staffordshire,FYE 2015,2.0,2015,Staffordshire,6316,3925,4543000000.0,5922000000.0,1508789.8089171974,0.9950617283950617,0.43191074647071775,Medium,0.0,0.0,0.0,0.0,0.0,0.0,1.0,0.0
E06000021,West Midlands,Stoke-on-Trent,FYE 2015,3.0,2015,Stoke-on-Trent,874,543,705700000.0,871700000.0,1605340.699815838,0.9950617283950617,0.4595496973132955,Medium,0.0,0.0,0.0,0.0,0.0,0.0,1.0,0.0
E06000020,West Midlands,Telford and Wrekin,FYE 2015,1.0,2015,Telford and Wrekin,1044,649,673100000.0,847500000.0,1305855.161787365,0.9950617283950617,0.3738180589349234,Low,0.0,0.0,0.0,0.0,0.0,0.0,1.0,0.0
E08000030,West Midlands,Walsall,FYE 2015,7.0,2015,Walsall,870,541,709900000.0,925300000.0,1710351.201478743,0.9950617283950617,0.4896103219890676,Medium,0.0,0.0,0.0,0.0,0.0,0.0,1.0,0.0
E10000031,West Midlands,Warwickshire,FYE 2015,3.0,2015,Warwickshire,4161,2586,4586900000.0,5912000000.0,2286156.2258313997,0.9950617283950617,0.6544420145282862,Medium,0.0,0.0,0.0,0.0,0.0,0.0,1.0,0.0
E08000031,West Midlands,Wolverhampton,FYE 2015,4.0,2015,Wolverhampton,771,479,572200000.0,716500000.0,1495824.6346555324,0.9950617283950617,0.42819929636654624,Medium,0.0,0.0,0.0,0.0,0.0,0.0,1.0,0.0
E10000034,West Midlands,Worcestershire,FYE 2015,3.0,2015,Worcestershire,4227,2627,3332300000.0,4282000000.0,1629996.193376475,0.9950617283950617,0.466607653673712,Medium,0.0,0.0,0.0,0.0,0.0,0.0,1.0,0.0
E06000055,East of England,Bedford,FYE 2015,2.0,2015,Bedford,913,567,628500000.0,793400000.0,1399294.532627866,0.9950617283950617,0.4005662966092208,Low,1.0,0.0,0.0,0.0,0.0,0.0,0.0,0.0
E10000003,East of England,Cambridgeshire,FYE 2015,2.0,2015,Cambridgeshire,4769,2963,3587900000.0,4746200000.0,1601822.4772190347,0.9950617283950617,0.4585425602428735,Medium,1.0,0.0,0.0,0.0,0.0,0.0,0.0,0.0
E06000056,East of England,Central Bedfordshire,FYE 2015,1.0,2015,Central Bedfordshire,1505,935,1507300000.0,1983500000.0,2121390.3743315507,0.9950617283950617,0.6072756421856369,Medium,1.0,0.0,0.0,0.0,0.0,0.0,0.0,0.0
E10000012,East of England,Essex,FYE 2015,2.0,2015,Essex,8221,5108,7020400000.0,9102600000.0,1782028.191072827,0.9950617283950617,0.5101287944080801,Medium,1.0,0.0,0.0,0.0,0.0,0.0,0.0,0.0
E10000015,East of England,Hertfordshire,FYE 2015,4.0,2015,Hertfordshire,4952,3077,5816600000.0,7375200000.0,2396880.07799805,0.9950617283950617,0.686138160246378,Medium,1.0,0.0,0.0,0.0,0.0,0.0,0.0,0.0
E06000032,East of England,Luton,FYE 2015,5.0,2015,Luton,464,288,405600000.0,499000000.0,1732638.888888889,0.9950617283950617,0.4959904629798996,Medium,1.0,0.0,0.0,0.0,0.0,0.0,0.0,0.0
E10000020,East of England,Norfolk,FYE 2015,3.0,2015,Norfolk,10051,6245,3881700000.0,4991000000.0,799199.35948759,0.9950617283950617,0.22878123241230627,Low,1.0,0.0,0.0,0.0,0.0,0.0,0.0,0.0
E06000031,East of England,Peterborough,FYE 2015,1.0,2015,Peterborough,949,590,897300000.0,1130600000.0,1916271.186440678,0.9950617283950617,0.5485576013864388,Medium,1.0,0.0,0.0,0.0,0.0,0.0,0.0,0.0
E06000033,East of England,Southend-on-Sea,FYE 2015,5.0,2015,Southend-on-Sea,452,281,334700000.0,406400000.0,1446263.3451957295,0.9950617283950617,0.41401173133918356,Low,1.0,0.0,0.0,0.0,0.0,0.0,0.0,0.0
E10000029,East of England,Suffolk,FYE 2015,2.0,2015,Suffolk,7025,4365,2925700000.0,3882400000.0,889438.717067583,0.9950617283950617,0.25461342458583636,Low,1.0,0.0,0.0,0.0,0.0,0.0,0.0,0.0
E06000034,East of England,Thurrock,FYE 2015,3.0,2015,Thurrock,582,362,769300000.0,1035800000.0,2861325.966850829,0.9950617283950617,0.8190918489338846,High,1.0,0.0,0.0,0.0,0.0,0.0,0.0,0.0
E09000002,London,Barking and Dagenham,FYE 2015,2.0,2015,Barking and Dagenham,337,209,318300000.0,405600000.0,1940669.85645933,0.9950617283950617,0.5555420386608472,Medium,0.0,1.0,0.0,0.0,0.0,0.0,0.0,0.0
E09000003,London,Barnet,FYE 2015,4.0,2015,Barnet,757,470,872900000.0,1097500000.0,2335106.3829787234,0.9950617283950617,0.668454634966472,Medium,0.0,1.0,0.0,0.0,0.0,0.0,0.0,0.0
E09000004,London,Bexley,FYE 2015,1.0,2015,Bexley,547,340,491700000.0,621700000.0,1828529.4117647058,0.9950617283950617,0.5234403748695381,Medium,0.0,1.0,0.0,0.0,0.0,0.0,0.0,0.0
E09000005,London,Brent,FYE 2015,6.0,2015,Brent,484,301,478700000.0,597800000.0,1986046.511627907,0.9950617283950617,0.5685316975850877,Medium,0.0,1.0,0.0,0.0,0.0,0.0,0.0,0.0
E09000006,London,Bromley,FYE 2015,1.0,2015,Bromley,904,562,720700000.0,886100000.0,1576690.3914590748,0.9950617283950617,0.4513481731540977,Medium,0.0,1.0,0.0,0.0,0.0,0.0,0.0,0.0
E09000007,London,Camden,FYE 2015,9.0,2015,Camden,284,176,234400000.0,312800000.0,1777272.7272727273,0.9950617283950617,0.5087674809185693,Medium,0.0,1.0,0.0,0.0,0.0,0.0,0.0,0.0
E09000001,London,City of London,FYE 2015,7.0,2015,City of London,57,35,71700000.0,101400000.0,2897142.8571428573,0.9950617283950617,0.8293449005722647,High,0.0,1.0,0.0,0.0,0.0,0.0,0.0,0.0
E09000008,London,Croydon,FYE 2015,4.0,2015,Croydon,779,484,668000000.0,826800000.0,1708264.4628099173,0.9950617283950617,0.4890129658491898,Medium,0.0,1.0,0.0,0.0,0.0,0.0,0.0,0.0
E09000009,London,Ealing,FYE 2015,5.0,2015,Ealing,588,365,657800000.0,831100000.0,2276986.301369863,0.9950617283950617,0.6518170041419125,Medium,0.0,1.0,0.0,0.0,0.0,0.0,0.0,0.0
E09000010,London,Enfield,FYE 2015,3.0,2015,Enfield,644,400,819800000.0,1081900000.0,2704750.0,0.9950617283950617,0.7742699378086702,High,0.0,1.0,0.0,0.0,0.0,0.0,0.0,0.0
E09000011,London,Greenwich,FYE 2015,3.0,2015,Greenwich,504,313,576400000.0,737400000.0,2355910.5431309906,0.9950617283950617,0.6744100969453083,Medium,0.0,1.0,0.0,0.0,0.0,0.0,0.0,0.0
E09000012,London,Hackney,FYE 2015,6.0,2015,Hackney,278,173,217600000.0,291800000.0,1686705.2023121386,0.9950617283950617,0.4828413465554229,Medium,0.0,1.0,0.0,0.0,0.0,0.0,0.0,0.0
E09000013,London,Hammersmith and Fulham,FYE 2015,6.0,2015,Hammersmith and Fulham,221,137,237400000.0,317600000.0,2318248.1751824818,0.9950617283950617,0.6636287532761266,Medium,0.0,1.0,0.0,0.0,0.0,0.0,0.0,0.0
E09000014,London,Haringey,FYE 2015,6.0,2015,Haringey,357,222,261500000.0,337000000.0,1518018.018018018,0.9950617283950617,0.4345524415946951,Medium,0.0,1.0,0.0,0.0,0.0,0.0,0.0,0.0
E09000015,London,Harrow,FYE 2015,4.0,2015,Harrow,473,294,336900000.0,403000000.0,1370748.2993197278,0.9950617283950617,0.3923945652890752,Low,0.0,1.0,0.0,0.0,0.0,0.0,0.0,0.0
E09000016,London,Havering,FYE 2015,2.0,2015,Havering,658,409,787400000.0,1051200000.0,2570171.149144254,0.9950617283950617,0.7357449878197837,High,0.0,1.0,0.0,0.0,0.0,0.0,0.0,0.0
E09000017,London,Hillingdon,FYE 2015,2.0,2015,Hillingdon,753,468,1207200000.0,1483200000.0,3169230.769230769,0.9950617283950617,0.9072336114589635,High,0.0,1.0,0.0,0.0,0.0,0.0,0.0,0.0
E09000018,London,Hounslow,FYE 2015,3.0,2015,Hounslow,498,309,839000000.0,1027200000.0,3324271.844660194,0.9950617283950617,0.9516161399109573,High,0.0,1.0,0.0,0.0,0.0,0.0,0.0,0.0
E09000019,London,Islington,FYE 2015,7.0,2015,Islington,238,148,178000000.0,246400000.0,1664864.8648648649,0.9950617283950617,0.4765892653216597,Medium,0.0,1.0,0.0,0.0,0.0,0.0,0.0,0.0
E09000020,London,Kensington and Chelsea,FYE 2015,4.0,2015,Kensington and Chelsea,205,127,230400000.0,311800000.0,2455118.1102362205,0.9950617283950617,0.7028095559757975,Medium,0.0,1.0,0.0,0.0,0.0,0.0,0.0,0.0
E09000021,London,Kingston upon Thames,FYE 2015,4.0,2015,Kingston upon Thames,344,214,498900000.0,611500000.0,2857476.6355140186,0.9950617283950617,0.8179899276713808,High,0.0,1.0,0.0,0.0,0.0,0.0,0.0,0.0
E09000022,London,Lambeth,FYE 2015,4.0,2015,Lambeth,377,234,340900000.0,461700000.0,1973076.923076923,0.9950617283950617,0.5648189838330683,Medium,0.0,1.0,0.0,0.0,0.0,0.0,0.0,0.0
E09000023,London,Lewisham,FYE 2015,4.0,2015,Lewisham,449,279,367200000.0,470300000.0,1685663.082437276,0.9950617283950617,0.48254302615956407,Medium,0.0,1.0,0.0,0.0,0.0,0.0,0.0,0.0
E09000024,London,Merton,FYE 2015,4.0,2015,Merton,376,234,323000000.0,404200000.0,1727350.4273504273,0.9950617283950617,0.49447657194136063,Medium,0.0,1.0,0.0,0.0,0.0,0.0,0.0,0.0
E09000025,London,Newham,FYE 2015,5.0,2015,Newham,425,264,437500000.0,561400000.0,2126515.1515151514,0.9950617283950617,0.6087426764443409,Medium,0.0,1.0,0.0,0.0,0.0,0.0,0.0,0.0
E09000026,London,Redbridge,FYE 2015,2.0,2015,Redbridge,532,331,580100000.0,724000000.0,2187311.178247734,0.9950617283950617,0.626146331435468,Medium,0.0,1.0,0.0,0.0,0.0,0.0,0.0,0.0
E09000027,London,Richmond upon Thames,FYE 2015,4.0,2015,Richmond upon Thames,415,258,436600000.0,533700000.0,2068604.6511627906,0.9950617283950617,0.592165040985873,Medium,0.0,1.0,0.0,0.0,0.0,0.0,0.0,0.0
E09000028,London,Southwark,FYE 2015,7.0,2015,Southwark,393,244,333700000.0,451800000.0,1851639.3442622952,0.9950617283950617,0.5300558942327587,Medium,0.0,1.0,0.0,0.0,0.0,0.0,0.0,0.0
E09000029,London,Sutton,FYE 2015,4.0,2015,Sutton,433,269,361400000.0,442300000.0,1644237.9182156133,0.9950617283950617,0.47068453301763946,Medium,0.0,1.0,0.0,0.0,0.0,0.0,0.0,0.0
E09000030,London,Tower Hamlets,FYE 2015,7.0,2015,Tower Hamlets,286,178,388100000.0,526600000.0,2958426.966292135,0.9950617283950617,0.846888275516223,High,0.0,1.0,0.0,0.0,0.0,0.0,0.0,0.0
E09000031,London,Waltham Forest,FYE 2015,5.0,2015,Waltham Forest,426,265,377500000.0,479800000.0,1810566.0377358492,0.9950617283950617,0.5182981249417603,Medium,0.0,1.0,0.0,0.0,0.0,0.0,0.0,0.0
E09000032,London,Wandsworth,FYE 2015,4.0,2015,Wandsworth,432,268,364200000.0,471900000.0,1760820.8955223882,0.9950617283950617,0.5040579296675576,Medium,0.0,1.0,0.0,0.0,0.0,0.0,0.0,0.0
E09000033,London,Westminster,FYE 2015,9.0,2015,Westminster,341,212,392100000.0,541900000.0,2556132.0754716983,0.9950617283950617,0.7317261200133909,High,0.0,1.0,0.0,0.0,0.0,0.0,0.0,0.0
E06000036,South East,Bracknell Forest,FYE 2015,9.0,2015,Bracknell Forest,466,290,363100000.0,437100000.0,1507241.3793103448,0.9950617283950617,0.43146748831547277,Medium,0.0,0.0,0.0,0.0,1.0,0.0,0.0,0.0
E06000043,South East,Brighton and Hove,FYE 2015,8.0,2015,Brighton and Hove,622,386,640600000.0,799200000.0,2070466.3212435234,0.9950617283950617,0.5926979683091483,Medium,0.0,0.0,0.0,0.0,1.0,0.0,0.0,0.0
E06000060,South East,Buckinghamshire,FYE 2015,5.0,2015,Buckinghamshire,3288,2043,3177700000.0,3957200000.0,1936955.4576603035,0.9950617283950617,0.5544787435958249,Medium,0.0,0.0,0.0,0.0,1.0,0.0,0.0,0.0
E10000011,South East,East Sussex,FYE 2015,5.0,2015,East Sussex,3411,2119,2084900000.0,2632900000.0,1242520.0566304862,0.9950617283950617,0.3556875596536877,Low,0.0,0.0,0.0,0.0,1.0,0.0,0.0,0.0
E10000014,South East,Hampshire,FYE 2015,4.0,2015,Hampshire,8909,5536,7559600000.0,9464100000.0,1709555.6358381503,0.9950617283950617,0.4893825809560463,Medium,0.0,0.0,0.0,0.0,1.0,0.0,0.0,0.0
E06000046,South East,Isle of Wight,FYE 2015,13.0,2015,Isle of Wight,884,549,319700000.0,402300000.0,732786.8852459016,0.9950617283950617,0.20976979612398683,Low,0.0,0.0,0.0,0.0,1.0,0.0,0.0,0.0
E10000016,South East,Kent,FYE 2015,3.0,2015,Kent,9123,5669,7016100000.0,9163600000.0,1616440.2892926442,0.9950617283950617,0.46272709945911616,Medium,0.0,0.0,0.0,0.0,1.0,0.0,0.0,0.0
E06000035,South East,Medway,FYE 2015,3.0,2015,Medway,854,531,682800000.0,856100000.0,1612241.054613936,0.9950617283950617,0.46152501380479416,Medium,0.0,0.0,0.0,0.0,1.0,0.0,0.0,0.0
E06000042,South East,Milton Keynes,FYE 2015,1.0,2015,Milton Keynes,1249,776,1188200000.0,1495900000.0,1927706.1855670102,0.9950617283950617,0.5518310189157437,Medium,0.0,0.0,0.0,0.0,1.0,0.0,0.0,0.0
E10000025,South East,Oxfordshire,FYE 2015,3.0,2015,Oxfordshire,4707,2925,3725900000.0,4737900000.0,1619794.8717948718,0.9950617283950617,0.4636873924197868,Medium,0.0,0.0,0.0,0.0,1.0,0.0,0.0,0.0
E06000044,South East,Portsmouth,FYE 2015,2.0,2015,Portsmouth,456,283,607200000.0,750300000.0,2651236.749116608,0.9950617283950617,0.7589510723189119,High,0.0,0.0,0.0,0.0,1.0,0.0,0.0,0.0
E06000038,South East,Reading,FYE 2015,6.0,2015,Reading,395,245,306900000.0,371600000.0,1516734.693877551,0.9950617283950617,0.4341850733342541,Medium,0.0,0.0,0.0,0.0,1.0,0.0,0.0,0.0
E06000039,South East,Slough,FYE 2015,2.0,2015,Slough,318,198,426500000.0,525000000.0,2651515.1515151514,0.9950617283950617,0.7590307686338416,High,0.0,0.0,0.0,0.0,1.0,0.0,0.0,0.0
E06000045,South East,Southampton,FYE 2015,10.0,2015,Southampton,581,361,508000000.0,627500000.0,1738227.1468144045,0.9950617283950617,0.4975901746414017,Medium,0.0,0.0,0.0,0.0,1.0,0.0,0.0,0.0
E10000030,South East,Surrey,FYE 2015,5.0,2015,Surrey,5559,3454,6976800000.0,8695300000.0,2517458.019687319,0.9950617283950617,0.7206551675161248,High,0.0,0.0,0.0,0.0,1.0,0.0,0.0,0.0
E06000037,South East,West Berkshire,FYE 2015,3.0,2015,West Berkshire,1414,879,1500100000.0,1899000000.0,2160409.556313993,0.9950617283950617,0.6184453915550391,Medium,0.0,0.0,0.0,0.0,1.0,0.0,0.0,0.0
E10000032,South East,West Sussex,FYE 2015,6.0,2015,West Sussex,4220,2622,3470600000.0,4320800000.0,1647902.36460717,0.9950617283950617,0.4717335285550066,Medium,0.0,0.0,0.0,0.0,1.0,0.0,0.0,0.0
E06000040,South East,Windsor and Maidenhead,FYE 2015,6.0,2015,Windsor and Maidenhead,693,431,951700000.0,1152500000.0,2674013.921113689,0.9950617283950617,0.7654713346520803,High,0.0,0.0,0.0,0.0,1.0,0.0,0.0,0.0
E06000041,South East,Wokingham,FYE 2015,4.0,2015,Wokingham,747,464,864200000.0,1051100000.0,2265301.724137931,0.9950617283950617,0.6484721416271927,Medium,0.0,0.0,0.0,0.0,1.0,0.0,0.0,0.0
E06000022,South West,Bath and North East Somerset,FYE 2015,3.0,2015,Bath and North East Somerset,1057,657,613700000.0,765100000.0,1164535.7686453576,0.9950617283950617,0.3333635408688466,Low,0.0,0.0,0.0,0.0,0.0,1.0,0.0,0.0
E06000028,South West,Bournemouth,FYE 2015,3.0,2015,Bournemouth,510,317,429300000.0,523300000.0,1650788.643533123,0.9950617283950617,0.47255976351368895,Medium,0.0,0.0,0.0,0.0,0.0,1.0,0.0,0.0
E06000023,South West,"Bristol, City of",FYE 2015,7.0,2015,"Bristol, City of",1153,716,1171900000.0,1463400000.0,2043854.7486033519,0.9950617283950617,0.5850800588191414,Medium,0.0,0.0,0.0,0.0,0.0,1.0,0.0,0.0
E06000052,South West,Cornwall,FYE 2015,1.0,2015,Cornwall excluding Isles of Scilly,7402,4599,2403700000.0,3126700000.0,679865.1880843661,0.9950617283950617,0.19462027059667697,Low,0.0,0.0,0.0,0.0,0.0,1.0,0.0,0.0
E10000008,South West,Devon,FYE 2015,2.0,2015,Devon,13009,8083,4102600000.0,5290900000.0,654571.322528764,0.9950617283950617,0.18737957193296428,Low,0.0,0.0,0.0,0.0,0.0,1.0,0.0,0.0
E10000013,South West,Gloucestershire,FYE 2015,3.0,2015,Gloucestershire,5573,3463,3365900000.0,4264100000.0,1231331.2157089228,0.9950617283950617,0.35248460811861426,Low,0.0,0.0,0.0,0.0,0.0,1.0,0.0,0.0
E06000024,South West,North Somerset,FYE 2015,1.0,2015,North Somerset,1162,722,1189100000.0,1490700000.0,2064681.4404432133,0.9950617283950617,0.5910419707872012,Medium,0.0,0.0,0.0,0.0,0.0,1.0,0.0,0.0
E06000026,South West,Plymouth,FYE 2015,3.0,2015,Plymouth,820,510,732000000.0,906000000.0,1776470.5882352942,0.9950617283950617,0.508537858165033,Medium,0.0,0.0,0.0,0.0,0.0,1.0,0.0,0.0
E06000029,South West,Poole,FYE 2015,4.0,2015,Poole,528,328,441800000.0,549500000.0,1675304.8780487804,0.9950617283950617,0.4795778551575528,Medium,0.0,0.0,0.0,0.0,0.0,1.0,0.0,0.0
E06000066,South West,Somerset,FYE 2015,4.0,2015,Somerset,6770,4207,3276000000.0,4212100000.0,1001212.2652721654,0.9950617283950617,0.28661005947520374,Low,0.0,0.0,0.0,0.0,0.0,1.0,0.0,0.0
E06000025,South West,South Gloucestershire,FYE 2015,3.0,2015,South Gloucestershire,1554,966,1991800000.0,2533400000.0,2622567.287784679,0.9950617283950617,0.7507440653709571,High,0.0,0.0,0.0,0.0,0.0,1.0,0.0,0.0
E06000030,South West,Swindon,FYE 2015,1.0,2015,Swindon,899,559,1055300000.0,1313400000.0,2349552.7728085867,0.9950617283950617,0.6725901023313404,Medium,0.0,0.0,0.0,0.0,0.0,1.0,0.0,0.0
E06000027,South West,Torbay,FYE 2015,2.0,2015,Torbay,525,326,341000000.0,419400000.0,1286503.0674846626,0.9950617283950617,0.36827826972992445,Low,0.0,0.0,0.0,0.0,0.0,1.0,0.0,0.0
E06000054,South West,Wiltshire,FYE 2015,4.0,2015,Wiltshire,4775,2967,2921300000.0,3708200000.0,1249814.627569936,0.9950617283950617,0.35777572565336563,Low,0.0,0.0,0.0,0.0,0.0,1.0,0.0,0.0
E06000047,North East,County Durham,FYE 2016,4.0,2016,Durham,3714,2308,1941200000.0,2539700000.0,1100389.9480069324,0.9955555555555555,0.3150009637151727,Low,0.0,0.0,1.0,0.0,0.0,0.0,0.0,0.0
E06000005,North East,Darlington,FYE 2016,3.0,2016,Darlington,551,342,389100000.0,497400000.0,1454385.9649122807,0.9955555555555555,0.4163369370930527,Low,0.0,0.0,1.0,0.0,0.0,0.0,0.0,0.0
E08000037,North East,Gateshead,FYE 2016,2.0,2016,Gateshead,907,564,797400000.0,1001800000.0,1776241.134751773,0.9955555555555555,0.508472174114967,Medium,0.0,0.0,1.0,0.0,0.0,0.0,0.0,0.0
E06000001,North East,Hartlepool,FYE 2016,2.0,2016,Hartlepool,408,254,301700000.0,379900000.0,1495669.2913385828,0.9955555555555555,0.42815482731752,Medium,0.0,0.0,1.0,0.0,0.0,0.0,0.0,0.0
E06000002,North East,Middlesbrough,FYE 2016,3.0,2016,Middlesbrough,515,320,573100000.0,700700000.0,2189687.5,0.9955555555555555,0.6268265845070422,Medium,0.0,0.0,1.0,0.0,0.0,0.0,0.0,0.0
E08000021,North East,Newcastle upon Tyne,FYE 2016,3.0,2016,Newcastle upon Tyne,976,606,868000000.0,1053800000.0,1738943.894389439,0.9955555555555555,0.49779535297594146,Medium,0.0,0.0,1.0,0.0,0.0,0.0,0.0,0.0
E08000022,North East,North Tyneside,FYE 2016,3.0,2016,North Tyneside,798,496,658100000.0,795000000.0,1602822.5806451612,0.9955555555555555,0.45882885288269204,Medium,0.0,0.0,1.0,0.0,0.0,0.0,0.0,0.0
E06000057,North East,Northumberland,FYE 2016,4.0,2016,Northumberland,5151,3201,1435700000.0,1855100000.0,579537.6444860981,0.9955555555555555,0.16590020369869096,Low,0.0,0.0,1.0,0.0,0.0,0.0,0.0,0.0
E06000003,North East,Redcar and Cleveland,FYE 2016,1.0,2016,Redcar and Cleveland,682,424,442800000.0,545800000.0,1287264.1509433961,0.9955555555555555,0.3684961397889912,Low,0.0,0.0,1.0,0.0,0.0,0.0,0.0,0.0
E08000023,North East,South Tyneside,FYE 2016,6.0,2016,South Tyneside,563,350,381100000.0,468500000.0,1338571.4285714286,0.9955555555555555,0.3831835166845227,Low,0.0,0.0,1.0,0.0,0.0,0.0,0.0,0.0
E06000004,North East,Stockton-on-Tees,FYE 2016,2.0,2016,Stockton-on-Tees,869,540,701800000.0,876300000.0,1622777.7777777778,0.9955555555555555,0.4645412881328374,Medium,0.0,0.0,1.0,0.0,0.0,0.0,0.0,0.0
E08000024,North East,Sunderland,FYE 2016,2.0,2016,Sunderland,1151,715,846900000.0,1053200000.0,1473006.993006993,0.9955555555555555,0.42166744906821735,Low,0.0,0.0,1.0,0.0,0.0,0.0,0.0,0.0
E06000008,North West,Blackburn with Darwen,FYE 2016,4.0,2016,Blackburn with Darwen,550,342,365100000.0,449300000.0,1313742.6900584796,0.9955555555555555,0.3760759666986502,Low,0.0,0.0,0.0,1.0,0.0,0.0,0.0,0.0
E06000009,North West,Blackpool,FYE 2016,4.0,2016,Blackpool,458,285,279600000.0,336800000.0,1181754.3859649124,0.9955555555555555,0.3382925944823647,Low,0.0,0.0,0.0,1.0,0.0,0.0,0.0,0.0
E08000001,North West,Bolton,FYE 2016,3.0,2016,Bolton,995,618,1006800000.0,1255600000.0,2031715.210355987,0.9955555555555555,0.5816049577843643,Medium,0.0,0.0,0.0,1.0,0.0,0.0,0.0,0.0
E08000002,North West,Bury,FYE 2016,5.0,2016,Bury,689,428,800700000.0,1022600000.0,2389252.336448598,0.9955555555555555,0.6839546198174604,Medium,0.0,0.0,0.0,1.0,0.0,0.0,0.0,0.0
E06000049,North West,Cheshire East,FYE 2016,3.0,2016,East Cheshire,2866,1781,2224500000.0,2867400000.0,1609994.385176867,0.9955555555555555,0.46088187539817027,Medium,0.0,0.0,0.0,1.0,0.0,0.0,0.0,0.0
E06000050,North West,Cheshire West and Chester,FYE 2016,1.0,2016,West Cheshire,2413,1499,1973400000.0,2489400000.0,1660707.1380920613,0.9955555555555555,0.4753990618463647,Medium,0.0,0.0,0.0,1.0,0.0,0.0,0.0,0.0
E10000006,North West,Cumbria,FYE 2016,4.0,2016,Cumbria,8086,5024,2685900000.0,3647400000.0,725995.2229299363,0.9955555555555555,0.20782559427205968,Low,0.0,0.0,0.0,1.0,0.0,0.0,0.0,0.0
E06000006,North West,Halton,FYE 2016,1.0,2016,Halton,585,364,504500000.0,638100000.0,1753021.978021978,0.9955555555555555,0.5018253878917862,Medium,0.0,0.0,0.0,1.0,0.0,0.0,0.0,0.0
E08000011,North West,Knowsley,FYE 2016,1.0,2016,Knowsley,581,361,715100000.0,911400000.0,2524653.739612188,0.9955555555555555,0.7227150361245792,High,0.0,0.0,0.0,1.0,0.0,0.0,0.0,0.0
E10000017,North West,Lancashire,FYE 2016,3.0,2016,Lancashire,6983,4339,5564200000.0,7048800000.0,1624521.7792117998,0.9955555555555555,0.4650405312724468,Medium,0.0,0.0,0.0,1.0,0.0,0.0,0.0,0.0
E08000012,North West,Liverpool,FYE 2016,7.0,2016,Liverpool,1430,889,1079200000.0,1335200000.0,1501912.260967379,0.9955555555555555,0.4299419587367748,Medium,0.0,0.0,0.0,1.0,0.0,0.0,0.0,0.0
E08000003,North West,Manchester,FYE 2016,5.0,2016,Manchester,1378,856,1356500000.0,1649100000.0,1926518.691588785,0.9955555555555555,0.5514910832881742,Medium,0.0,0.0,0.0,1.0,0.0,0.0,0.0,0.0
E08000004,North West,Oldham,FYE 2016,8.0,2016,Oldham,824,512,551800000.0,689100000.0,1345898.4375,0.9955555555555555,0.3852809684813426,Low,0.0,0.0,0.0,1.0,0.0,0.0,0.0,0.0
E08000005,North West,Rochdale,FYE 2016,4.0,2016,Rochdale,792,492,798100000.0,1050900000.0,2135975.6097560977,0.9955555555555555,0.6114508559115224,Medium,0.0,0.0,0.0,1.0,0.0,0.0,0.0,0.0
E08000006,North West,Salford,FYE 2016,3.0,2016,Salford,803,499,1134700000.0,1462000000.0,2929859.719438878,0.9955555555555555,0.8387105287949229,High,0.0,0.0,0.0,1.0,0.0,0.0,0.0,0.0
E08000014,North West,Sefton,FYE 2016,2.0,2016,Sefton,990,615,580900000.0,719000000.0,1169105.6910569107,0.9955555555555555,0.33467174071777306,Low,0.0,0.0,0.0,1.0,0.0,0.0,0.0,0.0
E08000013,North West,St. Helens,FYE 2016,4.0,2016,St. Helens,739,459,676300000.0,868500000.0,1892156.862745098,0.9955555555555555,0.5416545619528221,Medium,0.0,0.0,0.0,1.0,0.0,0.0,0.0,0.0
E08000007,North West,Stockport,FYE 2016,10.0,2016,Stockport,995,618,951800000.0,1164700000.0,1884627.8317152103,0.9955555555555555,0.5394992786965985,Medium,0.0,0.0,0.0,1.0,0.0,0.0,0.0,0.0
E08000008,North West,Tameside,FYE 2016,5.0,2016,Tameside,768,477,586600000.0,739500000.0,1550314.465408805,0.9955555555555555,0.44379772057157124,Medium,0.0,0.0,0.0,1.0,0.0,0.0,0.0,0.0
E08000009,North West,Trafford,FYE 2016,4.0,2016,Trafford,804,500,755000000.0,922100000.0,1844200.0,0.9955555555555555,0.527926284982623,Medium,0.0,0.0,0.0,1.0,0.0,0.0,0.0,0.0
E06000007,North West,Warrington,FYE 2016,2.0,2016,Warrington,994,618,1308200000.0,1697200000.0,2746278.3171521034,0.9955555555555555,0.786157959821299,High,0.0,0.0,0.0,1.0,0.0,0.0,0.0,0.0
E08000010,North West,Wigan,FYE 2016,3.0,2016,Wigan,1160,721,951000000.0,1214400000.0,1684327.3231622747,0.9955555555555555,0.4821606476584891,Medium,0.0,0.0,0.0,1.0,0.0,0.0,0.0,0.0
E08000015,North West,Wirral,FYE 2016,2.0,2016,Wirral,1230,764,875500000.0,1074600000.0,1406544.502617801,0.9955555555555555,0.40264169500582747,Low,0.0,0.0,0.0,1.0,0.0,0.0,0.0,0.0
E08000016,Yorkshire and the Humber,Barnsley,FYE 2016,3.0,2016,Barnsley,1217,756,950400000.0,1239200000.0,1639153.4391534391,0.9955555555555555,0.46922903462138876,Medium,0.0,0.0,0.0,0.0,0.0,0.0,0.0,1.0
E08000032,Yorkshire and the Humber,Bradford,FYE 2016,3.0,2016,Bradford,1951,1212,1272700000.0,1580900000.0,1304372.9372937293,0.9955555555555555,0.3733937528561709,Low,0.0,0.0,0.0,0.0,0.0,0.0,0.0,1.0
E08000033,Yorkshire and the Humber,Calderdale,FYE 2016,4.0,2016,Calderdale,1159,720,751900000.0,984400000.0,1367222.2222222222,0.9955555555555555,0.39138517976546144,Low,0.0,0.0,0.0,0.0,0.0,0.0,0.0,1.0
E08000017,Yorkshire and the Humber,Doncaster,FYE 2016,2.0,2016,Doncaster,1673,1040,1508600000.0,2085800000.0,2005576.923076923,0.9955555555555555,0.5741225323971803,Medium,0.0,0.0,0.0,0.0,0.0,0.0,0.0,1.0
E06000011,Yorkshire and the Humber,East Riding of Yorkshire,FYE 2016,2.0,2016,East Riding of Yorkshire,3474,2159,1718100000.0,2267800000.0,1050393.7007874015,0.9955555555555555,0.3006888863603957,Low,0.0,0.0,0.0,0.0,0.0,0.0,0.0,1.0
E06000010,Yorkshire and the Humber,"Kingston upon Hull, City of",FYE 2016,3.0,2016,"Kingston upon Hull, City of",755,469,590400000.0,757500000.0,1615138.592750533,0.9955555555555555,0.46235447185926176,Medium,0.0,0.0,0.0,0.0,0.0,0.0,0.0,1.0
E08000034,Yorkshire and the Humber,Kirklees,FYE 2016,5.0,2016,Kirklees,1930,1199,1351500000.0,1767100000.0,1473811.5095913261,0.9955555555555555,0.4218977524255397,Medium,0.0,0.0,0.0,0.0,0.0,0.0,0.0,1.0
E08000035,Yorkshire and the Humber,Leeds,FYE 2016,3.0,2016,Leeds,3045,1892,3305000000.0,4217600000.0,2229175.475687104,0.9955555555555555,0.6381305321840712,Medium,0.0,0.0,0.0,0.0,0.0,0.0,0.0,1.0
E06000012,Yorkshire and the Humber,North East Lincolnshire,FYE 2016,2.0,2016,North East Lincolnshire,652,405,489900000.0,628300000.0,1551358.024691358,0.9955555555555555,0.4440964530166408,Medium,0.0,0.0,0.0,0.0,0.0,0.0,0.0,1.0
E06000013,Yorkshire and the Humber,North Lincolnshire,FYE 2016,3.0,2016,North Lincolnshire,1418,881,785700000.0,1122600000.0,1274233.825198638,0.9955555555555555,0.36476603922368184,Low,0.0,0.0,0.0,0.0,0.0,0.0,0.0,1.0
E06000065,Yorkshire and the Humber,North Yorkshire,FYE 2016,2.0,2016,North Yorkshire,9232,5736,4059400000.0,5407300000.0,942695.2580195258,0.9955555555555555,0.269858803512083,Low,0.0,0.0,0.0,0.0,0.0,0.0,0.0,1.0
E08000018,Yorkshire and the Humber,Rotherham,FYE 2016,3.0,2016,Rotherham,1224,761,1150200000.0,1523100000.0,2001445.4664914587,0.9955555555555555,0.5729398491053838,Medium,0.0,0.0,0.0,0.0,0.0,0.0,0.0,1.0
E08000019,Yorkshire and the Humber,Sheffield,FYE 2016,7.0,2016,Sheffield,1983,1232,1368900000.0,1738700000.0,1411282.4675324676,0.9955555555555555,0.4039979992113246,Low,0.0,0.0,0.0,0.0,0.0,0.0,0.0,1.0
E08000036,Yorkshire and the Humber,Wakefield,FYE 2016,2.0,2016,Wakefield,1558,968,1437900000.0,1899000000.0,1961776.8595041323,0.9955555555555555,0.5615841933645449,Medium,0.0,0.0,0.0,0.0,0.0,0.0,0.0,1.0
E06000015,East Midlands,Derby,FYE 2016,3.0,2016,Derby,765,475,911100000.0,1094700000.0,2304631.5789473685,0.9955555555555555,0.659730825142241,Medium,0.0,0.0,0.0,0.0,0.0,0.0,0.0,0.0
E10000007,East Midlands,Derbyshire,FYE 2016,2.0,2016,Derbyshire,5644,3507,4053300000.0,5231000000.0,1491588.252067294,0.9955555555555555,0.4269865766389821,Medium,0.0,0.0,0.0,0.0,0.0,0.0,0.0,0.0
E06000016,East Midlands,Leicester,FYE 2016,5.0,2016,Leicester,835,519,760800000.0,928100000.0,1788246.6281310213,0.9955555555555555,0.5119089030592735,Medium,0.0,0.0,0.0,0.0,0.0,0.0,0.0,0.0
E10000018,East Midlands,Leicestershire,FYE 2016,1.0,2016,Leicestershire,4605,2861,3786200000.0,5006300000.0,1749842.7123383433,0.9955555555555555,0.5009152816552968,Medium,0.0,0.0,0.0,0.0,0.0,0.0,0.0,0.0
E10000019,East Midlands,Lincolnshire,FYE 2016,2.0,2016,Lincolnshire,8946,5559,3047400000.0,4071200000.0,732361.935599928,0.9955555555555555,0.20964814874956783,Low,0.0,0.0,0.0,0.0,0.0,0.0,0.0,0.0
E10000021,East Midlands,Northamptonshire,FYE 2016,3.0,2016,Northamptonshire,4613,2866,4262400000.0,5616300000.0,1959630.1465457084,0.9955555555555555,0.5609696688026401,Medium,0.0,0.0,0.0,0.0,0.0,0.0,0.0,0.0
E06000018,East Midlands,Nottingham,FYE 2016,10.0,2016,Nottingham,801,498,785000000.0,983200000.0,1974297.18875502,0.9955555555555555,0.5651683007868312,Medium,0.0,0.0,0.0,0.0,0.0,0.0,0.0,0.0
E10000024,East Midlands,Nottinghamshire,FYE 2016,1.0,2016,Nottinghamshire,4851,3014,3705500000.0,4818400000.0,1598672.8599867285,0.9955555555555555,0.45764094126197735,Medium,0.0,0.0,0.0,0.0,0.0,0.0,0.0,0.0
E06000017,East Midlands,Rutland,FYE 2016,1.0,2016,Rutland,558,347,328700000.0,440800000.0,1270317.0028818443,0.9955555555555555,0.3636447977885653,Low,0.0,0.0,0.0,0.0,0.0,0.0,0.0,0.0
E08000025,West Midlands,Birmingham,FYE 2016,5.0,2016,Birmingham,2551,1585,2919800000.0,3632200000.0,2291608.832807571,0.9955555555555555,0.6560028943376347,Medium,0.0,0.0,0.0,0.0,0.0,0.0,1.0,0.0
E08000026,West Midlands,Coventry,FYE 2016,1.0,2016,Coventry,910,565,993800000.0,1212000000.0,2145132.743362832,0.9955555555555555,0.6140722047490089,Medium,0.0,0.0,0.0,0.0,0.0,0.0,1.0,0.0
E08000027,West Midlands,Dudley,FYE 2016,5.0,2016,Dudley,1029,639,847200000.0,1071200000.0,1676369.3270735524,0.9955555555555555,0.4798825675635832,Medium,0.0,0.0,0.0,0.0,0.0,0.0,1.0,0.0
E06000019,West Midlands,"Herefordshire, County of",FYE 2016,7.0,2016,"Herefordshire, County of",3351,2082,895700000.0,1212700000.0,582468.7800192123,0.9955555555555555,0.1667392794457778,Low,0.0,0.0,0.0,0.0,0.0,0.0,1.0,0.0
E08000028,West Midlands,Sandwell,FYE 2016,5.0,2016,Sandwell,899,559,974200000.0,1284600000.0,2298032.2003577817,0.9955555555555555,0.6578416670129739,Medium,0.0,0.0,0.0,0.0,0.0,0.0,1.0,0.0
E06000051,West Midlands,Shropshire,FYE 2016,4.0,2016,Shropshire,5186,3222,1545200000.0,2061400000.0,639788.9509621353,0.9955555555555555,0.18314792541718342,Low,0.0,0.0,0.0,0.0,0.0,0.0,1.0,0.0
E08000029,West Midlands,Solihull,FYE 2016,6.0,2016,Solihull,873,542,1215200000.0,1533000000.0,2828413.2841328415,0.9955555555555555,0.8096701645633614,High,0.0,0.0,0.0,0.0,0.0,0.0,1.0,0.0
E10000028,West Midlands,Staffordshire,FYE 2016,2.0,2016,Staffordshire,6348,3944,4637100000.0,6092400000.0,1544726.1663286004,0.9955555555555555,0.44219799712900304,Medium,0.0,0.0,0.0,0.0,0.0,0.0,1.0,0.0
E06000021,West Midlands,Stoke-on-Trent,FYE 2016,3.0,2016,Stoke-on-Trent,875,544,706500000.0,877100000.0,1612316.1764705882,0.9955555555555555,0.46154651841530464,Medium,0.0,0.0,0.0,0.0,0.0,0.0,1.0,0.0
E06000020,West Midlands,Telford and Wrekin,FYE 2016,1.0,2016,Telford and Wrekin,1049,652,684900000.0,872300000.0,1337883.4355828222,0.9955555555555555,0.3829865697250991,Low,0.0,0.0,0.0,0.0,0.0,0.0,1.0,0.0
E08000030,West Midlands,Walsall,FYE 2016,7.0,2016,Walsall,872,542,717300000.0,941100000.0,1736346.8634686347,0.9955555555555555,0.4970519190284275,Medium,0.0,0.0,0.0,0.0,0.0,0.0,1.0,0.0
E10000031,West Midlands,Warwickshire,FYE 2016,2.0,2016,Warwickshire,4183,2599,4627400000.0,6019200000.0,2315967.6798768756,0.9955555555555555,0.6629759317737901,Medium,0.0,0.0,0.0,0.0,0.0,0.0,1.0,0.0
E08000031,West Midlands,Wolverhampton,FYE 2016,4.0,2016,Wolverhampton,773,480,582200000.0,730000000.0,1520833.3333333333,0.9955555555555555,0.435358362294982,Medium,0.0,0.0,0.0,0.0,0.0,0.0,1.0,0.0
E10000034,West Midlands,Worcestershire,FYE 2016,3.0,2016,Worcestershire,4246,2638,3360700000.0,4357400000.0,1651781.652767248,0.9955555555555555,0.47284402534859027,Medium,0.0,0.0,0.0,0.0,0.0,0.0,1.0,0.0
E06000055,East of England,Bedford,FYE 2016,2.0,2016,Bedford,922,573,639100000.0,809100000.0,1412041.884816754,0.9955555555555555,0.40421539230624104,Low,1.0,0.0,0.0,0.0,0.0,0.0,0.0,0.0
E10000003,East of England,Cambridgeshire,FYE 2016,2.0,2016,Cambridgeshire,4793,2978,3646500000.0,4864800000.0,1633579.583613163,0.9955555555555555,0.46763344583036404,Medium,1.0,0.0,0.0,0.0,0.0,0.0,0.0,0.0
E06000056,East of England,Central Bedfordshire,FYE 2016,1.0,2016,Central Bedfordshire,1521,945,1524800000.0,2007100000.0,2123915.3439153438,0.9955555555555555,0.6079984476362745,Medium,1.0,0.0,0.0,0.0,0.0,0.0,0.0,0.0
E10000012,East of England,Essex,FYE 2016,2.0,2016,Essex,8243,5122,7090700000.0,9242000000.0,1804373.2916829363,0.9955555555555555,0.5165253706756531,Medium,1.0,0.0,0.0,0.0,0.0,0.0,0.0,0.0
E10000015,East of England,Hertfordshire,FYE 2016,3.0,2016,Hertfordshire,4992,3102,5843400000.0,7426800000.0,2394197.2920696326,0.9955555555555555,0.6853701778103118,Medium,1.0,0.0,0.0,0.0,0.0,0.0,0.0,0.0
E06000032,East of England,Luton,FYE 2016,2.0,2016,Luton,466,290,405900000.0,498000000.0,1717241.3793103448,0.9955555555555555,0.491582725191273,Medium,1.0,0.0,0.0,0.0,0.0,0.0,0.0,0.0
E10000020,East of England,Norfolk,FYE 2016,3.0,2016,Norfolk,10026,6230,3969300000.0,5117000000.0,821348.3146067415,0.9955555555555555,0.23512165947677893,Low,1.0,0.0,0.0,0.0,0.0,0.0,0.0,0.0
E06000031,East of England,Peterborough,FYE 2016,1.0,2016,Peterborough,956,594,911900000.0,1153700000.0,1942255.8922558923,0.9955555555555555,0.5559960620780083,Medium,1.0,0.0,0.0,0.0,0.0,0.0,0.0,0.0
E06000033,East of England,Southend-on-Sea,FYE 2016,7.0,2016,Southend-on-Sea,457,284,334800000.0,405800000.0,1428873.2394366197,0.9955555555555555,0.40903358692487835,Low,1.0,0.0,0.0,0.0,0.0,0.0,0.0,0.0
E10000029,East of England,Suffolk,FYE 2016,3.0,2016,Suffolk,7045,4378,3018000000.0,4015400000.0,917176.79305619,0.9955555555555555,0.2625538103407604,Low,1.0,0.0,0.0,0.0,0.0,0.0,0.0,0.0
E06000034,East of England,Thurrock,FYE 2016,3.0,2016,Thurrock,592,368,778300000.0,1055000000.0,2866847.8260869565,0.9955555555555555,0.8206725531051924,High,1.0,0.0,0.0,0.0,0.0,0.0,0.0,0.0
E09000002,London,Barking and Dagenham,FYE 2016,2.0,2016,Barking and Dagenham,339,211,320300000.0,418400000.0,1982938.3886255925,0.9955555555555555,0.5676419568683102,Medium,0.0,1.0,0.0,0.0,0.0,0.0,0.0,0.0
E09000003,London,Barnet,FYE 2016,4.0,2016,Barnet,761,473,850900000.0,1088200000.0,2300634.2494714586,0.9955555555555555,0.6585865374835984,Medium,0.0,1.0,0.0,0.0,0.0,0.0,0.0,0.0
E09000004,London,Bexley,FYE 2016,2.0,2016,Bexley,560,348,498900000.0,640700000.0,1841091.9540229884,0.9955555555555555,0.5270365663153423,Medium,0.0,1.0,0.0,0.0,0.0,0.0,0.0,0.0
E09000005,London,Brent,FYE 2016,6.0,2016,Brent,487,303,491300000.0,626100000.0,2066336.6336633663,0.9955555555555555,0.591515791418176,Medium,0.0,1.0,0.0,0.0,0.0,0.0,0.0,0.0
E09000006,London,Bromley,FYE 2016,2.0,2016,Bromley,905,562,720800000.0,907000000.0,1613879.0035587188,0.9955555555555555,0.46199389803720414,Medium,0.0,1.0,0.0,0.0,0.0,0.0,0.0,0.0
E09000007,London,Camden,FYE 2016,9.0,2016,Camden,282,175,230400000.0,315800000.0,1804571.4285714286,0.9955555555555555,0.516582089942251,Medium,0.0,1.0,0.0,0.0,0.0,0.0,0.0,0.0
E09000001,London,City of London,FYE 2016,7.0,2016,City of London,56,35,68100000.0,99200000.0,2834285.714285714,0.9955555555555555,0.8113512242284877,High,0.0,1.0,0.0,0.0,0.0,0.0,0.0,0.0
E09000008,London,Croydon,FYE 2016,6.0,2016,Croydon,778,483,669300000.0,849100000.0,1757971.0144927537,0.9955555555555555,0.5032421140810608,Medium,0.0,1.0,0.0,0.0,0.0,0.0,0.0,0.0
E09000009,London,Ealing,FYE 2016,6.0,2016,Ealing,588,365,649700000.0,835300000.0,2288493.1506849313,0.9955555555555555,0.655110989724148,Medium,0.0,1.0,0.0,0.0,0.0,0.0,0.0,0.0
E09000010,London,Enfield,FYE 2016,3.0,2016,Enfield,644,400,811700000.0,1089400000.0,2723500.0,0.9955555555555555,0.7796373696725809,High,0.0,1.0,0.0,0.0,0.0,0.0,0.0,0.0
E09000011,London,Greenwich,FYE 2016,3.0,2016,Greenwich,503,313,567700000.0,742900000.0,2373482.428115016,0.9955555555555555,0.6794402780318273,Medium,0.0,1.0,0.0,0.0,0.0,0.0,0.0,0.0
E09000012,London,Hackney,FYE 2016,8.0,2016,Hackney,277,172,217100000.0,298100000.0,1733139.534883721,0.9955555555555555,0.49613377942071035,Medium,0.0,1.0,0.0,0.0,0.0,0.0,0.0,0.0
E09000013,London,Hammersmith and Fulham,FYE 2016,10.0,2016,Hammersmith and Fulham,221,137,239800000.0,327900000.0,2393430.6569343065,0.9955555555555555,0.6851507185114669,Medium,0.0,1.0,0.0,0.0,0.0,0.0,0.0,0.0
E09000014,London,Haringey,FYE 2016,6.0,2016,Haringey,357,222,258800000.0,342200000.0,1541441.4414414414,0.9955555555555555,0.4412577018210821,Medium,0.0,1.0,0.0,0.0,0.0,0.0,0.0,0.0
E09000015,London,Harrow,FYE 2016,5.0,2016,Harrow,474,295,335600000.0,410400000.0,1391186.440677966,0.9955555555555555,0.3982452496178922,Low,0.0,1.0,0.0,0.0,0.0,0.0,0.0,0.0
E09000016,London,Havering,FYE 2016,2.0,2016,Havering,660,410,799000000.0,1091100000.0,2661219.512195122,0.9955555555555555,0.7618087683529112,High,0.0,1.0,0.0,0.0,0.0,0.0,0.0,0.0
E09000017,London,Hillingdon,FYE 2016,3.0,2016,Hillingdon,756,470,1227400000.0,1531200000.0,3257872.340425532,0.9955555555555555,0.9326084164561839,High,0.0,1.0,0.0,0.0,0.0,0.0,0.0,0.0
E09000018,London,Hounslow,FYE 2016,3.0,2016,Hounslow,499,310,851100000.0,1060500000.0,3420967.7419354836,0.9955555555555555,0.9792966007186815,High,0.0,1.0,0.0,0.0,0.0,0.0,0.0,0.0
E09000019,London,Islington,FYE 2016,7.0,2016,Islington,238,148,177900000.0,252000000.0,1702702.7027027027,0.9955555555555555,0.4874208395335156,Medium,0.0,1.0,0.0,0.0,0.0,0.0,0.0,0.0
E09000020,London,Kensington and Chelsea,FYE 2016,6.0,2016,Kensington and Chelsea,205,127,229600000.0,318200000.0,2505511.811023622,0.9955555555555555,0.7172354095942872,High,0.0,1.0,0.0,0.0,0.0,0.0,0.0,0.0
E09000021,London,Kingston upon Thames,FYE 2016,4.0,2016,Kingston upon Thames,344,214,502800000.0,629100000.0,2939719.6261682245,0.9955555555555555,0.8415330555978181,High,0.0,1.0,0.0,0.0,0.0,0.0,0.0,0.0
E09000022,London,Lambeth,FYE 2016,5.0,2016,Lambeth,383,238,344600000.0,480000000.0,2016806.7226890756,0.9955555555555555,0.577337208891239,Medium,0.0,1.0,0.0,0.0,0.0,0.0,0.0,0.0
E09000023,London,Lewisham,FYE 2016,6.0,2016,Lewisham,456,283,371500000.0,490100000.0,1731802.1201413427,0.9955555555555555,0.49575092702052337,Medium,0.0,1.0,0.0,0.0,0.0,0.0,0.0,0.0
E09000024,London,Merton,FYE 2016,6.0,2016,Merton,376,234,320200000.0,411500000.0,1758547.0085470085,0.9955555555555555,0.5034069998858731,Medium,0.0,1.0,0.0,0.0,0.0,0.0,0.0,0.0
E09000025,London,Newham,FYE 2016,6.0,2016,Newham,426,265,439400000.0,574600000.0,2168301.886792453,0.9955555555555555,0.6207046740132045,Medium,0.0,1.0,0.0,0.0,0.0,0.0,0.0,0.0
E09000026,London,Redbridge,FYE 2016,2.0,2016,Redbridge,532,331,582900000.0,740300000.0,2236555.891238671,0.9955555555555555,0.6402432723227583,Medium,0.0,1.0,0.0,0.0,0.0,0.0,0.0,0.0
E09000027,London,Richmond upon Thames,FYE 2016,4.0,2016,Richmond upon Thames,415,258,435200000.0,543000000.0,2104651.1627906975,0.9955555555555555,0.6024838247242439,Medium,0.0,1.0,0.0,0.0,0.0,0.0,0.0,0.0
E09000028,London,Southwark,FYE 2016,9.0,2016,Southwark,393,244,330800000.0,460200000.0,1886065.5737704919,0.9955555555555555,0.539910851097644,Medium,0.0,1.0,0.0,0.0,0.0,0.0,0.0,0.0
E09000029,London,Sutton,FYE 2016,5.0,2016,Sutton,432,268,364500000.0,458700000.0,1711567.1641791044,0.9955555555555555,0.4899584071593741,Medium,0.0,1.0,0.0,0.0,0.0,0.0,0.0,0.0
E09000030,London,Tower Hamlets,FYE 2016,6.0,2016,Tower Hamlets,285,177,394300000.0,544700000.0,3077401.1299435026,0.9955555555555555,0.8809461804209954,High,0.0,1.0,0.0,0.0,0.0,0.0,0.0,0.0
E09000031,London,Waltham Forest,FYE 2016,4.0,2016,Waltham Forest,426,265,379200000.0,490700000.0,1851698.1132075472,0.9955555555555555,0.5300727176092576,Medium,0.0,1.0,0.0,0.0,0.0,0.0,0.0,0.0
E09000032,London,Wandsworth,FYE 2016,8.0,2016,Wandsworth,436,271,355500000.0,472100000.0,1742066.4206642066,0.9955555555555555,0.4986892168171727,Medium,0.0,1.0,0.0,0.0,0.0,0.0,0.0,0.0
E09000033,London,Westminster,FYE 2016,9.0,2016,Westminster,340,211,385000000.0,544300000.0,2579620.853080569,0.9955555555555555,0.7384500887271063,High,0.0,1.0,0.0,0.0,0.0,0.0,0.0,0.0
E06000036,South East,Bracknell Forest,FYE 2016,3.0,2016,Bracknell Forest,467,290,363900000.0,439500000.0,1515517.2413793104,0.9955555555555555,0.43383656168988854,Medium,0.0,0.0,0.0,0.0,1.0,0.0,0.0,0.0
E06000043,South East,Brighton and Hove,FYE 2016,7.0,2016,Brighton and Hove,626,389,641900000.0,802900000.0,2064010.2827763497,0.9955555555555555,0.5908498431580368,Medium,0.0,0.0,0.0,0.0,1.0,0.0,0.0,0.0
E06000060,South East,Buckinghamshire,FYE 2016,4.0,2016,Buckinghamshire,3299,2050,3282400000.0,4102200000.0,2001073.1707317072,0.9955555555555555,0.5728332745921203,Medium,0.0,0.0,0.0,0.0,1.0,0.0,0.0,0.0
E10000011,South East,East Sussex,FYE 2016,5.0,2016,East Sussex,3413,2121,2123700000.0,2699300000.0,1272654.4082979728,0.9955555555555555,0.36431391055173357,Low,0.0,0.0,0.0,0.0,1.0,0.0,0.0,0.0
E10000014,South East,Hampshire,FYE 2016,4.0,2016,Hampshire,8919,5542,7680500000.0,9659400000.0,1742944.7852760737,0.9955555555555555,0.49894066013481897,Medium,0.0,0.0,0.0,0.0,1.0,0.0,0.0,0.0
E06000046,South East,Isle of Wight,FYE 2016,10.0,2016,Isle of Wight,885,550,323300000.0,409400000.0,744363.6363636364,0.9955555555555555,0.21308379200824784,Low,0.0,0.0,0.0,0.0,1.0,0.0,0.0,0.0
E10000016,South East,Kent,FYE 2016,2.0,2016,Kent,9152,5687,7115400000.0,9370500000.0,1647705.2927729911,0.9955555555555555,0.47167711417408653,Medium,0.0,0.0,0.0,0.0,1.0,0.0,0.0,0.0
E06000035,South East,Medway,FYE 2016,2.0,2016,Medway,854,531,687000000.0,866900000.0,1632580.0376647834,0.9955555555555555,0.467347312775816,Medium,0.0,0.0,0.0,0.0,1.0,0.0,0.0,0.0
E06000042,South East,Milton Keynes,FYE 2016,0.0,2016,Milton Keynes,1264,785,1217800000.0,1534400000.0,1954649.6815286623,0.9955555555555555,0.5595439457823955,Medium,0.0,0.0,0.0,0.0,1.0,0.0,0.0,0.0
E10000025,South East,Oxfordshire,FYE 2016,3.0,2016,Oxfordshire,4738,2944,3792100000.0,4855500000.0,1649286.6847826086,0.9955555555555555,0.47212980824671347,Medium,0.0,0.0,0.0,0.0,1.0,0.0,0.0,0.0
E06000044,South East,Portsmouth,FYE 2016,4.0,2016,Portsmouth,457,284,612500000.0,760500000.0,2677816.9014084507,0.9955555555555555,0.7665599873247165,High,0.0,0.0,0.0,0.0,1.0,0.0,0.0,0.0
E06000038,South East,Reading,FYE 2016,7.0,2016,Reading,400,249,308900000.0,373900000.0,1501606.4257028112,0.9955555555555555,0.4298544094064203,Medium,0.0,0.0,0.0,0.0,1.0,0.0,0.0,0.0
E06000039,South East,Slough,FYE 2016,4.0,2016,Slough,319,198,418300000.0,518300000.0,2617676.767676768,0.9955555555555555,0.7493440902531813,High,0.0,0.0,0.0,0.0,1.0,0.0,0.0,0.0
E06000045,South East,Southampton,FYE 2016,6.0,2016,Southampton,581,361,508200000.0,627100000.0,1737119.1135734073,0.9955555555555555,0.49727298568545497,Medium,0.0,0.0,0.0,0.0,1.0,0.0,0.0,0.0
E10000030,South East,Surrey,FYE 2016,4.0,2016,Surrey,5564,3457,6916300000.0,8653400000.0,2503153.022852184,0.9955555555555555,0.7165601757387356,High,0.0,0.0,0.0,0.0,1.0,0.0,0.0,0.0
E06000037,South East,West Berkshire,FYE 2016,2.0,2016,West Berkshire,1416,880,1507500000.0,1924100000.0,2186477.272727273,0.9955555555555555,0.6259076151121606,Medium,0.0,0.0,0.0,0.0,1.0,0.0,0.0,0.0
E10000032,South East,West Sussex,FYE 2016,3.0,2016,West Sussex,4271,2654,3559700000.0,4454700000.0,1678485.3051996985,0.9955555555555555,0.48048829387918934,Medium,0.0,0.0,0.0,0.0,1.0,0.0,0.0,0.0
E06000040,South East,Windsor and Maidenhead,FYE 2016,5.0,2016,Windsor and Maidenhead,692,430,958400000.0,1167600000.0,2715348.8372093025,0.9955555555555555,0.7773039930917429,High,0.0,0.0,0.0,0.0,1.0,0.0,0.0,0.0
E06000041,South East,Wokingham,FYE 2016,5.0,2016,Wokingham,753,468,869500000.0,1064700000.0,2275000.0,0.9955555555555555,0.6512483994878361,Medium,0.0,0.0,0.0,0.0,1.0,0.0,0.0,0.0
E06000022,South West,Bath and North East Somerset,FYE 2016,3.0,2016,Bath and North East Somerset,1061,659,621300000.0,780400000.0,1184218.5128983308,0.9955555555555555,0.33899798293138605,Low,0.0,0.0,0.0,0.0,0.0,1.0,0.0,0.0
E06000028,South West,Bournemouth,FYE 2016,3.0,2016,Bournemouth,520,323,440700000.0,536500000.0,1660990.7120743033,0.9955555555555555,0.47548023859452804,Medium,0.0,0.0,0.0,0.0,0.0,1.0,0.0,0.0
E06000023,South West,"Bristol, City of",FYE 2016,4.0,2016,"Bristol, City of",1153,716,1197200000.0,1494600000.0,2087430.1675977653,0.9955555555555555,0.5975540904134814,Medium,0.0,0.0,0.0,0.0,0.0,1.0,0.0,0.0
E06000052,South West,Cornwall,FYE 2016,1.0,2016,Cornwall excluding Isles of Scilly,7430,4617,2520600000.0,3288100000.0,712172.4063244531,0.9955555555555555,0.20386863286953888,Low,0.0,0.0,0.0,0.0,0.0,1.0,0.0,0.0
E10000008,South West,Devon,FYE 2016,2.0,2016,Devon,13033,8098,4268900000.0,5545500000.0,684798.7157322796,0.9955555555555555,0.19603255718328472,Low,0.0,0.0,0.0,0.0,0.0,1.0,0.0,0.0
E10000013,South West,Gloucestershire,FYE 2016,2.0,2016,Gloucestershire,5592,3475,3409800000.0,4332100000.0,1246647.4820143885,0.9955555555555555,0.35686908896149955,Low,0.0,0.0,0.0,0.0,0.0,1.0,0.0,0.0
E06000024,South West,North Somerset,FYE 2016,2.0,2016,North Somerset,1168,726,1270300000.0,1591300000.0,2191873.2782369144,0.9955555555555555,0.6274522920140426,Medium,0.0,0.0,0.0,0.0,0.0,1.0,0.0,0.0
E06000026,South West,Plymouth,FYE 2016,2.0,2016,Plymouth,829,515,751700000.0,926900000.0,1799805.8252427184,0.9955555555555555,0.5152178738805294,Medium,0.0,0.0,0.0,0.0,0.0,1.0,0.0,0.0
E06000029,South West,Poole,FYE 2016,4.0,2016,Poole,540,336,446100000.0,555200000.0,1652380.9523809524,0.9955555555555555,0.4730155826735304,Medium,0.0,0.0,0.0,0.0,0.0,1.0,0.0,0.0
E06000066,South West,Somerset,FYE 2016,3.0,2016,Somerset,6799,4225,3390300000.0,4393300000.0,1039834.3195266272,0.9955555555555555,0.2976661258568084,Low,0.0,0.0,0.0,0.0,0.0,1.0,0.0,0.0
E06000025,South West,South Gloucestershire,FYE 2016,2.0,2016,South Gloucestershire,1557,967,2029500000.0,2595000000.0,2683557.3940020683,0.9955555555555555,0.7682032781439979,High,0.0,0.0,0.0,0.0,0.0,1.0,0.0,0.0
E06000030,South West,Swindon,FYE 2016,1.0,2016,Swindon,911,566,1060400000.0,1325500000.0,2341872.7915194347,0.9955555555555555,0.6703916075961067,Medium,0.0,0.0,0.0,0.0,0.0,1.0,0.0,0.0
E06000027,South West,Torbay,FYE 2016,2.0,2016,Torbay,527,327,350300000.0,430800000.0,1317431.1926605504,0.9955555555555555,0.3771318486397954,Low,0.0,0.0,0.0,0.0,0.0,1.0,0.0,0.0
E06000054,South West,Wiltshire,FYE 2016,3.0,2016,Wiltshire,4788,2975,2995600000.0,3818300000.0,1283462.1848739495,0.9955555555555555,0.3674077774515696,Low,0.0,0.0,0.0,0.0,0.0,1.0,0.0,0.0
E06000047,North East,County Durham,FYE 2017,3.0,2017,Durham,3723,2313,1995000000.0,2623500000.0,1134241.2451361867,0.9960493827160494,0.3246913386936404,Low,0.0,0.0,1.0,0.0,0.0,0.0,0.0,0.0
E06000005,North East,Darlington,FYE 2017,2.0,2017,Darlington,551,342,387200000.0,498600000.0,1457894.7368421052,0.9960493827160494,0.41734136878688394,Low,0.0,0.0,1.0,0.0,0.0,0.0,0.0,0.0
E08000037,North East,Gateshead,FYE 2017,2.0,2017,Gateshead,909,565,828000000.0,1048600000.0,1855929.203539823,0.9960493827160494,0.5312839223595798,Medium,0.0,0.0,1.0,0.0,0.0,0.0,0.0,0.0
E06000001,North East,Hartlepool,FYE 2017,2.0,2017,Hartlepool,408,254,304800000.0,383200000.0,1508661.4173228347,0.9960493827160494,0.43187399270353694,Medium,0.0,0.0,1.0,0.0,0.0,0.0,0.0,0.0
E06000002,North East,Middlesbrough,FYE 2017,1.0,2017,Middlesbrough,519,322,584500000.0,721700000.0,2241304.347826087,0.9960493827160494,0.6416025799063153,Medium,0.0,0.0,1.0,0.0,0.0,0.0,0.0,0.0
E08000021,North East,Newcastle upon Tyne,FYE 2017,3.0,2017,Newcastle upon Tyne,981,610,875800000.0,1068100000.0,1750983.6065573771,0.9960493827160494,0.501241877494475,Medium,0.0,0.0,1.0,0.0,0.0,0.0,0.0,0.0
E08000022,North East,North Tyneside,FYE 2017,2.0,2017,North Tyneside,802,498,644700000.0,781200000.0,1568674.6987951808,0.9960493827160494,0.4490535766626043,Medium,0.0,0.0,1.0,0.0,0.0,0.0,0.0,0.0
E06000057,North East,Northumberland,FYE 2017,3.0,2017,Northumberland,5162,3208,1478300000.0,1923600000.0,599625.9351620948,0.9960493827160494,0.17165073871020273,Low,0.0,0.0,1.0,0.0,0.0,0.0,0.0,0.0
E06000003,North East,Redcar and Cleveland,FYE 2017,1.0,2017,Redcar and Cleveland,682,424,446600000.0,556000000.0,1311320.7547169812,0.9960493827160494,0.37538265614268806,Low,0.0,0.0,1.0,0.0,0.0,0.0,0.0,0.0
E08000023,North East,South Tyneside,FYE 2017,3.0,2017,South Tyneside,564,350,374500000.0,460800000.0,1316571.4285714286,0.9960493827160494,0.3768857299642008,Low,0.0,0.0,1.0,0.0,0.0,0.0,0.0,0.0
E06000004,North East,Stockton-on-Tees,FYE 2017,2.0,2017,Stockton-on-Tees,876,544,700100000.0,878200000.0,1614338.2352941176,0.9960493827160494,0.4621253591065107,Medium,0.0,0.0,1.0,0.0,0.0,0.0,0.0,0.0
E08000024,North East,Sunderland,FYE 2017,2.0,2017,Sunderland,1155,718,839000000.0,1046800000.0,1457938.7186629525,0.9960493827160494,0.41735395915630524,Low,0.0,0.0,1.0,0.0,0.0,0.0,0.0,0.0
E06000008,North West,Blackburn with Darwen,FYE 2017,3.0,2017,Blackburn with Darwen,551,342,350500000.0,431200000.0,1260818.7134502924,0.9960493827160494,0.36092578865002883,Low,0.0,0.0,0.0,1.0,0.0,0.0,0.0,0.0
E06000009,North West,Blackpool,FYE 2017,2.0,2017,Blackpool,453,281,278500000.0,333100000.0,1185409.2526690392,0.9960493827160494,0.33933884770935546,Low,0.0,0.0,0.0,1.0,0.0,0.0,0.0,0.0
E08000001,North West,Bolton,FYE 2017,3.0,2017,Bolton,993,617,1016400000.0,1266100000.0,2052025.9319286873,0.9960493827160494,0.5874191665389419,Medium,0.0,0.0,0.0,1.0,0.0,0.0,0.0,0.0
E08000002,North West,Bury,FYE 2017,8.0,2017,Bury,684,425,782600000.0,998900000.0,2350352.9411764704,0.9960493827160494,0.6728191609550349,Medium,0.0,0.0,0.0,1.0,0.0,0.0,0.0,0.0
E06000049,North West,Cheshire East,FYE 2017,2.0,2017,East Cheshire,2878,1788,2225900000.0,2877500000.0,1609340.0447427293,0.9960493827160494,0.46069456192104835,Medium,0.0,0.0,0.0,1.0,0.0,0.0,0.0,0.0
E06000050,North West,Cheshire West and Chester,FYE 2017,2.0,2017,West Cheshire,2426,1507,1956000000.0,2470000000.0,1639017.9163901792,0.9960493827160494,0.4691902394641724,Medium,0.0,0.0,0.0,1.0,0.0,0.0,0.0,0.0
E10000006,North West,Cumbria,FYE 2017,3.0,2017,Cumbria,8081,5021,2734700000.0,3724500000.0,741784.5050786696,0.9960493827160494,0.21234548206477372,Low,0.0,0.0,0.0,1.0,0.0,0.0,0.0,0.0
E06000006,North West,Halton,FYE 2017,1.0,2017,Halton,587,365,492500000.0,623400000.0,1707945.2054794522,0.9960493827160494,0.48892157427754573,Medium,0.0,0.0,0.0,1.0,0.0,0.0,0.0,0.0
E08000011,North West,Knowsley,FYE 2017,1.0,2017,Knowsley,582,362,755200000.0,959700000.0,2651104.9723756905,0.9960493827160494,0.758913349509412,High,0.0,0.0,0.0,1.0,0.0,0.0,0.0,0.0
E10000017,North West,Lancashire,FYE 2017,3.0,2017,Lancashire,7011,4356,5590500000.0,7066800000.0,1622314.0495867769,0.9960493827160494,0.4644085398945136,Medium,0.0,0.0,0.0,1.0,0.0,0.0,0.0,0.0
E08000012,North West,Liverpool,FYE 2017,6.0,2017,Liverpool,1435,892,1136300000.0,1394400000.0,1563228.6995515695,0.9960493827160494,0.447494588402818,Medium,0.0,0.0,0.0,1.0,0.0,0.0,0.0,0.0
E08000003,North West,Manchester,FYE 2017,8.0,2017,Manchester,1379,857,1387400000.0,1678000000.0,1957992.998833139,0.9960493827160494,0.5605010139333936,Medium,0.0,0.0,0.0,1.0,0.0,0.0,0.0,0.0
E08000004,North West,Oldham,FYE 2017,5.0,2017,Oldham,822,511,562900000.0,697400000.0,1364774.9510763208,0.9960493827160494,0.39068461650529396,Low,0.0,0.0,0.0,1.0,0.0,0.0,0.0,0.0
E08000005,North West,Rochdale,FYE 2017,4.0,2017,Rochdale,790,491,793400000.0,1041800000.0,2121792.260692464,0.9960493827160494,0.6073906873941296,Medium,0.0,0.0,0.0,1.0,0.0,0.0,0.0,0.0
E08000006,North West,Salford,FYE 2017,3.0,2017,Salford,804,500,1099500000.0,1413600000.0,2827200.0,0.9960493827160494,0.8093228461679166,High,0.0,0.0,0.0,1.0,0.0,0.0,0.0,0.0
E08000013,North West,St. Helens,FYE 2017,1.0,2017,St. Helens,738,459,673900000.0,866600000.0,1888017.4291938997,0.9960493827160494,0.5404695951506224,Medium,0.0,0.0,0.0,1.0,0.0,0.0,0.0,0.0
E08000007,North West,Stockport,FYE 2017,8.0,2017,Stockport,991,616,960000000.0,1171700000.0,1902110.3896103897,0.9960493827160494,0.5445038887397585,Medium,0.0,0.0,0.0,1.0,0.0,0.0,0.0,0.0
E08000008,North West,Tameside,FYE 2017,5.0,2017,Tameside,768,477,590000000.0,740200000.0,1551781.9706498953,0.9960493827160494,0.44421781307245034,Medium,0.0,0.0,0.0,1.0,0.0,0.0,0.0,0.0
E08000009,North West,Trafford,FYE 2017,6.0,2017,Trafford,803,499,755900000.0,923000000.0,1849699.3987975952,0.9960493827160494,0.5295005595606798,Medium,0.0,0.0,0.0,1.0,0.0,0.0,0.0,0.0
E06000007,North West,Warrington,FYE 2017,2.0,2017,Warrington,997,620,1311800000.0,1701800000.0,2744838.709677419,0.9960493827160494,0.785745853419638,High,0.0,0.0,0.0,1.0,0.0,0.0,0.0,0.0
E08000010,North West,Wigan,FYE 2017,4.0,2017,Wigan,1154,717,950800000.0,1214800000.0,1694281.729428173,0.9960493827160494,0.4850102261853102,Medium,0.0,0.0,0.0,1.0,0.0,0.0,0.0,0.0
E08000015,North West,Wirral,FYE 2017,1.0,2017,Wirral,1228,763,871700000.0,1067800000.0,1399475.753604194,0.9960493827160494,0.4006181734755009,Low,0.0,0.0,0.0,1.0,0.0,0.0,0.0,0.0
E08000016,Yorkshire and the Humber,Barnsley,FYE 2017,2.0,2017,Barnsley,1216,756,943800000.0,1238000000.0,1637566.1375661376,0.9960493827160494,0.46877464885513176,Medium,0.0,0.0,0.0,0.0,0.0,0.0,0.0,1.0
E08000032,Yorkshire and the Humber,Bradford,FYE 2017,3.0,2017,Bradford,1950,1212,1270400000.0,1573500000.0,1298267.3267326732,0.9960493827160494,0.37164594226022196,Low,0.0,0.0,0.0,0.0,0.0,0.0,0.0,1.0
E08000033,Yorkshire and the Humber,Calderdale,FYE 2017,4.0,2017,Calderdale,1159,720,740900000.0,970200000.0,1347500.0,0.9960493827160494,0.3857394366197183,Low,0.0,0.0,0.0,0.0,0.0,0.0,0.0,1.0
E08000017,Yorkshire and the Humber,Doncaster,FYE 2017,2.0,2017,Doncaster,1682,1045,1511100000.0,2101700000.0,2011196.1722488038,0.9960493827160494,0.5757311157068553,Medium,0.0,0.0,0.0,0.0,0.0,0.0,0.0,1.0
E06000011,Yorkshire and the Humber,East Riding of Yorkshire,FYE 2017,2.0,2017,East Riding of Yorkshire,3477,2161,1709500000.0,2274000000.0,1052290.6062008329,0.9960493827160494,0.30123190025686913,Low,0.0,0.0,0.0,0.0,0.0,0.0,0.0,1.0
E06000010,Yorkshire and the Humber,"Kingston upon Hull, City of",FYE 2017,2.0,2017,"Kingston upon Hull, City of",758,471,597800000.0,764200000.0,1622505.3078556263,0.9960493827160494,0.4644632900665914,Medium,0.0,0.0,0.0,0.0,0.0,0.0,0.0,1.0
E08000034,Yorkshire and the Humber,Kirklees,FYE 2017,4.0,2017,Kirklees,1928,1198,1343800000.0,1746900000.0,1458180.3005008348,0.9960493827160494,0.41742311510587277,Low,0.0,0.0,0.0,0.0,0.0,0.0,0.0,1.0
E08000035,Yorkshire and the Humber,Leeds,FYE 2017,3.0,2017,Leeds,3049,1895,3343300000.0,4255000000.0,2245382.5857519787,0.9960493827160494,0.6427700286632242,Medium,0.0,0.0,0.0,0.0,0.0,0.0,0.0,1.0
E06000012,Yorkshire and the Humber,North East Lincolnshire,FYE 2017,3.0,2017,North East Lincolnshire,651,405,484700000.0,619400000.0,1529382.7160493827,0.9960493827160494,0.4378057345193495,Medium,0.0,0.0,0.0,0.0,0.0,0.0,0.0,1.0
E06000013,Yorkshire and the Humber,North Lincolnshire,FYE 2017,3.0,2017,North Lincolnshire,1421,883,777500000.0,1118900000.0,1267157.4178935448,0.9960493827160494,0.36274032540760887,Low,0.0,0.0,0.0,0.0,0.0,0.0,0.0,1.0
E06000065,Yorkshire and the Humber,North Yorkshire,FYE 2017,2.0,2017,North Yorkshire,9231,5736,4074400000.0,5438700000.0,948169.4560669456,0.9960493827160494,0.2714258640469672,Low,0.0,0.0,0.0,0.0,0.0,0.0,0.0,1.0
E08000018,Yorkshire and the Humber,Rotherham,FYE 2017,3.0,2017,Rotherham,1222,759,1146400000.0,1523400000.0,2007114.624505929,0.9960493827160494,0.574562719471699,Medium,0.0,0.0,0.0,0.0,0.0,0.0,0.0,1.0
E08000019,Yorkshire and the Humber,Sheffield,FYE 2017,5.0,2017,Sheffield,1975,1227,1358400000.0,1725700000.0,1406438.467807661,0.9960493827160494,0.40261134115950054,Low,0.0,0.0,0.0,0.0,0.0,0.0,0.0,1.0
E08000036,Yorkshire and the Humber,Wakefield,FYE 2017,2.0,2017,Wakefield,1566,973,1433000000.0,1895900000.0,1948509.7636176774,0.9960493827160494,0.5577863142604107,Medium,0.0,0.0,0.0,0.0,0.0,0.0,0.0,1.0
E06000014,Yorkshire and the Humber,York,FYE 2017,5.0,2017,York,813,505,669400000.0,833300000.0,1650099.0099009902,0.9960493827160494,0.4723623468986738,Medium,0.0,0.0,0.0,0.0,0.0,0.0,0.0,1.0
E06000015,East Midlands,Derby,FYE 2017,4.0,2017,Derby,768,477,942100000.0,1122000000.0,2352201.257861635,0.9960493827160494,0.6733482656947977,Medium,0.0,0.0,0.0,0.0,0.0,0.0,0.0,0.0
E10000007,East Midlands,Derbyshire,FYE 2017,2.0,2017,Derbyshire,5651,3511,4113700000.0,5274400000.0,1502250.071204785,0.9960493827160494,0.430038661319826,Medium,0.0,0.0,0.0,0.0,0.0,0.0,0.0,0.0
E06000016,East Midlands,Leicester,FYE 2017,4.0,2017,Leicester,837,520,779200000.0,940100000.0,1807884.6153846155,0.9960493827160494,0.5175305328474343,Medium,0.0,0.0,0.0,0.0,0.0,0.0,0.0,0.0
E10000018,East Midlands,Leicestershire,FYE 2017,1.0,2017,Leicestershire,4621,2871,3822100000.0,5068500000.0,1765412.7481713688,0.9960493827160494,0.5053724073327588,Medium,0.0,0.0,0.0,0.0,0.0,0.0,0.0,0.0
E10000019,East Midlands,Lincolnshire,FYE 2017,2.0,2017,Lincolnshire,8952,5563,3134000000.0,4202000000.0,755347.8339025705,0.9960493827160494,0.21622816170797932,Low,0.0,0.0,0.0,0.0,0.0,0.0,0.0,0.0
E10000021,East Midlands,Northamptonshire,FYE 2017,3.0,2017,Northamptonshire,4636,2881,4336400000.0,5745900000.0,1994411.6626171467,0.9960493827160494,0.5709263310766114,Medium,0.0,0.0,0.0,0.0,0.0,0.0,0.0,0.0
E06000018,East Midlands,Nottingham,FYE 2017,9.0,2017,Nottingham,804,500,811000000.0,1005500000.0,2011000.0,0.9960493827160494,0.5756749588439729,Medium,0.0,0.0,0.0,0.0,0.0,0.0,0.0,0.0
E10000024,East Midlands,Nottinghamshire,FYE 2017,1.0,2017,Nottinghamshire,4861,3020,3740200000.0,4868100000.0,1611953.642384106,0.9960493827160494,0.46144273830823596,Medium,0.0,0.0,0.0,0.0,0.0,0.0,0.0,0.0
E06000017,East Midlands,Rutland,FYE 2017,1.0,2017,Rutland,559,347,324100000.0,439000000.0,1265129.6829971182,0.9960493827160494,0.3621598598665612,Low,0.0,0.0,0.0,0.0,0.0,0.0,0.0,0.0
E08000025,West Midlands,Birmingham,FYE 2017,5.0,2017,Birmingham,2558,1589,2963200000.0,3672000000.0,2310887.3505349276,0.9960493827160494,0.6615216212890364,Medium,0.0,0.0,0.0,0.0,0.0,0.0,1.0,0.0
E08000026,West Midlands,Coventry,FYE 2017,1.0,2017,Coventry,911,566,1001800000.0,1224100000.0,2162720.848056537,0.9960493827160494,0.6191070289388112,Medium,0.0,0.0,0.0,0.0,0.0,0.0,1.0,0.0
E08000027,West Midlands,Dudley,FYE 2017,3.0,2017,Dudley,1026,638,849200000.0,1073200000.0,1682131.6614420062,0.9960493827160494,0.48153211087556974,Medium,0.0,0.0,0.0,0.0,0.0,0.0,1.0,0.0
E06000019,West Midlands,"Herefordshire, County of",FYE 2017,6.0,2017,"Herefordshire, County of",3349,2081,912000000.0,1236700000.0,594281.5953868333,0.9960493827160494,0.1701208517981332,Low,0.0,0.0,0.0,0.0,0.0,0.0,1.0,0.0
E08000028,West Midlands,Sandwell,FYE 2017,4.0,2017,Sandwell,896,557,1006600000.0,1330000000.0,2387791.7414721726,0.9960493827160494,0.6835365054699012,Medium,0.0,0.0,0.0,0.0,0.0,0.0,1.0,0.0
E06000051,West Midlands,Shropshire,FYE 2017,4.0,2017,Shropshire,5195,3228,1568900000.0,2098700000.0,650154.8946716232,0.9960493827160494,0.18611531190069333,Low,0.0,0.0,0.0,0.0,0.0,0.0,1.0,0.0
E08000029,West Midlands,Solihull,FYE 2017,5.0,2017,Solihull,872,542,1221200000.0,1536000000.0,2833948.3394833948,0.9960493827160494,0.8112546462944051,High,0.0,0.0,0.0,0.0,0.0,0.0,1.0,0.0
E10000028,West Midlands,Staffordshire,FYE 2017,3.0,2017,Staffordshire,6357,3950,4583700000.0,6042700000.0,1529797.4683544303,0.9960493827160494,0.4379244627720292,Medium,0.0,0.0,0.0,0.0,0.0,0.0,1.0,0.0
E06000021,West Midlands,Stoke-on-Trent,FYE 2017,5.0,2017,Stoke-on-Trent,877,545,699900000.0,870000000.0,1596330.2752293579,0.9960493827160494,0.45697034584487745,Medium,0.0,0.0,0.0,0.0,0.0,0.0,1.0,0.0
E06000020,West Midlands,Telford and Wrekin,FYE 2017,1.0,2017,Telford and Wrekin,1057,657,724400000.0,920200000.0,1400608.8280060883,0.9960493827160494,0.4009425307901094,Low,0.0,0.0,0.0,0.0,0.0,0.0,1.0,0.0
E08000030,West Midlands,Walsall,FYE 2017,5.0,2017,Walsall,869,540,738700000.0,974300000.0,1804259.2592592593,0.9960493827160494,0.5164927274082204,Medium,0.0,0.0,0.0,0.0,0.0,0.0,1.0,0.0
E10000031,West Midlands,Warwickshire,FYE 2017,2.0,2017,Warwickshire,4194,2606,4676200000.0,6092800000.0,2337989.255564083,0.9960493827160494,0.6692798948157654,Medium,0.0,0.0,0.0,0.0,0.0,0.0,1.0,0.0
E08000031,West Midlands,Wolverhampton,FYE 2017,4.0,2017,Wolverhampton,773,480,582800000.0,731500000.0,1523958.3333333333,0.9960493827160494,0.43625293427230044,Medium,0.0,0.0,0.0,0.0,0.0,0.0,1.0,0.0
E10000034,West Midlands,Worcestershire,FYE 2017,3.0,2017,Worcestershire,4261,2648,3403800000.0,4397200000.0,1660574.0181268882,0.9960493827160494,0.47536095452141575,Medium,0.0,0.0,0.0,0.0,0.0,0.0,1.0,0.0
E06000055,East of England,Bedford,FYE 2017,2.0,2017,Bedford,931,578,675900000.0,858500000.0,1485294.1176470588,0.9960493827160494,0.42518479863136033,Medium,1.0,0.0,0.0,0.0,0.0,0.0,0.0,0.0
E10000003,East of England,Cambridgeshire,FYE 2017,3.0,2017,Cambridgeshire,4800,2983,3737100000.0,5021100000.0,1683238.3506537043,0.9960493827160494,0.48184891508561317,Medium,1.0,0.0,0.0,0.0,0.0,0.0,0.0,0.0
E06000056,East of England,Central Bedfordshire,FYE 2017,2.0,2017,Central Bedfordshire,1522,946,1561700000.0,2059200000.0,2176744.1860465114,0.9960493827160494,0.623121392200986,Medium,1.0,0.0,0.0,0.0,0.0,0.0,0.0,0.0
E10000012,East of England,Essex,FYE 2017,2.0,2017,Essex,8247,5124,7392300000.0,9641500000.0,1881635.4410616707,0.9960493827160494,0.5386426678729678,Medium,1.0,0.0,0.0,0.0,0.0,0.0,0.0,0.0
E10000015,East of England,Hertfordshire,FYE 2017,3.0,2017,Hertfordshire,5007,3111,5919100000.0,7540600000.0,2423850.8518161364,0.9960493827160494,0.6938588957549393,Medium,1.0,0.0,0.0,0.0,0.0,0.0,0.0,0.0
E06000032,East of England,Luton,FYE 2017,3.0,2017,Luton,460,286,412800000.0,511200000.0,1787412.5874125874,0.9960493827160494,0.5116701480337844,Medium,1.0,0.0,0.0,0.0,0.0,0.0,0.0,0.0
E10000020,East of England,Norfolk,FYE 2017,3.0,2017,Norfolk,10029,6232,4108400000.0,5321500000.0,853899.2297817715,0.9960493827160494,0.24443978317330756,Low,1.0,0.0,0.0,0.0,0.0,0.0,0.0,0.0
E06000031,East of England,Peterborough,FYE 2017,1.0,2017,Peterborough,961,597,950700000.0,1211400000.0,2029145.7286432162,0.9960493827160494,0.5808694101566917,Medium,1.0,0.0,0.0,0.0,0.0,0.0,0.0,0.0
E10000029,East of England,Suffolk,FYE 2017,2.0,2017,Suffolk,7040,4374,3129300000.0,4178800000.0,955372.6566072245,0.9960493827160494,0.2734878740790756,Low,1.0,0.0,0.0,0.0,0.0,0.0,0.0,0.0
E06000034,East of England,Thurrock,FYE 2017,3.0,2017,Thurrock,596,370,817700000.0,1118500000.0,3022972.972972973,0.9960493827160494,0.8653654111400589,High,1.0,0.0,0.0,0.0,0.0,0.0,0.0,0.0
E09000002,London,Barking and Dagenham,FYE 2017,6.0,2017,Barking and Dagenham,340,211,315200000.0,411500000.0,1950236.9668246445,0.9960493827160494,0.5582807486885986,Medium,0.0,1.0,0.0,0.0,0.0,0.0,0.0,0.0
E09000003,London,Barnet,FYE 2017,5.0,2017,Barnet,763,474,870900000.0,1116200000.0,2354852.3206751053,0.9960493827160494,0.674107166975771,Medium,0.0,1.0,0.0,0.0,0.0,0.0,0.0,0.0
E09000004,London,Bexley,FYE 2017,2.0,2017,Bexley,560,348,499900000.0,642000000.0,1844827.5862068965,0.9960493827160494,0.5281059397135162,Medium,0.0,1.0,0.0,0.0,0.0,0.0,0.0,0.0
E09000005,London,Brent,FYE 2017,7.0,2017,Brent,487,303,486900000.0,619600000.0,2044884.488448845,0.9960493827160494,0.5853748352702474,Medium,0.0,1.0,0.0,0.0,0.0,0.0,0.0,0.0
E09000006,London,Bromley,FYE 2017,2.0,2017,Bromley,906,563,717700000.0,901200000.0,1600710.4795737122,0.9960493827160494,0.4582242364245216,Medium,0.0,1.0,0.0,0.0,0.0,0.0,0.0,0.0
E09000007,London,Camden,FYE 2017,10.0,2017,Camden,283,176,228900000.0,312600000.0,1776136.3636363635,0.9960493827160494,0.5084421820177262,Medium,0.0,1.0,0.0,0.0,0.0,0.0,0.0,0.0
E09000001,London,City of London,FYE 2017,8.0,2017,City of London,55,34,65100000.0,95800000.0,2817647.0588235296,0.9960493827160494,0.8065881922551351,High,0.0,1.0,0.0,0.0,0.0,0.0,0.0,0.0
E09000008,London,Croydon,FYE 2017,6.0,2017,Croydon,778,483,662700000.0,838300000.0,1735610.7660455487,0.9960493827160494,0.49684120154770145,Medium,0.0,1.0,0.0,0.0,0.0,0.0,0.0,0.0
E09000009,London,Ealing,FYE 2017,6.0,2017,Ealing,588,365,660200000.0,850300000.0,2329589.0410958906,0.9960493827160494,0.6668752239464183,Medium,0.0,1.0,0.0,0.0,0.0,0.0,0.0,0.0
E09000010,London,Enfield,FYE 2017,3.0,2017,Enfield,641,398,810100000.0,1093900000.0,2748492.462311558,0.9960493827160494,0.7867917877295753,High,0.0,1.0,0.0,0.0,0.0,0.0,0.0,0.0
E09000011,London,Greenwich,FYE 2017,4.0,2017,Greenwich,503,313,569500000.0,745800000.0,2382747.603833866,0.9960493827160494,0.682092555331992,Medium,0.0,1.0,0.0,0.0,0.0,0.0,0.0,0.0
E09000012,London,Hackney,FYE 2017,7.0,2017,Hackney,277,172,213900000.0,292500000.0,1700581.3953488371,0.9960493827160494,0.4868135876570203,Medium,0.0,1.0,0.0,0.0,0.0,0.0,0.0,0.0
E09000013,London,Hammersmith and Fulham,FYE 2017,7.0,2017,Hammersmith and Fulham,221,137,236400000.0,323200000.0,2359124.0875912406,0.9960493827160494,0.6753300159283504,Medium,0.0,1.0,0.0,0.0,0.0,0.0,0.0,0.0
E09000014,London,Haringey,FYE 2017,6.0,2017,Haringey,357,222,256600000.0,338700000.0,1525675.6756756757,0.9960493827160494,0.4367445458994755,Medium,0.0,1.0,0.0,0.0,0.0,0.0,0.0,0.0
E09000015,London,Harrow,FYE 2017,5.0,2017,Harrow,474,295,332600000.0,406300000.0,1377288.1355932204,0.9960493827160494,0.39426667865436066,Low,0.0,1.0,0.0,0.0,0.0,0.0,0.0,0.0
E09000016,London,Havering,FYE 2017,3.0,2017,Havering,661,411,806200000.0,1105700000.0,2690267.6399026765,0.9960493827160494,0.77012417348595,High,0.0,1.0,0.0,0.0,0.0,0.0,0.0,0.0
E09000017,London,Hillingdon,FYE 2017,3.0,2017,Hillingdon,758,471,1211500000.0,1508000000.0,3201698.5138004245,0.9960493827160494,0.9165279264857626,High,0.0,1.0,0.0,0.0,0.0,0.0,0.0,0.0
E09000018,London,Hounslow,FYE 2017,3.0,2017,Hounslow,499,310,836100000.0,1043400000.0,3365806.4516129033,0.9960493827160494,0.9635059624609829,High,0.0,1.0,0.0,0.0,0.0,0.0,0.0,0.0
E09000019,London,Islington,FYE 2017,10.0,2017,Islington,238,148,175300000.0,248200000.0,1677027.027027027,0.9960493827160494,0.48007084274689904,Medium,0.0,1.0,0.0,0.0,0.0,0.0,0.0,0.0
E09000020,London,Kensington and Chelsea,FYE 2017,4.0,2017,Kensington and Chelsea,205,127,225200000.0,312000000.0,2456692.9133858266,0.9960493827160494,0.7032603639013753,Medium,0.0,1.0,0.0,0.0,0.0,0.0,0.0,0.0
E09000021,London,Kingston upon Thames,FYE 2017,6.0,2017,Kingston upon Thames,345,214,495800000.0,618200000.0,2888785.046728972,0.9960493827160494,0.8269523684161041,High,0.0,1.0,0.0,0.0,0.0,0.0,0.0,0.0
E09000022,London,Lambeth,FYE 2017,6.0,2017,Lambeth,383,238,346500000.0,483500000.0,2031512.6050420168,0.9960493827160494,0.5815469593727376,Medium,0.0,1.0,0.0,0.0,0.0,0.0,0.0,0.0
E09000023,London,Lewisham,FYE 2017,6.0,2017,Lewisham,457,284,370200000.0,488500000.0,1720070.4225352113,0.9960493827160494,0.4923925756845812,Medium,0.0,1.0,0.0,0.0,0.0,0.0,0.0,0.0
E09000024,London,Merton,FYE 2017,6.0,2017,Merton,376,234,316400000.0,406400000.0,1736752.1367521368,0.9960493827160494,0.4971679337876521,Medium,0.0,1.0,0.0,0.0,0.0,0.0,0.0,0.0
E09000025,London,Newham,FYE 2017,7.0,2017,Newham,427,265,453100000.0,591000000.0,2230188.679245283,0.9960493827160494,0.6384205749074204,Medium,0.0,1.0,0.0,0.0,0.0,0.0,0.0,0.0
E09000026,London,Redbridge,FYE 2017,4.0,2017,Redbridge,533,331,585200000.0,744900000.0,2250453.172205438,0.9960493827160494,0.6442215501191715,Medium,0.0,1.0,0.0,0.0,0.0,0.0,0.0,0.0
E09000027,London,Richmond upon Thames,FYE 2017,5.0,2017,Richmond upon Thames,415,258,436100000.0,544600000.0,2110852.7131782947,0.9960493827160494,0.6042590993458993,Medium,0.0,1.0,0.0,0.0,0.0,0.0,0.0,0.0
E09000028,London,Southwark,FYE 2017,7.0,2017,Southwark,393,244,325500000.0,452600000.0,1854918.0327868853,0.9960493827160494,0.5309944615532239,Medium,0.0,1.0,0.0,0.0,0.0,0.0,0.0,0.0
E09000029,London,Sutton,FYE 2017,7.0,2017,Sutton,432,268,361800000.0,453600000.0,1692537.3134328357,0.9960493827160494,0.48451086437212143,Medium,0.0,1.0,0.0,0.0,0.0,0.0,0.0,0.0
E09000030,London,Tower Hamlets,FYE 2017,8.0,2017,Tower Hamlets,285,177,398800000.0,547700000.0,3094350.2824858758,0.9960493827160494,0.8857980962301802,High,0.0,1.0,0.0,0.0,0.0,0.0,0.0,0.0
E09000031,London,Waltham Forest,FYE 2017,4.0,2017,Waltham Forest,426,265,380700000.0,495200000.0,1868679.2452830188,0.9960493827160494,0.534933787976573,Medium,0.0,1.0,0.0,0.0,0.0,0.0,0.0,0.0
E09000032,London,Wandsworth,FYE 2017,7.0,2017,Wandsworth,437,272,368700000.0,488600000.0,1796323.5294117648,0.9960493827160494,0.5142210213150561,Medium,0.0,1.0,0.0,0.0,0.0,0.0,0.0,0.0
E09000033,London,Westminster,FYE 2017,9.0,2017,Westminster,340,211,378000000.0,535000000.0,2535545.0236966824,0.9960493827160494,0.7258328081370602,High,0.0,1.0,0.0,0.0,0.0,0.0,0.0,0.0
E06000036,South East,Bracknell Forest,FYE 2017,4.0,2017,Bracknell Forest,466,290,365500000.0,440800000.0,1520000.0,0.9960493827160494,0.4351198097676971,Medium,0.0,0.0,0.0,0.0,1.0,0.0,0.0,0.0
E06000043,South East,Brighton and Hove,FYE 2017,11.0,2017,Brighton and Hove,625,388,648700000.0,812400000.0,2093814.4329896907,0.9960493827160494,0.5993816695864032,Medium,0.0,0.0,0.0,0.0,1.0,0.0,0.0,0.0
E06000060,South East,Buckinghamshire,FYE 2017,4.0,2017,Buckinghamshire,3303,2052,3310000000.0,4117700000.0,2006676.4132553607,0.9960493827160494,0.5744372757901298,Medium,0.0,0.0,0.0,0.0,1.0,0.0,0.0,0.0
E10000011,South East,East Sussex,FYE 2017,5.0,2017,East Sussex,3411,2119,2136600000.0,2707600000.0,1277772.534214252,0.9960493827160494,0.36577904079848256,Low,0.0,0.0,0.0,0.0,1.0,0.0,0.0,0.0
E10000014,South East,Hampshire,FYE 2017,3.0,2017,Hampshire,8942,5556,7784800000.0,9785500000.0,1761249.1000719944,0.9960493827160494,0.5041805088005618,Medium,0.0,0.0,0.0,0.0,1.0,0.0,0.0,0.0
E06000046,South East,Isle of Wight,FYE 2017,5.0,2017,Isle of Wight,882,548,325900000.0,412400000.0,752554.7445255475,0.9960493827160494,0.2154286034721935,Low,0.0,0.0,0.0,0.0,1.0,0.0,0.0,0.0
E10000016,South East,Kent,FYE 2017,3.0,2017,Kent,9190,5710,7170200000.0,9446500000.0,1654378.2837127845,0.9960493827160494,0.47358734479797104,Medium,0.0,0.0,0.0,0.0,1.0,0.0,0.0,0.0
E06000035,South East,Medway,FYE 2017,2.0,2017,Medway,856,532,690300000.0,873900000.0,1642669.1729323308,0.9960493827160494,0.4702354592352474,Medium,0.0,0.0,0.0,0.0,1.0,0.0,0.0,0.0
E06000042,South East,Milton Keynes,FYE 2017,1.0,2017,Milton Keynes,1274,792,1242200000.0,1568500000.0,1980429.292929293,0.9960493827160494,0.5669236955248479,Medium,0.0,0.0,0.0,0.0,1.0,0.0,0.0,0.0
E10000025,South East,Oxfordshire,FYE 2017,4.0,2017,Oxfordshire,4747,2950,3805900000.0,4891000000.0,1657966.1016949152,0.9960493827160494,0.47461440445446174,Medium,0.0,0.0,0.0,0.0,1.0,0.0,0.0,0.0
E06000044,South East,Portsmouth,FYE 2017,5.0,2017,Portsmouth,457,284,615100000.0,763100000.0,2686971.8309859154,0.9960493827160494,0.7691807052301002,High,0.0,0.0,0.0,0.0,1.0,0.0,0.0,0.0
E06000038,South East,Reading,FYE 2017,6.0,2017,Reading,402,250,308100000.0,373300000.0,1493200.0,0.9960493827160494,0.427447960490214,Medium,0.0,0.0,0.0,0.0,1.0,0.0,0.0,0.0
E06000039,South East,Slough,FYE 2017,7.0,2017,Slough,320,199,412900000.0,511300000.0,2569346.7336683418,0.9960493827160494,0.7355089881454097,High,0.0,0.0,0.0,0.0,1.0,0.0,0.0,0.0
E06000045,South East,Southampton,FYE 2017,3.0,2017,Southampton,581,361,515700000.0,634100000.0,1756509.6952908586,0.9960493827160494,0.5028237924145224,Medium,0.0,0.0,0.0,0.0,1.0,0.0,0.0,0.0
E10000030,South East,Surrey,FYE 2017,4.0,2017,Surrey,5564,3457,6927600000.0,8659100000.0,2504801.8513161703,0.9960493827160494,0.7170321743753075,High,0.0,0.0,0.0,0.0,1.0,0.0,0.0,0.0
E06000037,South East,West Berkshire,FYE 2017,3.0,2017,West Berkshire,1419,882,1544000000.0,1972000000.0,2235827.664399093,0.9960493827160494,0.6400348078991367,Medium,0.0,0.0,0.0,0.0,1.0,0.0,0.0,0.0
E10000032,South East,West Sussex,FYE 2017,5.0,2017,West Sussex,4293,2668,3572500000.0,4473100000.0,1676574.2128935533,0.9960493827160494,0.4799412187997825,Medium,0.0,0.0,0.0,0.0,1.0,0.0,0.0,0.0
E06000040,South East,Windsor and Maidenhead,FYE 2017,5.0,2017,Windsor and Maidenhead,689,428,930300000.0,1137500000.0,2657710.2803738317,0.9960493827160494,0.7608042050091544,High,0.0,0.0,0.0,0.0,1.0,0.0,0.0,0.0
E06000041,South East,Wokingham,FYE 2017,4.0,2017,Wokingham,759,472,844000000.0,1035200000.0,2193220.338983051,0.9960493827160494,0.6278379057085193,Medium,0.0,0.0,0.0,0.0,1.0,0.0,0.0,0.0
E06000022,South West,Bath and North East Somerset,FYE 2017,5.0,2017,Bath and North East Somerset,1065,662,624200000.0,781000000.0,1179758.3081570996,0.9960493827160494,0.3377211911955114,Low,0.0,0.0,0.0,0.0,0.0,1.0,0.0,0.0
E06000028,South West,Bournemouth,FYE 2017,4.0,2017,Bournemouth,520,323,448100000.0,541700000.0,1677089.7832817337,0.9960493827160494,0.48008880754269495,Medium,0.0,0.0,0.0,0.0,0.0,1.0,0.0,0.0
E06000023,South West,"Bristol, City of",FYE 2017,4.0,2017,"Bristol, City of",1156,718,1219000000.0,1515200000.0,2110306.406685237,0.9960493827160494,0.60410271199239,Medium,0.0,0.0,0.0,0.0,0.0,1.0,0.0,0.0
E06000052,South West,Cornwall,FYE 2017,1.0,2017,Cornwall excluding Isles of Scilly,7442,4624,2672700000.0,3481800000.0,752984.4290657439,0.9960493827160494,0.21555160627179243,Low,0.0,0.0,0.0,0.0,0.0,1.0,0.0,0.0
E10000008,South West,Devon,FYE 2017,3.0,2017,Devon,13027,8095,4491600000.0,5801600000.0,716689.3143915997,0.9960493827160494,0.20516165667145667,Low,0.0,0.0,0.0,0.0,0.0,1.0,0.0,0.0
E10000013,South West,Gloucestershire,FYE 2017,2.0,2017,Gloucestershire,5604,3482,3434200000.0,4383900000.0,1259017.805858702,0.9960493827160494,0.3604102553811722,Low,0.0,0.0,0.0,0.0,0.0,1.0,0.0,0.0
E06000024,South West,North Somerset,FYE 2017,1.0,2017,North Somerset,1174,729,1276900000.0,1607000000.0,2204389.5747599453,0.9960493827160494,0.6310352450154224,Medium,0.0,0.0,0.0,0.0,0.0,1.0,0.0,0.0
E06000026,South West,Plymouth,FYE 2017,2.0,2017,Plymouth,835,519,765800000.0,934800000.0,1801156.069364162,0.9960493827160494,0.5156043988576757,Medium,0.0,0.0,0.0,0.0,0.0,1.0,0.0,0.0
E06000029,South West,Poole,FYE 2017,4.0,2017,Poole,540,336,456600000.0,562400000.0,1673809.5238095238,0.9960493827160494,0.4791497905179998,Medium,0.0,0.0,0.0,0.0,0.0,1.0,0.0,0.0
E06000066,South West,Somerset,FYE 2017,3.0,2017,Somerset,6816,4235,3575800000.0,4610100000.0,1088571.4285714286,0.9960493827160494,0.3116177584990462,Low,0.0,0.0,0.0,0.0,0.0,1.0,0.0,0.0
E06000025,South West,South Gloucestershire,FYE 2017,2.0,2017,South Gloucestershire,1569,975,2044400000.0,2624200000.0,2691487.1794871795,0.9960493827160494,0.7704732825859586,High,0.0,0.0,0.0,0.0,0.0,1.0,0.0,0.0
E06000030,South West,Swindon,FYE 2017,2.0,2017,Swindon,916,569,1081400000.0,1349700000.0,2372056.239015817,0.9960493827160494,0.6790320128150272,Medium,0.0,0.0,0.0,0.0,0.0,1.0,0.0,0.0
E06000027,South West,Torbay,FYE 2017,2.0,2017,Torbay,528,328,356700000.0,434200000.0,1323780.487804878,0.9960493827160494,0.37894941712358404,Low,0.0,0.0,0.0,0.0,0.0,1.0,0.0,0.0
E06000054,South West,Wiltshire,FYE 2017,4.0,2017,Wiltshire,4808,2988,3031900000.0,3869700000.0,1295080.3212851405,0.9960493827160494,0.3707336204154463,Low,0.0,0.0,0.0,0.0,0.0,1.0,0.0,0.0
E06000047,North East,County Durham,FYE 2018,3.0,2018,Durham,3725,2315,2037800000.0,2680900000.0,1158056.1555075594,0.9965432098765432,0.3315086671610262,Low,0.0,0.0,1.0,0.0,0.0,0.0,0.0,0.0
E06000005,North East,Darlington,FYE 2018,1.0,2018,Darlington,553,344,399700000.0,511700000.0,1487500.0,0.9965432098765432,0.4258162612035851,Medium,0.0,0.0,1.0,0.0,0.0,0.0,0.0,0.0
E08000037,North East,Gateshead,FYE 2018,1.0,2018,Gateshead,909,565,841200000.0,1067300000.0,1889026.5486725664,0.9965432098765432,0.5407584687529845,Medium,0.0,0.0,1.0,0.0,0.0,0.0,0.0,0.0
E06000001,North East,Hartlepool,FYE 2018,2.0,2018,Hartlepool,408,254,316400000.0,397000000.0,1562992.125984252,0.9965432098765432,0.44742686613597116,Medium,0.0,0.0,1.0,0.0,0.0,0.0,0.0,0.0
E06000002,North East,Middlesbrough,FYE 2018,1.0,2018,Middlesbrough,530,329,601900000.0,742100000.0,2255623.100303951,0.9965432098765432,0.6457015094157095,Medium,0.0,0.0,1.0,0.0,0.0,0.0,0.0,0.0
E08000021,North East,Newcastle upon Tyne,FYE 2018,2.0,2018,Newcastle upon Tyne,982,610,889800000.0,1085900000.0,1780163.9344262294,0.9965432098765432,0.5095951266466159,Medium,0.0,0.0,1.0,0.0,0.0,0.0,0.0,0.0
E08000022,North East,North Tyneside,FYE 2018,2.0,2018,North Tyneside,804,500,658500000.0,796000000.0,1592000.0,0.9965432098765432,0.4557307481251143,Medium,0.0,0.0,1.0,0.0,0.0,0.0,0.0,0.0
E06000057,North East,Northumberland,FYE 2018,3.0,2018,Northumberland,5157,3204,1494500000.0,1948600000.0,608177.2784019975,0.9965432098765432,0.1740986721600743,Low,0.0,0.0,1.0,0.0,0.0,0.0,0.0,0.0
E06000003,North East,Redcar and Cleveland,FYE 2018,1.0,2018,Redcar and Cleveland,685,426,468600000.0,581000000.0,1363849.765258216,0.9965432098765432,0.3904197700071535,Low,0.0,0.0,1.0,0.0,0.0,0.0,0.0,0.0
E08000023,North East,South Tyneside,FYE 2018,1.0,2018,South Tyneside,565,351,381000000.0,468500000.0,1334757.8347578347,0.9965432098765432,0.3820918257537976,Low,0.0,0.0,1.0,0.0,0.0,0.0,0.0,0.0
E06000004,North East,Stockton-on-Tees,FYE 2018,1.0,2018,Stockton-on-Tees,884,549,699500000.0,882400000.0,1607285.9744990892,0.9965432098765432,0.46010655754363905,Medium,0.0,0.0,1.0,0.0,0.0,0.0,0.0,0.0
E08000024,North East,Sunderland,FYE 2018,1.0,2018,Sunderland,1165,724,858000000.0,1070900000.0,1479143.6464088398,0.9965432098765432,0.4234241460819159,Medium,0.0,0.0,1.0,0.0,0.0,0.0,0.0,0.0
E06000009,North West,Blackpool,FYE 2018,2.0,2018,Blackpool,456,283,278300000.0,331800000.0,1172438.1625441697,0.9965432098765432,0.33562570411224174,Low,0.0,0.0,0.0,1.0,0.0,0.0,0.0,0.0
E08000001,North West,Bolton,FYE 2018,3.0,2018,Bolton,996,619,1020100000.0,1269200000.0,2050403.8772213247,0.9965432098765432,0.586954832239139,Medium,0.0,0.0,0.0,1.0,0.0,0.0,0.0,0.0
E08000002,North West,Bury,FYE 2018,7.0,2018,Bury,683,424,787000000.0,1008700000.0,2379009.433962264,0.9965432098765432,0.6810224554876428,Medium,0.0,0.0,0.0,1.0,0.0,0.0,0.0,0.0
E06000049,North West,Cheshire East,FYE 2018,3.0,2018,East Cheshire,2885,1793,2247300000.0,2912300000.0,1624261.015058561,0.9965432098765432,0.4649658841351103,Medium,0.0,0.0,0.0,1.0,0.0,0.0,0.0,0.0
E06000050,North West,Cheshire West and Chester,FYE 2018,1.0,2018,West Cheshire,2439,1516,2009000000.0,2535300000.0,1672361.4775725594,0.9965432098765432,0.47873526841065583,Medium,0.0,0.0,0.0,1.0,0.0,0.0,0.0,0.0
E10000006,North West,Cumbria,FYE 2018,3.0,2018,Cumbria,8068,5013,2873800000.0,3846800000.0,767364.8513863954,0.9965432098765432,0.21966818957741152,Low,0.0,0.0,0.0,1.0,0.0,0.0,0.0,0.0
E06000006,North West,Halton,FYE 2018,0.0,2018,Halton,595,370,532600000.0,681000000.0,1840540.5405405406,0.9965432098765432,0.5268787170195621,Medium,0.0,0.0,0.0,1.0,0.0,0.0,0.0,0.0
E08000011,North West,Knowsley,FYE 2018,1.0,2018,Knowsley,587,365,775500000.0,978900000.0,2681917.808219178,0.9965432098765432,0.7677339253453473,High,0.0,0.0,0.0,1.0,0.0,0.0,0.0,0.0
E10000017,North West,Lancashire,FYE 2018,2.0,2018,Lancashire,7040,4374,5644600000.0,7138100000.0,1631938.728852309,0.9965432098765432,0.46716372977023296,Medium,0.0,0.0,0.0,1.0,0.0,0.0,0.0,0.0
E08000012,North West,Liverpool,FYE 2018,6.0,2018,Liverpool,1435,892,1139900000.0,1390800000.0,1559192.8251121077,0.9965432098765432,0.44633926674601215,Medium,0.0,0.0,0.0,1.0,0.0,0.0,0.0,0.0
E08000003,North West,Manchester,FYE 2018,11.0,2018,Manchester,1386,861,1376400000.0,1666800000.0,1935888.5017421602,0.9965432098765432,0.5541733135588953,Medium,0.0,0.0,0.0,1.0,0.0,0.0,0.0,0.0
E08000004,North West,Oldham,FYE 2018,6.0,2018,Oldham,826,513,561500000.0,696500000.0,1357699.805068226,0.9965432098765432,0.38865926375192494,Low,0.0,0.0,0.0,1.0,0.0,0.0,0.0,0.0
E08000005,North West,Rochdale,FYE 2018,5.0,2018,Rochdale,791,492,805100000.0,1061200000.0,2156910.5691056913,0.9965432098765432,0.6174437608652655,Medium,0.0,0.0,0.0,1.0,0.0,0.0,0.0,0.0
E08000006,North West,Salford,FYE 2018,4.0,2018,Salford,808,502,1113800000.0,1427400000.0,2843426.294820717,0.9965432098765432,0.8139678345334593,High,0.0,0.0,0.0,1.0,0.0,0.0,0.0,0.0
E08000014,North West,Sefton,FYE 2018,3.0,2018,Sefton,991,616,590800000.0,727600000.0,1181168.831168831,0.9965432098765432,0.3381249717906019,Low,0.0,0.0,0.0,1.0,0.0,0.0,0.0,0.0
E08000013,North West,St. Helens,FYE 2018,2.0,2018,St. Helens,738,459,666600000.0,861400000.0,1876688.4531590415,0.9965432098765432,0.5372265281130236,Medium,0.0,0.0,0.0,1.0,0.0,0.0,0.0,0.0
E08000007,North West,Stockport,FYE 2018,8.0,2018,Stockport,996,619,965100000.0,1178000000.0,1903069.466882068,0.9965432098765432,0.544778437108183,Medium,0.0,0.0,0.0,1.0,0.0,0.0,0.0,0.0
E08000008,North West,Tameside,FYE 2018,4.0,2018,Tameside,770,478,600000000.0,749300000.0,1567573.221757322,0.9965432098765432,0.44873826450525134,Medium,0.0,0.0,0.0,1.0,0.0,0.0,0.0,0.0
E08000009,North West,Trafford,FYE 2018,5.0,2018,Trafford,804,500,757900000.0,924900000.0,1849800.0,0.9965432098765432,0.5295293579659777,Medium,0.0,0.0,0.0,1.0,0.0,0.0,0.0,0.0
E06000007,North West,Warrington,FYE 2018,3.0,2018,Warrington,998,620,1313300000.0,1709600000.0,2757419.35483871,0.9965432098765432,0.7893472270573588,High,0.0,0.0,0.0,1.0,0.0,0.0,0.0,0.0
E08000010,North West,Wigan,FYE 2018,3.0,2018,Wigan,1153,716,950200000.0,1217000000.0,1699720.6703910613,0.9965432098765432,0.4865671939202508,Medium,0.0,0.0,0.0,1.0,0.0,0.0,0.0,0.0
E08000015,North West,Wirral,FYE 2018,1.0,2018,Wirral,1216,756,883000000.0,1072400000.0,1418518.5185185184,0.9965432098765432,0.4060694131116666,Low,0.0,0.0,0.0,1.0,0.0,0.0,0.0,0.0
E08000016,Yorkshire and the Humber,Barnsley,FYE 2018,3.0,2018,Barnsley,1217,756,974600000.0,1276600000.0,1688624.3386243386,0.9965432098765432,0.48339072433639835,Medium,0.0,0.0,0.0,0.0,0.0,0.0,0.0,1.0
E08000032,Yorkshire and the Humber,Bradford,FYE 2018,3.0,2018,Bradford,1938,1204,1280600000.0,1577600000.0,1310299.003322259,0.9965432098765432,0.3750901664897266,Low,0.0,0.0,0.0,0.0,0.0,0.0,0.0,1.0
E08000033,Yorkshire and the Humber,Calderdale,FYE 2018,4.0,2018,Calderdale,1152,716,749000000.0,978700000.0,1366899.4413407822,0.9965432098765432,0.3912927795314293,Low,0.0,0.0,0.0,0.0,0.0,0.0,0.0,1.0
E08000017,Yorkshire and the Humber,Doncaster,FYE 2018,2.0,2018,Doncaster,1674,1040,1575200000.0,2171600000.0,2088076.923076923,0.9965432098765432,0.5977392325983875,Medium,0.0,0.0,0.0,0.0,0.0,0.0,0.0,1.0
E06000011,Yorkshire and the Humber,East Riding of Yorkshire,FYE 2018,1.0,2018,East Riding of Yorkshire,3461,2151,1760100000.0,2321800000.0,1079404.9279404928,0.9965432098765432,0.30899372822880394,Low,0.0,0.0,0.0,0.0,0.0,0.0,0.0,1.0
E06000010,Yorkshire and the Humber,"Kingston upon Hull, City of",FYE 2018,4.0,2018,"Kingston upon Hull, City of",766,476,611900000.0,777100000.0,1632563.025210084,0.9965432098765432,0.4673424427389393,Medium,0.0,0.0,0.0,0.0,0.0,0.0,0.0,1.0
E08000034,Yorkshire and the Humber,Kirklees,FYE 2018,3.0,2018,Kirklees,1910,1187,1347700000.0,1743700000.0,1468997.4726200507,0.9965432098765432,0.4205196716024107,Low,0.0,0.0,0.0,0.0,0.0,0.0,0.0,1.0
E08000035,Yorkshire and the Humber,Leeds,FYE 2018,3.0,2018,Leeds,3040,1889,3365200000.0,4262900000.0,2256696.6649020645,0.9965432098765432,0.6460088312734097,Medium,0.0,0.0,0.0,0.0,0.0,0.0,0.0,1.0
E06000012,Yorkshire and the Humber,North East Lincolnshire,FYE 2018,2.0,2018,North East Lincolnshire,653,406,502800000.0,636700000.0,1568226.6009852216,0.9965432098765432,0.4489253028245604,Medium,0.0,0.0,0.0,0.0,0.0,0.0,0.0,1.0
E06000013,Yorkshire and the Humber,North Lincolnshire,FYE 2018,4.0,2018,North Lincolnshire,1420,882,815400000.0,1162700000.0,1318253.9682539683,0.9965432098765432,0.3773673788764332,Low,0.0,0.0,0.0,0.0,0.0,0.0,0.0,1.0
E06000065,Yorkshire and the Humber,North Yorkshire,FYE 2018,3.0,2018,North Yorkshire,9207,5721,4217300000.0,5583600000.0,975983.2197168327,0.9965432098765432,0.2793879163813505,Low,0.0,0.0,0.0,0.0,0.0,0.0,0.0,1.0
E08000018,Yorkshire and the Humber,Rotherham,FYE 2018,2.0,2018,Rotherham,1220,758,1177400000.0,1563200000.0,2062269.129287599,0.9965432098765432,0.5903514152798779,Medium,0.0,0.0,0.0,0.0,0.0,0.0,0.0,1.0
E08000019,Yorkshire and the Humber,Sheffield,FYE 2018,3.0,2018,Sheffield,1968,1223,1391600000.0,1760700000.0,1439656.5821749796,0.9965432098765432,0.41212045932025665,Low,0.0,0.0,0.0,0.0,0.0,0.0,0.0,1.0
E08000036,Yorkshire and the Humber,Wakefield,FYE 2018,2.0,2018,Wakefield,1570,976,1450200000.0,1911400000.0,1958401.6393442622,0.9965432098765432,0.5606179926054089,Medium,0.0,0.0,0.0,0.0,0.0,0.0,0.0,1.0
E06000014,Yorkshire and the Humber,York,FYE 2018,8.0,2018,York,814,506,682300000.0,847200000.0,1674308.3003952568,0.9965432098765432,0.47929257181609236,Medium,0.0,0.0,0.0,0.0,0.0,0.0,0.0,1.0
E06000015,East Midlands,Derby,FYE 2018,3.0,2018,Derby,772,480,931000000.0,1115600000.0,2324166.6666666665,0.9965432098765432,0.6653229985976464,Medium,0.0,0.0,0.0,0.0,0.0,0.0,0.0,0.0
E10000007,East Midlands,Derbyshire,FYE 2018,2.0,2018,Derbyshire,5647,3509,4128900000.0,5311700000.0,1513736.107153035,0.9965432098765432,0.43332668880455455,Medium,0.0,0.0,0.0,0.0,0.0,0.0,0.0,0.0
E06000016,East Midlands,Leicester,FYE 2018,4.0,2018,Leicester,830,516,770700000.0,931800000.0,1805813.953488372,0.9965432098765432,0.5169377788932326,Medium,0.0,0.0,0.0,0.0,0.0,0.0,0.0,0.0
E10000018,East Midlands,Leicestershire,FYE 2018,1.0,2018,Leicestershire,4635,2880,3835500000.0,5087000000.0,1766319.4444444445,0.9965432098765432,0.5056319609576652,Medium,0.0,0.0,0.0,0.0,0.0,0.0,0.0,0.0
E10000019,East Midlands,Lincolnshire,FYE 2018,2.0,2018,Lincolnshire,8953,5563,3216100000.0,4279600000.0,769297.1418299478,0.9965432098765432,0.22022133289992105,Low,0.0,0.0,0.0,0.0,0.0,0.0,0.0,0.0
E10000021,East Midlands,Northamptonshire,FYE 2018,3.0,2018,Northamptonshire,4656,2893,4412800000.0,5862600000.0,2026477.704804701,0.9965432098765432,0.5801056535612507,Medium,0.0,0.0,0.0,0.0,0.0,0.0,0.0,0.0
E06000018,East Midlands,Nottingham,FYE 2018,9.0,2018,Nottingham,809,503,822200000.0,1024300000.0,2036381.7097415507,0.9965432098765432,0.582940804050764,Medium,0.0,0.0,0.0,0.0,0.0,0.0,0.0,0.0
E10000024,East Midlands,Nottinghamshire,FYE 2018,2.0,2018,Nottinghamshire,4848,3012,3722500000.0,4858900000.0,1613180.6108897743,0.9965432098765432,0.46179397403374733,Medium,0.0,0.0,0.0,0.0,0.0,0.0,0.0,0.0
E06000017,East Midlands,Rutland,FYE 2018,1.0,2018,Rutland,558,347,331500000.0,446000000.0,1285302.5936599423,0.9965432098765432,0.3679346184521327,Low,0.0,0.0,0.0,0.0,0.0,0.0,0.0,0.0
E08000025,West Midlands,Birmingham,FYE 2018,3.0,2018,Birmingham,2571,1598,2977300000.0,3700700000.0,2315832.2903629537,0.9965432098765432,0.6629371747609333,Medium,0.0,0.0,0.0,0.0,0.0,0.0,1.0,0.0
E08000026,West Midlands,Coventry,FYE 2018,1.0,2018,Coventry,893,555,991400000.0,1210500000.0,2181081.081081081,0.9965432098765432,0.6243628849262652,Medium,0.0,0.0,0.0,0.0,0.0,0.0,1.0,0.0
E08000027,West Midlands,Dudley,FYE 2018,2.0,2018,Dudley,1031,641,840900000.0,1063700000.0,1659438.3775351015,0.9965432098765432,0.4750358626015061,Medium,0.0,0.0,0.0,0.0,0.0,0.0,1.0,0.0
E06000019,West Midlands,"Herefordshire, County of",FYE 2018,7.0,2018,"Herefordshire, County of",3349,2081,908400000.0,1239200000.0,595482.940893801,0.9965432098765432,0.17046475260632862,Low,0.0,0.0,0.0,0.0,0.0,0.0,1.0,0.0
E08000028,West Midlands,Sandwell,FYE 2018,2.0,2018,Sandwell,900,559,1014600000.0,1343900000.0,2404114.4901610017,0.9965432098765432,0.6882091050122494,Medium,0.0,0.0,0.0,0.0,0.0,0.0,1.0,0.0
E06000051,West Midlands,Shropshire,FYE 2018,4.0,2018,Shropshire,5192,3226,1591000000.0,2138800000.0,662988.2207067576,0.9965432098765432,0.18978901873167656,Low,0.0,0.0,0.0,0.0,0.0,0.0,1.0,0.0
E08000029,West Midlands,Solihull,FYE 2018,5.0,2018,Solihull,880,547,1231900000.0,1555600000.0,2843875.6855575866,0.9965432098765432,0.8140964784886817,High,0.0,0.0,0.0,0.0,0.0,0.0,1.0,0.0
E10000028,West Midlands,Staffordshire,FYE 2018,3.0,2018,Staffordshire,6350,3946,4541400000.0,6027900000.0,1527597.5671566143,0.9965432098765432,0.4372947123834098,Medium,0.0,0.0,0.0,0.0,0.0,0.0,1.0,0.0
E06000021,West Midlands,Stoke-on-Trent,FYE 2018,7.0,2018,Stoke-on-Trent,875,544,700000000.0,869800000.0,1598897.0588235294,0.9965432098765432,0.45770512110093714,Medium,0.0,0.0,0.0,0.0,0.0,0.0,1.0,0.0
E06000020,West Midlands,Telford and Wrekin,FYE 2018,1.0,2018,Telford and Wrekin,1067,663,748800000.0,955000000.0,1440422.322775264,0.9965432098765432,0.41233966254678767,Low,0.0,0.0,0.0,0.0,0.0,0.0,1.0,0.0
E08000030,West Midlands,Walsall,FYE 2018,3.0,2018,Walsall,874,543,735000000.0,970100000.0,1786556.1694290976,0.9965432098765432,0.5114249872245359,Medium,0.0,0.0,0.0,0.0,0.0,0.0,1.0,0.0
E10000031,West Midlands,Warwickshire,FYE 2018,2.0,2018,Warwickshire,4201,2610,4704200000.0,6162700000.0,2361187.7394636017,0.9965432098765432,0.675920763171856,Medium,0.0,0.0,0.0,0.0,0.0,0.0,1.0,0.0
E08000031,West Midlands,Wolverhampton,FYE 2018,2.0,2018,Wolverhampton,779,484,591900000.0,743300000.0,1535743.8016528925,0.9965432098765432,0.43962667817574114,Medium,0.0,0.0,0.0,0.0,0.0,0.0,1.0,0.0
E10000034,West Midlands,Worcestershire,FYE 2018,3.0,2018,Worcestershire,4262,2648,3396500000.0,4389700000.0,1657741.6918429004,0.9965432098765432,0.4745501642096468,Medium,0.0,0.0,0.0,0.0,0.0,0.0,1.0,0.0
E06000055,East of England,Bedford,FYE 2018,2.0,2018,Bedford,924,574,662000000.0,845000000.0,1472125.4355400696,0.9965432098765432,0.42141509175419956,Low,1.0,0.0,0.0,0.0,0.0,0.0,0.0,0.0
E10000003,East of England,Cambridgeshire,FYE 2018,3.0,2018,Cambridgeshire,4766,2961,3689300000.0,4977600000.0,1681053.6980749746,0.9965432098765432,0.4812235298129386,Medium,1.0,0.0,0.0,0.0,0.0,0.0,0.0,0.0
E06000056,East of England,Central Bedfordshire,FYE 2018,2.0,2018,Central Bedfordshire,1537,955,1621400000.0,2149300000.0,2250575.9162303666,0.9965432098765432,0.6442566871959985,Medium,1.0,0.0,0.0,0.0,0.0,0.0,0.0,0.0
E10000012,East of England,Essex,FYE 2018,3.0,2018,Essex,8259,5132,7269000000.0,9539700000.0,1858865.9392049883,0.9965432098765432,0.5321246012174514,Medium,1.0,0.0,0.0,0.0,0.0,0.0,0.0,0.0
E10000015,East of England,Hertfordshire,FYE 2018,2.0,2018,Hertfordshire,5018,3118,5899500000.0,7548500000.0,2420942.912123156,0.9965432098765432,0.6930264601193962,Medium,1.0,0.0,0.0,0.0,0.0,0.0,0.0,0.0
E10000020,East of England,Norfolk,FYE 2018,3.0,2018,Norfolk,10014,6222,4169800000.0,5387000000.0,865798.7785278045,0.9965432098765432,0.2478461840856071,Low,1.0,0.0,0.0,0.0,0.0,0.0,0.0,0.0
E06000031,East of England,Peterborough,FYE 2018,1.0,2018,Peterborough,970,603,953300000.0,1213700000.0,2012769.4859038142,0.9965432098765432,0.5761814972451929,Medium,1.0,0.0,0.0,0.0,0.0,0.0,0.0,0.0
E06000033,East of England,Southend-on-Sea,FYE 2018,24.0,2018,Southend-on-Sea,457,284,330700000.0,400700000.0,1410915.4929577464,0.9965432098765432,0.4038929479566258,Low,1.0,0.0,0.0,0.0,0.0,0.0,0.0,0.0
E10000029,East of England,Suffolk,FYE 2018,2.0,2018,Suffolk,6993,4345,3111700000.0,4151100000.0,955373.993095512,0.9965432098765432,0.273488256666266,Low,1.0,0.0,0.0,0.0,0.0,0.0,0.0,0.0
E06000034,East of England,Thurrock,FYE 2018,2.0,2018,Thurrock,596,370,810800000.0,1116400000.0,3017297.2972972975,0.9965432098765432,0.8637406750082807,High,1.0,0.0,0.0,0.0,0.0,0.0,0.0,0.0
E09000002,London,Barking and Dagenham,FYE 2018,4.0,2018,Barking and Dagenham,339,211,313300000.0,410300000.0,1944549.7630331754,0.9965432098765432,0.5566527124834314,Medium,0.0,1.0,0.0,0.0,0.0,0.0,0.0,0.0
E09000003,London,Barnet,FYE 2018,4.0,2018,Barnet,765,475,867700000.0,1114900000.0,2347157.8947368423,0.9965432098765432,0.6719045372714758,Medium,0.0,1.0,0.0,0.0,0.0,0.0,0.0,0.0
E09000004,London,Bexley,FYE 2018,1.0,2018,Bexley,550,342,495400000.0,630700000.0,1844152.0467836258,0.9965432098765432,0.527912557749474,Medium,0.0,1.0,0.0,0.0,0.0,0.0,0.0,0.0
E09000005,London,Brent,FYE 2018,7.0,2018,Brent,489,304,487100000.0,620700000.0,2041776.3157894737,0.9965432098765432,0.5844850803384902,Medium,0.0,1.0,0.0,0.0,0.0,0.0,0.0,0.0
E09000006,London,Bromley,FYE 2018,2.0,2018,Bromley,904,562,705300000.0,881400000.0,1568327.4021352313,0.9965432098765432,0.44895415846746606,Medium,0.0,1.0,0.0,0.0,0.0,0.0,0.0,0.0
E09000007,London,Camden,FYE 2018,8.0,2018,Camden,278,173,222800000.0,303700000.0,1755491.3294797689,0.9965432098765432,0.5025322719289992,Medium,0.0,1.0,0.0,0.0,0.0,0.0,0.0,0.0
E09000001,London,City of London,FYE 2018,8.0,2018,City of London,56,35,62800000.0,92600000.0,2645714.285714286,0.9965432098765432,0.757370195197157,High,0.0,1.0,0.0,0.0,0.0,0.0,0.0,0.0
E09000008,London,Croydon,FYE 2018,6.0,2018,Croydon,776,482,659600000.0,828300000.0,1718464.7302904564,0.9965432098765432,0.4919329253529476,Medium,0.0,1.0,0.0,0.0,0.0,0.0,0.0,0.0
E09000009,London,Ealing,FYE 2018,5.0,2018,Ealing,589,366,656900000.0,847100000.0,2314480.87431694,0.9965432098765432,0.6625503143051054,Medium,0.0,1.0,0.0,0.0,0.0,0.0,0.0,0.0
E09000010,London,Enfield,FYE 2018,3.0,2018,Enfield,636,395,812500000.0,1103500000.0,2793670.8860759493,0.9965432098765432,0.799724700330869,High,0.0,1.0,0.0,0.0,0.0,0.0,0.0,0.0
E09000011,London,Greenwich,FYE 2018,3.0,2018,Greenwich,504,313,567400000.0,742200000.0,2371246.0063897762,0.9965432098765432,0.6788000731662703,Medium,0.0,1.0,0.0,0.0,0.0,0.0,0.0,0.0
E09000012,London,Hackney,FYE 2018,7.0,2018,Hackney,272,169,207100000.0,283500000.0,1677514.7928994084,0.9965432098765432,0.48021047208479495,Medium,0.0,1.0,0.0,0.0,0.0,0.0,0.0,0.0
E09000013,London,Hammersmith and Fulham,FYE 2018,6.0,2018,Hammersmith and Fulham,221,137,240400000.0,327700000.0,2391970.802919708,0.9965432098765432,0.6847328162738876,Medium,0.0,1.0,0.0,0.0,0.0,0.0,0.0,0.0
E09000014,London,Haringey,FYE 2018,5.0,2018,Haringey,356,221,258300000.0,340000000.0,1538461.5384615385,0.9965432098765432,0.44040466575677845,Medium,0.0,1.0,0.0,0.0,0.0,0.0,0.0,0.0
E09000015,London,Harrow,FYE 2018,3.0,2018,Harrow,476,296,328700000.0,399700000.0,1350337.8378378379,0.9965432098765432,0.3865518046856075,Low,0.0,1.0,0.0,0.0,0.0,0.0,0.0,0.0
E09000016,London,Havering,FYE 2018,2.0,2018,Havering,659,409,809900000.0,1114600000.0,2725183.3740831297,0.9965432098765432,0.7801192574428568,High,0.0,1.0,0.0,0.0,0.0,0.0,0.0,0.0
E09000017,London,Hillingdon,FYE 2018,2.0,2018,Hillingdon,762,473,1230200000.0,1526000000.0,3226215.644820296,0.9965432098765432,0.9235462747656418,High,0.0,1.0,0.0,0.0,0.0,0.0,0.0,0.0
E09000018,London,Hounslow,FYE 2018,1.0,2018,Hounslow,503,313,841200000.0,1050600000.0,3356549.5207667733,0.9965432098765432,0.9608560453630877,High,0.0,1.0,0.0,0.0,0.0,0.0,0.0,0.0
E09000019,London,Islington,FYE 2018,7.0,2018,Islington,238,148,170500000.0,241700000.0,1633108.1081081082,0.9965432098765432,0.4674984798224235,Medium,0.0,1.0,0.0,0.0,0.0,0.0,0.0,0.0
E09000020,London,Kensington and Chelsea,FYE 2018,4.0,2018,Kensington and Chelsea,206,128,233400000.0,322500000.0,2519531.25,0.9965432098765432,0.7212486567130053,High,0.0,1.0,0.0,0.0,0.0,0.0,0.0,0.0
E09000021,London,Kingston upon Thames,FYE 2018,4.0,2018,Kingston upon Thames,344,214,493300000.0,612500000.0,2862149.5327102803,0.9965432098765432,0.8193276053944739,High,0.0,1.0,0.0,0.0,0.0,0.0,0.0,0.0
E09000022,London,Lambeth,FYE 2018,5.0,2018,Lambeth,376,234,336200000.0,467500000.0,1997863.2478632478,0.9965432098765432,0.5719143923369275,Medium,0.0,1.0,0.0,0.0,0.0,0.0,0.0,0.0
E09000023,London,Lewisham,FYE 2018,5.0,2018,Lewisham,446,277,357500000.0,470400000.0,1698194.9458483756,0.9965432098765432,0.4861304353855328,Medium,0.0,1.0,0.0,0.0,0.0,0.0,0.0,0.0
E09000024,London,Merton,FYE 2018,5.0,2018,Merton,379,235,320400000.0,412200000.0,1754042.5531914893,0.9965432098765432,0.5021175408349516,Medium,0.0,1.0,0.0,0.0,0.0,0.0,0.0,0.0
E09000025,London,Newham,FYE 2018,6.0,2018,Newham,430,267,454000000.0,591900000.0,2216853.9325842694,0.9965432098765432,0.6346033298873938,Medium,0.0,1.0,0.0,0.0,0.0,0.0,0.0,0.0
E09000026,London,Redbridge,FYE 2018,3.0,2018,Redbridge,534,332,593100000.0,758100000.0,2283433.734939759,0.9965432098765432,0.6536626660290329,Medium,0.0,1.0,0.0,0.0,0.0,0.0,0.0,0.0
E09000027,London,Richmond upon Thames,FYE 2018,4.0,2018,Richmond upon Thames,414,257,425700000.0,532600000.0,2072373.5408560312,0.9965432098765432,0.5932439347795297,Medium,0.0,1.0,0.0,0.0,0.0,0.0,0.0,0.0
E09000028,London,Southwark,FYE 2018,8.0,2018,Southwark,391,243,316200000.0,438100000.0,1802880.658436214,0.9965432098765432,0.516098084955675,Medium,0.0,1.0,0.0,0.0,0.0,0.0,0.0,0.0
E09000029,London,Sutton,FYE 2018,5.0,2018,Sutton,432,268,352600000.0,442100000.0,1649626.865671642,0.9965432098765432,0.47222718945968895,Medium,0.0,1.0,0.0,0.0,0.0,0.0,0.0,0.0
E09000030,London,Tower Hamlets,FYE 2018,6.0,2018,Tower Hamlets,288,179,397600000.0,545500000.0,3047486.033519553,0.9965432098765432,0.872382594193909,High,0.0,1.0,0.0,0.0,0.0,0.0,0.0,0.0
E09000031,London,Waltham Forest,FYE 2018,4.0,2018,Waltham Forest,424,263,405000000.0,527400000.0,2005323.19391635,0.9965432098765432,0.5740498991181795,Medium,0.0,1.0,0.0,0.0,0.0,0.0,0.0,0.0
E09000032,London,Wandsworth,FYE 2018,6.0,2018,Wandsworth,431,268,366200000.0,485800000.0,1812686.5671641792,0.9965432098765432,0.5189051541269326,Medium,0.0,1.0,0.0,0.0,0.0,0.0,0.0,0.0
E09000033,London,Westminster,FYE 2018,8.0,2018,Westminster,340,211,371700000.0,526800000.0,2496682.4644549764,0.9965432098765432,0.7147078940684174,High,0.0,1.0,0.0,0.0,0.0,0.0,0.0,0.0
E06000036,South East,Bracknell Forest,FYE 2018,4.0,2018,Bracknell Forest,471,293,376000000.0,453700000.0,1548464.1638225256,0.9965432098765432,0.4432680476279957,Medium,0.0,0.0,0.0,0.0,1.0,0.0,0.0,0.0
E06000043,South East,Brighton and Hove,FYE 2018,9.0,2018,Brighton and Hove,621,386,634600000.0,795800000.0,2061658.0310880828,0.9965432098765432,0.5901764804559813,Medium,0.0,0.0,0.0,0.0,1.0,0.0,0.0,0.0
E06000060,South East,Buckinghamshire,FYE 2018,4.0,2018,Buckinghamshire,3304,2053,3253800000.0,4063900000.0,1979493.4242571846,0.9965432098765432,0.566655790920522,Medium,0.0,0.0,0.0,0.0,1.0,0.0,0.0,0.0
E10000011,South East,East Sussex,FYE 2018,4.0,2018,East Sussex,3407,2117,2119400000.0,2691900000.0,1271563.5333018422,0.9965432098765432,0.3640016333669989,Low,0.0,0.0,0.0,0.0,1.0,0.0,0.0,0.0
E10000014,South East,Hampshire,FYE 2018,3.0,2018,Hampshire,8968,5572,7706900000.0,9732600000.0,1746697.774587222,0.9965432098765432,0.5000150022368762,Medium,0.0,0.0,0.0,0.0,1.0,0.0,0.0,0.0
E06000046,South East,Isle of Wight,FYE 2018,3.0,2018,Isle of Wight,884,549,332200000.0,413400000.0,753005.4644808744,0.9965432098765432,0.21555762793352265,Low,0.0,0.0,0.0,0.0,1.0,0.0,0.0,0.0
E10000016,South East,Kent,FYE 2018,4.0,2018,Kent,9206,5720,7197200000.0,9530500000.0,1666171.3286713287,0.9965432098765432,0.47696325761306557,Medium,0.0,0.0,0.0,0.0,1.0,0.0,0.0,0.0
E06000035,South East,Medway,FYE 2018,2.0,2018,Medway,853,530,685800000.0,868400000.0,1638490.566037736,0.9965432098765432,0.46903927855296446,Medium,0.0,0.0,0.0,0.0,1.0,0.0,0.0,0.0
E06000042,South East,Milton Keynes,FYE 2018,1.0,2018,Milton Keynes,1286,799,1231900000.0,1564200000.0,1957697.121401752,0.9965432098765432,0.5604163151625648,Medium,0.0,0.0,0.0,0.0,1.0,0.0,0.0,0.0
E10000025,South East,Oxfordshire,FYE 2018,4.0,2018,Oxfordshire,4762,2959,3783500000.0,4869300000.0,1645589.7262588711,0.9965432098765432,0.47107150568778733,Medium,0.0,0.0,0.0,0.0,1.0,0.0,0.0,0.0
E06000044,South East,Portsmouth,FYE 2018,7.0,2018,Portsmouth,460,286,603100000.0,748800000.0,2618181.8181818184,0.9965432098765432,0.7494886675424448,High,0.0,0.0,0.0,0.0,1.0,0.0,0.0,0.0
E06000038,South East,Reading,FYE 2018,4.0,2018,Reading,396,246,305900000.0,371300000.0,1509349.593495935,0.9965432098765432,0.4320709921019093,Medium,0.0,0.0,0.0,0.0,1.0,0.0,0.0,0.0
E06000039,South East,Slough,FYE 2018,4.0,2018,Slough,324,201,414700000.0,515700000.0,2565671.6417910447,0.9965432098765432,0.7344569451990095,High,0.0,0.0,0.0,0.0,1.0,0.0,0.0,0.0
E06000045,South East,Southampton,FYE 2018,4.0,2018,Southampton,586,364,526700000.0,648300000.0,1781043.956043956,0.9965432098765432,0.5098470443037848,Medium,0.0,0.0,0.0,0.0,1.0,0.0,0.0,0.0
E10000030,South East,Surrey,FYE 2018,4.0,2018,Surrey,5551,3449,6909400000.0,8675500000.0,2515366.772977675,0.9965432098765432,0.7200565208908105,High,0.0,0.0,0.0,0.0,1.0,0.0,0.0,0.0
E06000037,South East,West Berkshire,FYE 2018,3.0,2018,West Berkshire,1418,881,1507100000.0,1936900000.0,2198524.4040862657,0.9965432098765432,0.629356263470826,Medium,0.0,0.0,0.0,0.0,1.0,0.0,0.0,0.0
E10000032,South East,West Sussex,FYE 2018,3.0,2018,West Sussex,4288,2664,3541900000.0,4450800000.0,1670720.7207207207,0.9965432098765432,0.47826558037825645,Medium,0.0,0.0,0.0,0.0,1.0,0.0,0.0,0.0
E06000040,South East,Windsor and Maidenhead,FYE 2018,4.0,2018,Windsor and Maidenhead,686,426,929400000.0,1140400000.0,2676995.3051643195,0.9965432098765432,0.7663247946921822,High,0.0,0.0,0.0,0.0,1.0,0.0,0.0,0.0
E06000041,South East,Wokingham,FYE 2018,3.0,2018,Wokingham,771,479,825400000.0,1016600000.0,2122338.2045929017,0.9965432098765432,0.6075469709507758,Medium,0.0,0.0,0.0,0.0,1.0,0.0,0.0,0.0
E06000022,South West,Bath and North East Somerset,FYE 2018,3.0,2018,Bath and North East Somerset,1070,665,617900000.0,772800000.0,1162105.2631578948,0.9965432098765432,0.3326677769969097,Low,0.0,0.0,0.0,0.0,0.0,1.0,0.0,0.0
E06000028,South West,Bournemouth,FYE 2018,4.0,2018,Bournemouth,512,318,440900000.0,533000000.0,1676100.6289308176,0.9965432098765432,0.47980564921835184,Medium,0.0,0.0,0.0,0.0,0.0,1.0,0.0,0.0
E06000023,South West,"Bristol, City of",FYE 2018,4.0,2018,"Bristol, City of",1162,722,1204600000.0,1492900000.0,2067728.5318559557,0.9965432098765432,0.5919142404160547,Medium,0.0,0.0,0.0,0.0,0.0,1.0,0.0,0.0
E06000052,South West,Cornwall,FYE 2018,1.0,2018,Cornwall excluding Isles of Scilly,7420,4611,2674200000.0,3468600000.0,752244.6324007808,0.9965432098765432,0.21533982983486774,Low,0.0,0.0,0.0,0.0,0.0,1.0,0.0,0.0
E10000008,South West,Devon,FYE 2018,3.0,2018,Devon,13011,8085,4496200000.0,5815200000.0,719257.8849721707,0.9965432098765432,0.20589694347566254,Low,0.0,0.0,0.0,0.0,0.0,1.0,0.0,0.0
E10000013,South West,Gloucestershire,FYE 2018,2.0,2018,Gloucestershire,5606,3483,3427200000.0,4367600000.0,1253976.4570772322,0.9965432098765432,0.358967103589879,Low,0.0,0.0,0.0,0.0,0.0,1.0,0.0,0.0
E06000024,South West,North Somerset,FYE 2018,1.0,2018,North Somerset,1173,729,1324900000.0,1659000000.0,2275720.1646090536,0.9965432098765432,0.6514545559928971,Medium,0.0,0.0,0.0,0.0,0.0,1.0,0.0,0.0
E06000026,South West,Plymouth,FYE 2018,2.0,2018,Plymouth,831,516,759000000.0,927600000.0,1797674.4186046512,0.9965432098765432,0.51460773095231,Medium,0.0,0.0,0.0,0.0,0.0,1.0,0.0,0.0
E06000029,South West,Poole,FYE 2018,3.0,2018,Poole,531,330,451900000.0,556700000.0,1686969.696969697,0.9965432098765432,0.4829170615982396,Medium,0.0,0.0,0.0,0.0,0.0,1.0,0.0,0.0
E06000066,South West,Somerset,FYE 2018,2.0,2018,Somerset,6800,4225,3583300000.0,4611800000.0,1091550.295857988,0.9965432098765432,0.3124704980826324,Low,0.0,0.0,0.0,0.0,0.0,1.0,0.0,0.0
E06000025,South West,South Gloucestershire,FYE 2018,2.0,2018,South Gloucestershire,1585,985,2047900000.0,2634400000.0,2674517.766497462,0.9965432098765432,0.7656155669596723,High,0.0,0.0,0.0,0.0,0.0,1.0,0.0,0.0
E06000030,South West,Swindon,FYE 2018,2.0,2018,Swindon,924,574,1071800000.0,1343700000.0,2340940.7665505228,0.9965432098765432,0.6701248033019148,Medium,0.0,0.0,0.0,0.0,0.0,1.0,0.0,0.0
E06000027,South West,Torbay,FYE 2018,2.0,2018,Torbay,531,330,357700000.0,435600000.0,1320000.0,0.9965432098765432,0.3778672032193159,Low,0.0,0.0,0.0,0.0,0.0,1.0,0.0,0.0
E06000054,South West,Wiltshire,FYE 2018,4.0,2018,Wiltshire,4810,2989,3033000000.0,3862900000.0,1292372.030779525,0.9965432098765432,0.36995833696176267,Low,0.0,0.0,0.0,0.0,0.0,1.0,0.0,0.0
E06000047,North East,County Durham,FYE 2019,3.0,2019,Durham,3733,2320,2120800000.0,2769000000.0,1193534.4827586208,0.997037037037037,0.3416648007165249,Low,0.0,0.0,1.0,0.0,0.0,0.0,0.0,0.0
E06000005,North East,Darlington,FYE 2019,2.0,2019,Darlington,556,345,413600000.0,526300000.0,1525507.2463768115,0.997037037037037,0.43669633081758,Medium,0.0,0.0,1.0,0.0,0.0,0.0,0.0,0.0
E08000037,North East,Gateshead,FYE 2019,1.0,2019,Gateshead,909,565,919200000.0,1149600000.0,2034690.2654867256,0.997037037037037,0.5824566060886639,Medium,0.0,0.0,1.0,0.0,0.0,0.0,0.0,0.0
E06000001,North East,Hartlepool,FYE 2019,2.0,2019,Hartlepool,409,254,325400000.0,405800000.0,1597637.7952755906,0.997037037037037,0.4573446404986829,Medium,0.0,0.0,1.0,0.0,0.0,0.0,0.0,0.0
E06000002,North East,Middlesbrough,FYE 2019,2.0,2019,Middlesbrough,533,331,625500000.0,764000000.0,2308157.099697885,0.997037037037037,0.6607400514042784,Medium,0.0,0.0,1.0,0.0,0.0,0.0,0.0,0.0
E08000021,North East,Newcastle upon Tyne,FYE 2019,2.0,2019,Newcastle upon Tyne,985,612,913900000.0,1108100000.0,1810620.9150326797,0.997037037037037,0.5183138342831798,Medium,0.0,0.0,1.0,0.0,0.0,0.0,0.0,0.0
E08000022,North East,North Tyneside,FYE 2019,2.0,2019,North Tyneside,809,503,687000000.0,824400000.0,1638966.2027833003,0.997037037037037,0.4691754357702332,Medium,0.0,0.0,1.0,0.0,0.0,0.0,0.0,0.0
E06000057,North East,Northumberland,FYE 2019,3.0,2019,Northumberland,5157,3204,1570800000.0,2032800000.0,634456.9288389513,0.997037037037037,0.18162156459355383,Low,0.0,0.0,1.0,0.0,0.0,0.0,0.0,0.0
E06000003,North East,Redcar and Cleveland,FYE 2019,2.0,2019,Redcar and Cleveland,686,426,487000000.0,599800000.0,1407981.220657277,0.997037037037037,0.40305297426900283,Low,0.0,0.0,1.0,0.0,0.0,0.0,0.0,0.0
E08000023,North East,South Tyneside,FYE 2019,1.0,2019,South Tyneside,568,353,395100000.0,482600000.0,1367138.8101983003,0.997037037037037,0.3913613019865264,Low,0.0,0.0,1.0,0.0,0.0,0.0,0.0,0.0
E06000004,North East,Stockton-on-Tees,FYE 2019,2.0,2019,Stockton-on-Tees,890,553,763900000.0,949800000.0,1717540.6871609404,0.997037037037037,0.49166840596430794,Medium,0.0,0.0,1.0,0.0,0.0,0.0,0.0,0.0
E08000024,North East,Sunderland,FYE 2019,1.0,2019,Sunderland,1167,725,878500000.0,1087100000.0,1499448.2758620689,0.997037037037037,0.4292366108878979,Medium,0.0,0.0,1.0,0.0,0.0,0.0,0.0,0.0
E06000008,North West,Blackburn with Darwen,FYE 2019,2.0,2019,Blackburn with Darwen,554,344,373600000.0,456800000.0,1327906.9767441861,0.997037037037037,0.3801306783619263,Low,0.0,0.0,0.0,1.0,0.0,0.0,0.0,0.0
E06000009,North West,Blackpool,FYE 2019,4.0,2019,Blackpool,458,285,280800000.0,333400000.0,1169824.5614035088,0.997037037037037,0.3348775267233384,Low,0.0,0.0,0.0,1.0,0.0,0.0,0.0,0.0
E08000001,North West,Bolton,FYE 2019,2.0,2019,Bolton,1000,621,1038900000.0,1287900000.0,2073913.043478261,0.997037037037037,0.5936846374690833,Medium,0.0,0.0,0.0,1.0,0.0,0.0,0.0,0.0
E08000002,North West,Bury,FYE 2019,5.0,2019,Bury,683,424,815800000.0,1042900000.0,2459669.8113207547,0.997037037037037,0.7041125397323909,Medium,0.0,0.0,0.0,1.0,0.0,0.0,0.0,0.0
E06000049,North West,Cheshire East,FYE 2019,3.0,2019,East Cheshire,2908,1807,2318300000.0,3002400000.0,1661538.4615384615,0.997037037037037,0.4756370390173207,Medium,0.0,0.0,0.0,1.0,0.0,0.0,0.0,0.0
E06000050,North West,Cheshire West and Chester,FYE 2019,2.0,2019,West Cheshire,2442,1517,2048200000.0,2584600000.0,1703757.415952538,0.997037037037037,0.4877227649470865,Medium,0.0,0.0,0.0,1.0,0.0,0.0,0.0,0.0
E10000006,North West,Cumbria,FYE 2019,3.0,2019,Cumbria,8061,5009,2909300000.0,3904200000.0,779437.0133759234,0.997037037037037,0.22312400328028537,Low,0.0,0.0,0.0,1.0,0.0,0.0,0.0,0.0
E06000006,North West,Halton,FYE 2019,0.0,2019,Halton,593,368,541600000.0,689100000.0,1872554.347826087,0.997037037037037,0.5360430865827375,Medium,0.0,0.0,0.0,1.0,0.0,0.0,0.0,0.0
E08000011,North West,Knowsley,FYE 2019,2.0,2019,Knowsley,593,368,794100000.0,998400000.0,2713043.4782608696,0.997037037037037,0.7766440540476058,High,0.0,0.0,0.0,1.0,0.0,0.0,0.0,0.0
E10000017,North West,Lancashire,FYE 2019,2.0,2019,Lancashire,7046,4378,5793500000.0,7342000000.0,1677021.4709913202,0.997037037037037,0.4800692522592676,Medium,0.0,0.0,0.0,1.0,0.0,0.0,0.0,0.0
E08000012,North West,Liverpool,FYE 2019,6.0,2019,Liverpool,1440,895,1141700000.0,1384500000.0,1546927.374301676,0.997037037037037,0.4428281215990713,Medium,0.0,0.0,0.0,1.0,0.0,0.0,0.0,0.0
E08000003,North West,Manchester,FYE 2019,7.0,2019,Manchester,1390,864,1398800000.0,1690700000.0,1956828.7037037036,0.997037037037037,0.5601677192786347,Medium,0.0,0.0,0.0,1.0,0.0,0.0,0.0,0.0
E08000004,North West,Oldham,FYE 2019,5.0,2019,Oldham,827,514,578200000.0,713500000.0,1388132.2957198443,0.997037037037037,0.3973709608197469,Low,0.0,0.0,0.0,1.0,0.0,0.0,0.0,0.0
E08000005,North West,Rochdale,FYE 2019,4.0,2019,Rochdale,791,492,838000000.0,1105200000.0,2246341.463414634,0.997037037037037,0.6430445198909644,Medium,0.0,0.0,0.0,1.0,0.0,0.0,0.0,0.0
E08000006,North West,Salford,FYE 2019,3.0,2019,Salford,810,503,1137800000.0,1454100000.0,2890854.870775348,0.997037037037037,0.8275448825248618,High,0.0,0.0,0.0,1.0,0.0,0.0,0.0,0.0
E08000014,North West,Sefton,FYE 2019,3.0,2019,Sefton,992,616,597600000.0,733100000.0,1190097.4025974027,0.997037037037037,0.3406808917257976,Low,0.0,0.0,0.0,1.0,0.0,0.0,0.0,0.0
E08000013,North West,St. Helens,FYE 2019,2.0,2019,St. Helens,740,460,667500000.0,857600000.0,1864347.8260869565,0.997037037037037,0.5336938627814317,Medium,0.0,0.0,0.0,1.0,0.0,0.0,0.0,0.0
E08000007,North West,Stockport,FYE 2019,9.0,2019,Stockport,1005,624,1018700000.0,1244700000.0,1994711.5384615385,0.997037037037037,0.5710121744452731,Medium,0.0,0.0,0.0,1.0,0.0,0.0,0.0,0.0
E08000008,North West,Tameside,FYE 2019,3.0,2019,Tameside,771,479,606800000.0,755000000.0,1576200.4175365344,0.997037037037037,0.4512079117330668,Medium,0.0,0.0,0.0,1.0,0.0,0.0,0.0,0.0
E08000009,North West,Trafford,FYE 2019,4.0,2019,Trafford,805,500,774500000.0,945100000.0,1890200.0,0.997037037037037,0.5410943844887507,Medium,0.0,0.0,0.0,1.0,0.0,0.0,0.0,0.0
E06000007,North West,Warrington,FYE 2019,2.0,2019,Warrington,1000,621,1333100000.0,1734500000.0,2793075.684380032,0.997037037037037,0.7995543160883026,High,0.0,0.0,0.0,1.0,0.0,0.0,0.0,0.0
E08000010,North West,Wigan,FYE 2019,3.0,2019,Wigan,1160,721,968100000.0,1231600000.0,1708183.0790568655,0.997037037037037,0.4889896686892253,Medium,0.0,0.0,0.0,1.0,0.0,0.0,0.0,0.0
E08000015,North West,Wirral,FYE 2019,2.0,2019,Wirral,1218,757,901500000.0,1089700000.0,1439498.0184940554,0.997037037037037,0.4120750684000726,Low,0.0,0.0,0.0,1.0,0.0,0.0,0.0,0.0
E08000016,Yorkshire and the Humber,Barnsley,FYE 2019,3.0,2019,Barnsley,1213,754,993100000.0,1303200000.0,1728381.9628647214,0.997037037037037,0.49477186242606347,Medium,0.0,0.0,0.0,0.0,0.0,0.0,0.0,1.0
E08000032,Yorkshire and the Humber,Bradford,FYE 2019,2.0,2019,Bradford,1943,1207,1276700000.0,1579400000.0,1308533.5542667771,0.997037037037037,0.37458478368895304,Low,0.0,0.0,0.0,0.0,0.0,0.0,0.0,1.0
E08000033,Yorkshire and the Humber,Calderdale,FYE 2019,4.0,2019,Calderdale,1150,715,762500000.0,999500000.0,1397902.097902098,0.997037037037037,0.4001676940217273,Low,0.0,0.0,0.0,0.0,0.0,0.0,0.0,1.0
E08000017,Yorkshire and the Humber,Doncaster,FYE 2019,2.0,2019,Doncaster,1673,1040,1580500000.0,2183800000.0,2099807.6923076925,0.997037037037037,0.601097318174783,Medium,0.0,0.0,0.0,0.0,0.0,0.0,0.0,1.0
E06000011,Yorkshire and the Humber,East Riding of Yorkshire,FYE 2019,1.0,2019,East Riding of Yorkshire,3467,2154,1790300000.0,2364900000.0,1097910.8635097493,0.997037037037037,0.31429129346858564,Low,0.0,0.0,0.0,0.0,0.0,0.0,0.0,1.0
E06000010,Yorkshire and the Humber,"Kingston upon Hull, City of",FYE 2019,3.0,2019,"Kingston upon Hull, City of",772,480,620900000.0,791900000.0,1649791.6666666667,0.997037037037037,0.47227436589232363,Medium,0.0,0.0,0.0,0.0,0.0,0.0,0.0,1.0
E08000034,Yorkshire and the Humber,Kirklees,FYE 2019,3.0,2019,Kirklees,1909,1186,1363700000.0,1774500000.0,1496205.7335581786,0.997037037037037,0.42830839089419237,Medium,0.0,0.0,0.0,0.0,0.0,0.0,0.0,1.0
E08000035,Yorkshire and the Humber,Leeds,FYE 2019,3.0,2019,Leeds,3048,1894,3412300000.0,4342200000.0,2292608.2365364307,0.997037037037037,0.6562889866799916,Medium,0.0,0.0,0.0,0.0,0.0,0.0,0.0,1.0
E06000012,Yorkshire and the Humber,North East Lincolnshire,FYE 2019,2.0,2019,North East Lincolnshire,655,407,504700000.0,638700000.0,1569287.4692874693,0.997037037037037,0.4492289902021016,Medium,0.0,0.0,0.0,0.0,0.0,0.0,0.0,1.0
E06000013,Yorkshire and the Humber,North Lincolnshire,FYE 2019,3.0,2019,North Lincolnshire,1418,881,807800000.0,1159800000.0,1316458.5698070375,0.997037037037037,0.3768534226720347,Low,0.0,0.0,0.0,0.0,0.0,0.0,0.0,1.0
E06000065,Yorkshire and the Humber,North Yorkshire,FYE 2019,3.0,2019,North Yorkshire,9188,5709,4215900000.0,5611700000.0,982956.7349798564,0.997037037037037,0.2813841760094156,Low,0.0,0.0,0.0,0.0,0.0,0.0,0.0,1.0
E08000018,Yorkshire and the Humber,Rotherham,FYE 2019,2.0,2019,Rotherham,1220,758,1213400000.0,1619200000.0,2136147.7572559365,0.997037037037037,0.6115001353769052,Medium,0.0,0.0,0.0,0.0,0.0,0.0,0.0,1.0
E08000019,Yorkshire and the Humber,Sheffield,FYE 2019,2.0,2019,Sheffield,1969,1223,1396300000.0,1768600000.0,1446116.1079313164,0.997037037037037,0.41396958275334006,Low,0.0,0.0,0.0,0.0,0.0,0.0,0.0,1.0
E08000036,Yorkshire and the Humber,Wakefield,FYE 2019,2.0,2019,Wakefield,1580,982,1485700000.0,1960100000.0,1996028.5132382892,0.997037037037037,0.5713891756389102,Medium,0.0,0.0,0.0,0.0,0.0,0.0,0.0,1.0
E06000014,Yorkshire and the Humber,York,FYE 2019,9.0,2019,York,814,506,692200000.0,858200000.0,1696047.4308300395,0.997037037037037,0.4855156812235251,Medium,0.0,0.0,0.0,0.0,0.0,0.0,0.0,1.0
E06000015,East Midlands,Derby,FYE 2019,15.0,2019,Derby,775,482,961300000.0,1143200000.0,2371784.2323651453,0.997037037037037,0.6789541473662799,Medium,0.0,0.0,0.0,0.0,0.0,0.0,0.0,0.0
E10000007,East Midlands,Derbyshire,FYE 2019,12.0,2019,Derbyshire,5648,3510,4207500000.0,5419100000.0,1543903.133903134,0.997037037037037,0.4419623933708441,Medium,0.0,0.0,0.0,0.0,0.0,0.0,0.0,0.0
E06000016,East Midlands,Leicester,FYE 2019,3.0,2019,Leicester,831,516,797300000.0,957800000.0,1856201.550387597,0.997037037037037,0.5313618851941813,Medium,0.0,0.0,0.0,0.0,0.0,0.0,0.0,0.0
E10000018,East Midlands,Leicestershire,FYE 2019,1.0,2019,Leicestershire,4656,2893,3924100000.0,5204200000.0,1798893.8817836156,0.997037037037037,0.5149568181802375,Medium,0.0,0.0,0.0,0.0,0.0,0.0,0.0,0.0
E10000019,East Midlands,Lincolnshire,FYE 2019,2.0,2019,Lincolnshire,8960,5567,3254300000.0,4323900000.0,776701.9938925813,0.997037037037037,0.22234106830837566,Low,0.0,0.0,0.0,0.0,0.0,0.0,0.0,0.0
E10000021,East Midlands,Northamptonshire,FYE 2019,3.0,2019,Northamptonshire,4689,2914,4538800000.0,5992200000.0,2056348.6616334934,0.997037037037037,0.5886566042539633,Medium,0.0,0.0,0.0,0.0,0.0,0.0,0.0,0.0
E06000018,East Midlands,Nottingham,FYE 2019,9.0,2019,Nottingham,810,503,857400000.0,1057400000.0,2102186.878727634,0.997037037037037,0.6017783912948138,Medium,0.0,0.0,0.0,0.0,0.0,0.0,0.0,0.0
E10000024,East Midlands,Nottinghamshire,FYE 2019,2.0,2019,Nottinghamshire,4853,3016,3784300000.0,4943100000.0,1638958.8859416447,0.997037037037037,0.46917334122895077,Medium,0.0,0.0,0.0,0.0,0.0,0.0,0.0,0.0
E06000017,East Midlands,Rutland,FYE 2019,2.0,2019,Rutland,558,347,332400000.0,447800000.0,1290489.9135446686,0.997037037037037,0.36941955637413687,Low,0.0,0.0,0.0,0.0,0.0,0.0,0.0,0.0
E08000025,West Midlands,Birmingham,FYE 2019,3.0,2019,Birmingham,2573,1599,3031600000.0,3742900000.0,2340775.484677924,0.997037037037037,0.6700774892118073,Medium,0.0,0.0,0.0,0.0,0.0,0.0,1.0,0.0
E08000026,West Midlands,Coventry,FYE 2019,1.0,2019,Coventry,897,557,1011600000.0,1226700000.0,2202333.931777379,0.997037037037037,0.6304467904209984,Medium,0.0,0.0,0.0,0.0,0.0,0.0,1.0,0.0
E08000027,West Midlands,Dudley,FYE 2019,2.0,2019,Dudley,1033,642,847700000.0,1065700000.0,1659968.8473520249,0.997037037037037,0.47518771650007663,Medium,0.0,0.0,0.0,0.0,0.0,0.0,1.0,0.0
E06000019,West Midlands,"Herefordshire, County of",FYE 2019,7.0,2019,"Herefordshire, County of",3348,2080,904100000.0,1227300000.0,590048.0769230769,0.997037037037037,0.16890895196352942,Low,0.0,0.0,0.0,0.0,0.0,0.0,1.0,0.0
E08000028,West Midlands,Sandwell,FYE 2019,2.0,2019,Sandwell,905,562,1027700000.0,1351900000.0,2405516.0142348753,0.997037037037037,0.6886103095440973,Medium,0.0,0.0,0.0,0.0,0.0,0.0,1.0,0.0
E06000051,West Midlands,Shropshire,FYE 2019,4.0,2019,Shropshire,5203,3233,1607600000.0,2150000000.0,665017.0120630993,0.997037037037037,0.19036978669814347,Low,0.0,0.0,0.0,0.0,0.0,0.0,1.0,0.0
E08000029,West Midlands,Solihull,FYE 2019,5.0,2019,Solihull,882,548,1230000000.0,1546100000.0,2821350.3649635036,0.997037037037037,0.8076483119019358,High,0.0,0.0,0.0,0.0,0.0,0.0,1.0,0.0
E10000028,West Midlands,Staffordshire,FYE 2019,3.0,2019,Staffordshire,6350,3946,4630600000.0,6118300000.0,1550506.8423720223,0.997037037037037,0.4438527909844915,Medium,0.0,0.0,0.0,0.0,0.0,0.0,1.0,0.0
E06000021,West Midlands,Stoke-on-Trent,FYE 2019,6.0,2019,Stoke-on-Trent,879,546,710200000.0,876900000.0,1606043.956043956,0.997037037037037,0.4597510135739512,Medium,0.0,0.0,0.0,0.0,0.0,0.0,1.0,0.0
E06000020,West Midlands,Telford and Wrekin,FYE 2019,1.0,2019,Telford and Wrekin,1070,665,754100000.0,955700000.0,1437142.857142857,0.997037037037037,0.411400872769082,Low,0.0,0.0,0.0,0.0,0.0,0.0,1.0,0.0
E08000030,West Midlands,Walsall,FYE 2019,2.0,2019,Walsall,876,544,753400000.0,988500000.0,1817095.5882352942,0.997037037037037,0.5201672938701729,Medium,0.0,0.0,0.0,0.0,0.0,0.0,1.0,0.0
E10000031,West Midlands,Warwickshire,FYE 2019,2.0,2019,Warwickshire,4225,2625,4700800000.0,6149800000.0,2342780.9523809524,0.997037037037037,0.6706515804785422,Medium,0.0,0.0,0.0,0.0,0.0,0.0,1.0,0.0
E08000031,West Midlands,Wolverhampton,FYE 2019,2.0,2019,Wolverhampton,780,485,599500000.0,746600000.0,1539381.4432989692,0.997037037037037,0.4406680005053753,Medium,0.0,0.0,0.0,0.0,0.0,0.0,1.0,0.0
E10000034,West Midlands,Worcestershire,FYE 2019,3.0,2019,Worcestershire,4273,2655,3449200000.0,4451700000.0,1676723.163841808,0.997037037037037,0.4799838579499597,Medium,0.0,0.0,0.0,0.0,0.0,0.0,1.0,0.0
E06000055,East of England,Bedford,FYE 2019,1.0,2019,Bedford,930,578,674500000.0,859300000.0,1486678.2006920415,0.997037037037037,0.42558101044138374,Medium,1.0,0.0,0.0,0.0,0.0,0.0,0.0,0.0
E10000003,East of England,Cambridgeshire,FYE 2019,3.0,2019,Cambridgeshire,4782,2971,3698600000.0,4973300000.0,1673948.1656008079,0.997037037037037,0.4791894785376375,Medium,1.0,0.0,0.0,0.0,0.0,0.0,0.0,0.0
E06000056,East of England,Central Bedfordshire,FYE 2019,1.0,2019,Central Bedfordshire,1553,965,1658500000.0,2190600000.0,2270051.8134715026,0.997037037037037,0.6498319166056158,Medium,1.0,0.0,0.0,0.0,0.0,0.0,0.0,0.0
E10000012,East of England,Essex,FYE 2019,2.0,2019,Essex,8285,5148,7267500000.0,9564300000.0,1857867.1328671328,0.997037037037037,0.531838679886055,Medium,1.0,0.0,0.0,0.0,0.0,0.0,0.0,0.0
E10000015,East of England,Hertfordshire,FYE 2019,4.0,2019,Hertfordshire,5027,3124,5856400000.0,7502100000.0,2401440.4609475033,0.997037037037037,0.687443629299953,Medium,1.0,0.0,0.0,0.0,0.0,0.0,0.0,0.0
E06000032,East of England,Luton,FYE 2019,2.0,2019,Luton,465,289,414700000.0,512700000.0,1774048.4429065743,0.997037037037037,0.507844487497492,Medium,1.0,0.0,0.0,0.0,0.0,0.0,0.0,0.0
E10000020,East of England,Norfolk,FYE 2019,2.0,2019,Norfolk,9992,6209,4196500000.0,5441300000.0,876356.9012723466,0.997037037037037,0.250868584322521,Low,1.0,0.0,0.0,0.0,0.0,0.0,0.0,0.0
E06000031,East of England,Peterborough,FYE 2019,1.0,2019,Peterborough,971,603,972900000.0,1234000000.0,2046434.4941956883,0.997037037037037,0.5858185446161062,Medium,1.0,0.0,0.0,0.0,0.0,0.0,0.0,0.0
E10000029,East of England,Suffolk,FYE 2019,2.0,2019,Suffolk,6987,4342,3139500000.0,4177900000.0,962206.3565177338,0.997037037037037,0.2754441097403061,Low,1.0,0.0,0.0,0.0,0.0,0.0,0.0,0.0
E06000034,East of England,Thurrock,FYE 2019,3.0,2019,Thurrock,598,372,807200000.0,1113900000.0,2994354.8387096776,0.997037037037037,0.857173097234433,High,1.0,0.0,0.0,0.0,0.0,0.0,0.0,0.0
E09000002,London,Barking and Dagenham,FYE 2019,3.0,2019,Barking and Dagenham,341,212,314800000.0,410500000.0,1936320.7547169812,0.997037037037037,0.5542970516063793,Medium,0.0,1.0,0.0,0.0,0.0,0.0,0.0,0.0
E09000003,London,Barnet,FYE 2019,5.0,2019,Barnet,766,476,883100000.0,1132000000.0,2378151.2605042015,0.997037037037037,0.6807767921509192,Medium,0.0,1.0,0.0,0.0,0.0,0.0,0.0,0.0
E09000004,London,Bexley,FYE 2019,3.0,2019,Bexley,551,342,505900000.0,642300000.0,1878070.1754385964,0.997037037037037,0.537622064123176,Medium,0.0,1.0,0.0,0.0,0.0,0.0,0.0,0.0
E09000005,London,Brent,FYE 2019,6.0,2019,Brent,490,304,500900000.0,636600000.0,2094078.9473684211,0.997037037037037,0.5994573902746624,Medium,0.0,1.0,0.0,0.0,0.0,0.0,0.0,0.0
E09000006,London,Bromley,FYE 2019,3.0,2019,Bromley,903,561,732900000.0,912500000.0,1626559.714795009,0.997037037037037,0.4656239168930289,Medium,0.0,1.0,0.0,0.0,0.0,0.0,0.0,0.0
E09000007,London,Camden,FYE 2019,7.0,2019,Camden,279,173,220900000.0,300200000.0,1735260.1156069364,0.997037037037037,0.496740823289712,Medium,0.0,1.0,0.0,0.0,0.0,0.0,0.0,0.0
E09000001,London,City of London,FYE 2019,7.0,2019,City of London,56,35,62700000.0,93300000.0,2665714.285714286,0.997037037037037,0.7630954558519951,High,0.0,1.0,0.0,0.0,0.0,0.0,0.0,0.0
E09000008,London,Croydon,FYE 2019,8.0,2019,Croydon,777,483,673600000.0,843500000.0,1746376.8115942029,0.997037037037037,0.4999231223970967,Medium,0.0,1.0,0.0,0.0,0.0,0.0,0.0,0.0
E09000009,London,Ealing,FYE 2019,4.0,2019,Ealing,589,366,661000000.0,851100000.0,2325409.8360655736,0.997037037037037,0.6656788720399895,Medium,0.0,1.0,0.0,0.0,0.0,0.0,0.0,0.0
E09000010,London,Enfield,FYE 2019,3.0,2019,Enfield,637,396,824800000.0,1111800000.0,2807575.757575758,0.997037037037037,0.8037051510162906,High,0.0,1.0,0.0,0.0,0.0,0.0,0.0,0.0
E09000011,London,Greenwich,FYE 2019,4.0,2019,Greenwich,504,313,574600000.0,748000000.0,2389776.357827476,0.997037037037037,0.6841046277665996,Medium,0.0,1.0,0.0,0.0,0.0,0.0,0.0,0.0
E09000012,London,Hackney,FYE 2019,6.0,2019,Hackney,271,168,209300000.0,286400000.0,1704761.9047619049,0.997037037037037,0.4880103129600112,Medium,0.0,1.0,0.0,0.0,0.0,0.0,0.0,0.0
E09000013,London,Hammersmith and Fulham,FYE 2019,5.0,2019,Hammersmith and Fulham,220,137,241700000.0,328000000.0,2394160.583941606,0.997037037037037,0.6853596696302566,Medium,0.0,1.0,0.0,0.0,0.0,0.0,0.0,0.0
E09000014,London,Haringey,FYE 2019,5.0,2019,Haringey,357,222,263200000.0,346900000.0,1562612.6126126125,0.997037037037037,0.44731822548723954,Medium,0.0,1.0,0.0,0.0,0.0,0.0,0.0,0.0
E09000015,London,Harrow,FYE 2019,3.0,2019,Harrow,476,296,339200000.0,411100000.0,1388851.3513513512,0.997037037037037,0.39757679986553224,Low,0.0,1.0,0.0,0.0,0.0,0.0,0.0,0.0
E09000016,London,Havering,FYE 2019,1.0,2019,Havering,659,409,828500000.0,1137100000.0,2780195.5990220048,0.997037037037037,0.795867223791739,High,0.0,1.0,0.0,0.0,0.0,0.0,0.0,0.0
E09000017,London,Hillingdon,FYE 2019,2.0,2019,Hillingdon,762,473,1256800000.0,1552600000.0,3282452.4312896407,0.997037037037037,0.9396447878120153,High,0.0,1.0,0.0,0.0,0.0,0.0,0.0,0.0
E09000018,London,Hounslow,FYE 2019,1.0,2019,Hounslow,503,313,879400000.0,1093400000.0,3493290.734824281,0.997037037037037,1.0,High,0.0,1.0,0.0,0.0,0.0,0.0,0.0,0.0
E09000019,London,Islington,FYE 2019,7.0,2019,Islington,238,148,171300000.0,242100000.0,1635810.810810811,0.997037037037037,0.46827216369469893,Medium,0.0,1.0,0.0,0.0,0.0,0.0,0.0,0.0
E09000020,London,Kensington and Chelsea,FYE 2019,3.0,2019,Kensington and Chelsea,207,129,238200000.0,327200000.0,2536434.108527132,0.997037037037037,0.7260873202569894,High,0.0,1.0,0.0,0.0,0.0,0.0,0.0,0.0
E09000021,London,Kingston upon Thames,FYE 2019,3.0,2019,Kingston upon Thames,344,214,507500000.0,627400000.0,2931775.7009345796,0.997037037037037,0.8392590034685599,High,0.0,1.0,0.0,0.0,0.0,0.0,0.0,0.0
E09000022,London,Lambeth,FYE 2019,6.0,2019,Lambeth,377,234,341700000.0,473200000.0,2022222.2222222222,0.997037037037037,0.5788874662114099,Medium,0.0,1.0,0.0,0.0,0.0,0.0,0.0,0.0
E09000023,London,Lewisham,FYE 2019,4.0,2019,Lewisham,447,278,365100000.0,478700000.0,1721942.4460431654,0.997037037037037,0.49292846681133234,Medium,0.0,1.0,0.0,0.0,0.0,0.0,0.0,0.0
E09000024,London,Merton,FYE 2019,4.0,2019,Merton,379,235,328100000.0,420400000.0,1788936.170212766,0.997037037037037,0.5121062934667969,Medium,0.0,1.0,0.0,0.0,0.0,0.0,0.0,0.0
E09000025,London,Newham,FYE 2019,5.0,2019,Newham,430,267,451100000.0,586800000.0,2197752.808988764,0.997037037037037,0.6291353843181664,Medium,0.0,1.0,0.0,0.0,0.0,0.0,0.0,0.0
E09000026,London,Redbridge,FYE 2019,2.0,2019,Redbridge,534,332,591600000.0,751800000.0,2264457.8313253014,0.997037037037037,0.6482305663113401,Medium,0.0,1.0,0.0,0.0,0.0,0.0,0.0,0.0
E09000027,London,Richmond upon Thames,FYE 2019,3.0,2019,Richmond upon Thames,414,257,437500000.0,545000000.0,2120622.568093385,0.997037037037037,0.6070558476433414,Medium,0.0,1.0,0.0,0.0,0.0,0.0,0.0,0.0
E09000028,London,Southwark,FYE 2019,7.0,2019,Southwark,391,243,323500000.0,446300000.0,1836625.5144032922,0.997037037037037,0.5257579897642496,Medium,0.0,1.0,0.0,0.0,0.0,0.0,0.0,0.0
E09000029,London,Sutton,FYE 2019,5.0,2019,Sutton,433,269,363400000.0,454300000.0,1688847.5836431226,0.997037037037037,0.48345463113252,Medium,0.0,1.0,0.0,0.0,0.0,0.0,0.0,0.0
E09000030,London,Tower Hamlets,FYE 2019,4.0,2019,Tower Hamlets,287,178,399200000.0,544100000.0,3056741.5730337077,0.997037037037037,0.8750321130048935,High,0.0,1.0,0.0,0.0,0.0,0.0,0.0,0.0
E09000031,London,Waltham Forest,FYE 2019,2.0,2019,Waltham Forest,424,263,399300000.0,518500000.0,1971482.8897338402,0.997037037037037,0.5643626710139857,Medium,0.0,1.0,0.0,0.0,0.0,0.0,0.0,0.0
E09000032,London,Wandsworth,FYE 2019,6.0,2019,Wandsworth,432,268,376900000.0,499100000.0,1862313.4328358208,0.997037037037037,0.5331114911995719,Medium,0.0,1.0,0.0,0.0,0.0,0.0,0.0,0.0
E09000033,London,Westminster,FYE 2019,5.0,2019,Westminster,338,210,361200000.0,512300000.0,2439523.8095238097,0.997037037037037,0.6983454841603736,Medium,0.0,1.0,0.0,0.0,0.0,0.0,0.0,0.0
E06000036,South East,Bracknell Forest,FYE 2019,4.0,2019,Bracknell Forest,475,295,384200000.0,462300000.0,1567118.6440677966,0.997037037037037,0.44860813571723096,Medium,0.0,0.0,0.0,0.0,1.0,0.0,0.0,0.0
E06000043,South East,Brighton and Hove,FYE 2019,9.0,2019,Brighton and Hove,621,386,635900000.0,800800000.0,2074611.3989637305,0.997037037037037,0.5938845508282857,Medium,0.0,0.0,0.0,0.0,1.0,0.0,0.0,0.0
E06000060,South East,Buckinghamshire,FYE 2019,4.0,2019,Buckinghamshire,3322,2064,3250000000.0,4067400000.0,1970639.534883721,0.997037037037037,0.564121249696913,Medium,0.0,0.0,0.0,0.0,1.0,0.0,0.0,0.0
E10000011,South East,East Sussex,FYE 2019,5.0,2019,East Sussex,3411,2119,2160500000.0,2734400000.0,1290420.0094384144,0.997037037037037,0.36939954541267944,Low,0.0,0.0,0.0,0.0,1.0,0.0,0.0,0.0
E10000014,South East,Hampshire,FYE 2019,3.0,2019,Hampshire,8997,5590,7811400000.0,9849700000.0,1762021.4669051878,0.997037037037037,0.504401608872621,Medium,0.0,0.0,0.0,0.0,1.0,0.0,0.0,0.0
E06000046,South East,Isle of Wight,FYE 2019,0.0,2019,Isle of Wight,885,550,335600000.0,417000000.0,758181.8181818182,0.997037037037037,0.21703942664249964,Low,0.0,0.0,0.0,0.0,1.0,0.0,0.0,0.0
E10000016,South East,Kent,FYE 2019,4.0,2019,Kent,9231,5736,7238700000.0,9578600000.0,1669909.3444909344,0.997037037037037,0.4780333133580231,Medium,0.0,0.0,0.0,0.0,1.0,0.0,0.0,0.0
E06000035,South East,Medway,FYE 2019,2.0,2019,Medway,856,532,692900000.0,878800000.0,1651879.6992481202,0.997037037037037,0.4728720924315544,Medium,0.0,0.0,0.0,0.0,1.0,0.0,0.0,0.0
E06000042,South East,Milton Keynes,FYE 2019,1.0,2019,Milton Keynes,1298,807,1260200000.0,1598600000.0,1980916.97645601,0.997037037037037,0.5670633012902242,Medium,0.0,0.0,0.0,0.0,1.0,0.0,0.0,0.0
E10000025,South East,Oxfordshire,FYE 2019,4.0,2019,Oxfordshire,4783,2972,3860200000.0,4961100000.0,1669279.9461641992,0.997037037037037,0.4778531398842092,Medium,0.0,0.0,0.0,0.0,1.0,0.0,0.0,0.0
E06000044,South East,Portsmouth,FYE 2019,1.0,2019,Portsmouth,460,286,611700000.0,758400000.0,2651748.2517482517,0.997037037037037,0.7590974966135017,High,0.0,0.0,0.0,0.0,1.0,0.0,0.0,0.0
E06000038,South East,Reading,FYE 2019,4.0,2019,Reading,396,246,306800000.0,372400000.0,1513821.138211382,0.997037037037037,0.43335103005319425,Medium,0.0,0.0,0.0,0.0,1.0,0.0,0.0,0.0
E06000039,South East,Slough,FYE 2019,5.0,2019,Slough,324,201,404100000.0,499500000.0,2485074.6268656715,0.997037037037037,0.7113849992765275,High,0.0,0.0,0.0,0.0,1.0,0.0,0.0,0.0
E06000045,South East,Southampton,FYE 2019,5.0,2019,Southampton,585,364,516500000.0,637100000.0,1750274.7252747254,0.997037037037037,0.5010389509886491,Medium,0.0,0.0,0.0,0.0,1.0,0.0,0.0,0.0
E10000030,South East,Surrey,FYE 2019,5.0,2019,Surrey,5551,3449,6877600000.0,8672400000.0,2514467.9617280373,0.997037037037037,0.7197992244566267,High,0.0,0.0,0.0,0.0,1.0,0.0,0.0,0.0
E06000037,South East,West Berkshire,FYE 2019,2.0,2019,West Berkshire,1416,880,1535000000.0,1961000000.0,2228409.090909091,0.997037037037037,0.63791114455327,Medium,0.0,0.0,0.0,0.0,1.0,0.0,0.0,0.0
E10000032,South East,West Sussex,FYE 2019,4.0,2019,West Sussex,4305,2675,3574600000.0,4478800000.0,1674317.7570093458,0.997037037037037,0.4792952788951209,Medium,0.0,0.0,0.0,0.0,1.0,0.0,0.0,0.0
E06000040,South East,Windsor and Maidenhead,FYE 2019,4.0,2019,Windsor and Maidenhead,686,426,933000000.0,1143900000.0,2685211.267605634,0.997037037037037,0.7686767210175265,High,0.0,0.0,0.0,0.0,1.0,0.0,0.0,0.0
E06000041,South East,Wokingham,FYE 2019,2.0,2019,Wokingham,784,487,821800000.0,1015500000.0,2085215.6057494867,0.997037037037037,0.5969201432225987,Medium,0.0,0.0,0.0,0.0,1.0,0.0,0.0,0.0
E06000022,South West,Bath and North East Somerset,FYE 2019,5.0,2019,Bath and North East Somerset,1080,671,626700000.0,781500000.0,1164679.5827123695,0.997037037037037,0.33340470951982043,Low,0.0,0.0,0.0,0.0,0.0,1.0,0.0,0.0
E06000023,South West,"Bristol, City of",FYE 2019,8.0,2019,"Bristol, City of",1164,723,1207900000.0,1494600000.0,2067219.9170124482,0.997037037037037,0.5917686427884546,Medium,0.0,0.0,0.0,0.0,0.0,1.0,0.0,0.0
E06000052,South West,Cornwall,FYE 2019,1.0,2019,Cornwall excluding Isles of Scilly,7428,4616,2736100000.0,3553400000.0,769800.6932409012,0.997037037037037,0.22036548105396203,Low,0.0,0.0,0.0,0.0,0.0,1.0,0.0,0.0
E10000008,South West,Devon,FYE 2019,3.0,2019,Devon,13007,8082,4632100000.0,5976800000.0,739519.9208116803,0.997037037037037,0.21169721530460575,Low,0.0,0.0,0.0,0.0,0.0,1.0,0.0,0.0
E06000059,South West,Dorset,FYE 2019,3.0,2019,Dorset,4086,2539,2044900000.0,2624900000.0,1033832.2174084286,0.997037037037037,0.29594794590162626,Low,0.0,0.0,0.0,0.0,0.0,1.0,0.0,0.0
E10000013,South West,Gloucestershire,FYE 2019,2.0,2019,Gloucestershire,5619,3491,3541500000.0,4493900000.0,1287281.5812088228,0.997037037037037,0.36850112942963376,Low,0.0,0.0,0.0,0.0,0.0,1.0,0.0,0.0
E06000024,South West,North Somerset,FYE 2019,2.0,2019,North Somerset,1173,729,1345300000.0,1689600000.0,2317695.473251029,0.997037037037037,0.6634705351450265,Medium,0.0,0.0,0.0,0.0,0.0,1.0,0.0,0.0
E06000026,South West,Plymouth,FYE 2019,2.0,2019,Plymouth,835,519,786700000.0,956900000.0,1843737.95761079,0.997037037037037,0.5277940193270324,Medium,0.0,0.0,0.0,0.0,0.0,1.0,0.0,0.0
E06000066,South West,Somerset,FYE 2019,2.0,2019,Somerset,6808,4230,3658900000.0,4705300000.0,1112364.0661938535,0.997037037037037,0.31842871110177073,Low,0.0,0.0,0.0,0.0,0.0,1.0,0.0,0.0
E06000025,South West,South Gloucestershire,FYE 2019,2.0,2019,South Gloucestershire,1593,990,2083700000.0,2702200000.0,2729494.9494949495,0.997037037037037,0.7813535020961397,High,0.0,0.0,0.0,0.0,0.0,1.0,0.0,0.0
E06000030,South West,Swindon,FYE 2019,2.0,2019,Swindon,933,580,1089700000.0,1360200000.0,2345172.4137931033,0.997037037037037,0.6713361674750699,Medium,0.0,0.0,0.0,0.0,0.0,1.0,0.0,0.0
E06000027,South West,Torbay,FYE 2019,2.0,2019,Torbay,530,329,357000000.0,432300000.0,1313981.762917933,0.997037037037037,0.3761444044204436,Low,0.0,0.0,0.0,0.0,0.0,1.0,0.0,0.0
E06000054,South West,Wiltshire,FYE 2019,3.0,2019,Wiltshire,4814,2991,3097100000.0,3941200000.0,1317686.3925108658,0.997037037037037,0.37720490292290193,Low,0.0,0.0,0.0,0.0,0.0,1.0,0.0,0.0
E06000047,North East,County Durham,FYE 2020,3.0,2020,Durham,3747,2328,1577500000.0,2169500000.0,931915.8075601375,0.9975308641975309,0.2667730453322874,Low,0.0,0.0,1.0,0.0,0.0,0.0,0.0,0.0
E06000005,North East,Darlington,FYE 2020,3.0,2020,Darlington,561,349,317500000.0,424400000.0,1216045.8452722062,0.9975308641975309,0.34810897162081633,Low,0.0,0.0,1.0,0.0,0.0,0.0,0.0,0.0
E08000037,North East,Gateshead,FYE 2020,1.0,2020,Gateshead,910,565,694200000.0,913500000.0,1616814.1592920355,0.9975308641975309,0.46283412461899315,Medium,0.0,0.0,1.0,0.0,0.0,0.0,0.0,0.0
E06000001,North East,Hartlepool,FYE 2020,2.0,2020,Hartlepool,412,256,247700000.0,321500000.0,1255859.375,0.9975308641975309,0.35950611338485455,Low,0.0,0.0,1.0,0.0,0.0,0.0,0.0,0.0
E06000002,North East,Middlesbrough,FYE 2020,1.0,2020,Middlesbrough,539,335,472600000.0,599400000.0,1789253.7313432836,0.9975308641975309,0.5121971994790998,Medium,0.0,0.0,1.0,0.0,0.0,0.0,0.0,0.0
E08000021,North East,Newcastle upon Tyne,FYE 2020,2.0,2020,Newcastle upon Tyne,991,616,691600000.0,871800000.0,1415259.7402597403,0.9975308641975309,0.4051365453642754,Low,0.0,0.0,1.0,0.0,0.0,0.0,0.0,0.0
E08000022,North East,North Tyneside,FYE 2020,2.0,2020,North Tyneside,813,505,542500000.0,672900000.0,1332475.2475247525,0.9975308641975309,0.3814384054099575,Low,0.0,0.0,1.0,0.0,0.0,0.0,0.0,0.0
E06000057,North East,Northumberland,FYE 2020,3.0,2020,Northumberland,5132,3189,1202100000.0,1619400000.0,507808.09031044214,0.9975308641975309,0.14536668398314284,Low,0.0,0.0,1.0,0.0,0.0,0.0,0.0,0.0
E06000003,North East,Redcar and Cleveland,FYE 2020,1.0,2020,Redcar and Cleveland,688,428,397200000.0,504300000.0,1178271.0280373832,0.9975308641975309,0.33729543787790467,Low,0.0,0.0,1.0,0.0,0.0,0.0,0.0,0.0
E08000023,North East,South Tyneside,FYE 2020,2.0,2020,South Tyneside,570,354,301300000.0,381800000.0,1078531.0734463276,0.9975308641975309,0.30874357599112906,Low,0.0,0.0,1.0,0.0,0.0,0.0,0.0,0.0
E06000004,North East,Stockton-on-Tees,FYE 2020,2.0,2020,Stockton-on-Tees,899,559,560500000.0,726700000.0,1300000.0,0.9975308641975309,0.37214194256447775,Low,0.0,0.0,1.0,0.0,0.0,0.0,0.0,0.0
E08000024,North East,Sunderland,FYE 2020,1.0,2020,Sunderland,1175,730,671800000.0,864600000.0,1184383.5616438356,0.9975308641975309,0.33904523028582456,Low,0.0,0.0,1.0,0.0,0.0,0.0,0.0,0.0
E06000008,North West,Blackburn with Darwen,FYE 2020,3.0,2020,Blackburn with Darwen,557,346,280700000.0,354400000.0,1024277.4566473989,0.9975308641975309,0.29321277110905053,Low,0.0,0.0,0.0,1.0,0.0,0.0,0.0,0.0
E06000009,North West,Blackpool,FYE 2020,3.0,2020,Blackpool,458,285,230500000.0,279000000.0,978947.3684210526,0.9975308641975309,0.28023644257891844,Low,0.0,0.0,0.0,1.0,0.0,0.0,0.0,0.0
E08000001,North West,Bolton,FYE 2020,2.0,2020,Bolton,1000,621,849700000.0,1085300000.0,1747665.0563607085,0.9975308641975309,0.5002918992508705,Medium,0.0,0.0,0.0,1.0,0.0,0.0,0.0,0.0
E08000002,North West,Bury,FYE 2020,4.0,2020,Bury,682,424,649900000.0,866500000.0,2043632.075471698,0.9975308641975309,0.5850163157331639,Medium,0.0,0.0,0.0,1.0,0.0,0.0,0.0,0.0
E06000049,North West,Cheshire East,FYE 2020,4.0,2020,East Cheshire,2922,1816,1672700000.0,2334100000.0,1285297.3568281939,0.9975308641975309,0.3679331193407945,Low,0.0,0.0,0.0,1.0,0.0,0.0,0.0,0.0
E06000050,North West,Cheshire West and Chester,FYE 2020,1.0,2020,West Cheshire,2449,1522,1490400000.0,1985400000.0,1304467.805519054,0.9975308641975309,0.3734209101220632,Low,0.0,0.0,0.0,1.0,0.0,0.0,0.0,0.0
E10000006,North West,Cumbria,FYE 2020,4.0,2020,Cumbria,8053,5004,1996100000.0,2888100000.0,577158.2733812949,0.9975308641975309,0.16521907771021155,Low,0.0,0.0,0.0,1.0,0.0,0.0,0.0,0.0
E06000006,North West,Halton,FYE 2020,2.0,2020,Halton,595,370,418900000.0,553100000.0,1494864.8648648649,0.9975308641975309,0.4279245497555357,Medium,0.0,0.0,0.0,1.0,0.0,0.0,0.0,0.0
E08000011,North West,Knowsley,FYE 2020,4.0,2020,Knowsley,600,373,652600000.0,856400000.0,2295978.5522788204,0.9975308641975309,0.6572537834857058,Medium,0.0,0.0,0.0,1.0,0.0,0.0,0.0,0.0
E10000017,North West,Lancashire,FYE 2020,2.0,2020,Lancashire,7075,4396,4368500000.0,5778600000.0,1314513.1938125568,0.9975308641975309,0.37629653344003133,Low,0.0,0.0,0.0,1.0,0.0,0.0,0.0,0.0
E08000012,North West,Liverpool,FYE 2020,9.0,2020,Liverpool,1438,894,928100000.0,1150800000.0,1287248.322147651,0.9975308641975309,0.3684916085899166,Low,0.0,0.0,0.0,1.0,0.0,0.0,0.0,0.0
E08000003,North West,Manchester,FYE 2020,6.0,2020,Manchester,1390,864,1088000000.0,1357600000.0,1571296.2962962964,0.9975308641975309,0.4498040431139023,Medium,0.0,0.0,0.0,1.0,0.0,0.0,0.0,0.0
E08000004,North West,Oldham,FYE 2020,6.0,2020,Oldham,828,514,466600000.0,593800000.0,1155252.9182879378,0.9975308641975309,0.33070620397304235,Low,0.0,0.0,0.0,1.0,0.0,0.0,0.0,0.0
E08000005,North West,Rochdale,FYE 2020,4.0,2020,Rochdale,789,490,644700000.0,901700000.0,1840204.081632653,0.9975308641975309,0.5267824012721972,Medium,0.0,0.0,0.0,1.0,0.0,0.0,0.0,0.0
E08000006,North West,Salford,FYE 2020,3.0,2020,Salford,812,505,867400000.0,1175800000.0,2328316.831683168,0.9975308641975309,0.6665110374216495,Medium,0.0,0.0,0.0,1.0,0.0,0.0,0.0,0.0
E08000013,North West,St. Helens,FYE 2020,2.0,2020,St. Helens,743,462,512000000.0,692100000.0,1498051.948051948,0.9975308641975309,0.4288368938542709,Medium,0.0,0.0,0.0,1.0,0.0,0.0,0.0,0.0
E08000007,North West,Stockport,FYE 2020,6.0,2020,Stockport,1006,625,825100000.0,1040300000.0,1664480.0,0.9975308641975309,0.4764790927382477,Medium,0.0,0.0,0.0,1.0,0.0,0.0,0.0,0.0
E08000008,North West,Tameside,FYE 2020,3.0,2020,Tameside,770,478,491800000.0,633700000.0,1325732.2175732218,0.9975308641975309,0.3795081252061628,Low,0.0,0.0,0.0,1.0,0.0,0.0,0.0,0.0
E08000009,North West,Trafford,FYE 2020,4.0,2020,Trafford,804,500,611200000.0,771700000.0,1543400.0,0.9975308641975309,0.44181836473385766,Medium,0.0,0.0,0.0,1.0,0.0,0.0,0.0,0.0
E06000007,North West,Warrington,FYE 2020,2.0,2020,Warrington,1000,621,964800000.0,1347000000.0,2169082.125603865,0.9975308641975309,0.6209280275416222,Medium,0.0,0.0,0.0,1.0,0.0,0.0,0.0,0.0
E08000010,North West,Wigan,FYE 2020,3.0,2020,Wigan,1168,726,746600000.0,998900000.0,1375895.3168044076,0.9975308641975309,0.39386796612381525,Low,0.0,0.0,0.0,1.0,0.0,0.0,0.0,0.0
E08000016,Yorkshire and the Humber,Barnsley,FYE 2020,3.0,2020,Barnsley,1216,756,750400000.0,1036600000.0,1371164.0211640212,0.9975308641975309,0.3925135710849997,Low,0.0,0.0,0.0,0.0,0.0,0.0,0.0,1.0
E08000032,Yorkshire and the Humber,Bradford,FYE 2020,4.0,2020,Bradford,1947,1210,1029200000.0,1304300000.0,1077933.8842975206,0.9975308641975309,0.30857262281427106,Low,0.0,0.0,0.0,0.0,0.0,0.0,0.0,1.0
E08000033,Yorkshire and the Humber,Calderdale,FYE 2020,5.0,2020,Calderdale,1149,714,570200000.0,781900000.0,1095098.0392156863,0.9975308641975309,0.313486085855597,Low,0.0,0.0,0.0,0.0,0.0,0.0,0.0,1.0
E08000017,Yorkshire and the Humber,Doncaster,FYE 2020,2.0,2020,Doncaster,1680,1044,1213000000.0,1777300000.0,1702394.6360153258,0.9975308641975309,0.4873326514293003,Medium,0.0,0.0,0.0,0.0,0.0,0.0,0.0,1.0
E06000011,Yorkshire and the Humber,East Riding of Yorkshire,FYE 2020,1.0,2020,East Riding of Yorkshire,3481,2163,1384400000.0,1904200000.0,880351.3638465095,0.9975308641975309,0.25201205129317494,Low,0.0,0.0,0.0,0.0,0.0,0.0,0.0,1.0
E06000010,Yorkshire and the Humber,"Kingston upon Hull, City of",FYE 2020,3.0,2020,"Kingston upon Hull, City of",776,482,498700000.0,648400000.0,1345228.2157676348,0.9975308641975309,0.3850891087756262,Low,0.0,0.0,0.0,0.0,0.0,0.0,0.0,1.0
E08000034,Yorkshire and the Humber,Kirklees,FYE 2020,3.0,2020,Kirklees,1915,1190,1034300000.0,1409000000.0,1184033.6134453781,0.9975308641975309,0.3389450530532315,Low,0.0,0.0,0.0,0.0,0.0,0.0,0.0,1.0
E08000035,Yorkshire and the Humber,Leeds,FYE 2020,3.0,2020,Leeds,3059,1901,2591500000.0,3445400000.0,1812414.518674382,0.9975308641975309,0.5188272767011903,Medium,0.0,0.0,0.0,0.0,0.0,0.0,0.0,1.0
E06000012,Yorkshire and the Humber,North East Lincolnshire,FYE 2020,3.0,2020,North East Lincolnshire,658,409,399300000.0,519000000.0,1268948.6552567238,0.9975308641975309,0.36325309044755305,Low,0.0,0.0,0.0,0.0,0.0,0.0,0.0,1.0
E06000013,Yorkshire and the Humber,North Lincolnshire,FYE 2020,4.0,2020,North Lincolnshire,1420,882,631100000.0,956900000.0,1084920.634920635,0.9975308641975309,0.31057267123665516,Low,0.0,0.0,0.0,0.0,0.0,0.0,0.0,1.0
E06000065,Yorkshire and the Humber,North Yorkshire,FYE 2020,4.0,2020,North Yorkshire,9197,5715,3140500000.0,4424700000.0,774225.7217847769,0.9975308641975309,0.22163220314490137,Low,0.0,0.0,0.0,0.0,0.0,0.0,0.0,1.0
E08000018,Yorkshire and the Humber,Rotherham,FYE 2020,2.0,2020,Rotherham,1224,761,917000000.0,1287700000.0,1692115.6373193166,0.9975308641975309,0.48439015408903063,Medium,0.0,0.0,0.0,0.0,0.0,0.0,0.0,1.0
E08000019,Yorkshire and the Humber,Sheffield,FYE 2020,1.0,2020,Sheffield,1971,1225,1093100000.0,1429100000.0,1166612.2448979593,0.9975308641975309,0.33395795925833294,Low,0.0,0.0,0.0,0.0,0.0,0.0,0.0,1.0
E08000036,Yorkshire and the Humber,Wakefield,FYE 2020,2.0,2020,Wakefield,1584,984,1113000000.0,1533800000.0,1558739.837398374,0.9975308641975309,0.44620959310928393,Medium,0.0,0.0,0.0,0.0,0.0,0.0,0.0,1.0
E06000015,East Midlands,Derby,FYE 2020,14.0,2020,Derby,778,483,812100000.0,984400000.0,2038095.238095238,0.9975308641975309,0.5834313238739798,Medium,0.0,0.0,0.0,0.0,0.0,0.0,0.0,0.0
E10000007,East Midlands,Derbyshire,FYE 2020,13.0,2020,Derbyshire,5653,3513,3142700000.0,4249500000.0,1209649.8719043552,0.9975308641975309,0.3462780408871988,Low,0.0,0.0,0.0,0.0,0.0,0.0,0.0,0.0
E06000016,East Midlands,Leicester,FYE 2020,6.0,2020,Leicester,832,517,672900000.0,824400000.0,1594584.1392649903,0.9975308641975309,0.4564704916681379,Medium,0.0,0.0,0.0,0.0,0.0,0.0,0.0,0.0
E10000018,East Midlands,Leicestershire,FYE 2020,2.0,2020,Leicestershire,4673,2904,2888800000.0,4066400000.0,1400275.482093664,0.9975308641975309,0.4008471061782667,Low,0.0,0.0,0.0,0.0,0.0,0.0,0.0,0.0
E10000019,East Midlands,Lincolnshire,FYE 2020,2.0,2020,Lincolnshire,8976,5577,2441600000.0,3404300000.0,610417.7873408643,0.9975308641975309,0.17474004704379964,Low,0.0,0.0,0.0,0.0,0.0,0.0,0.0,0.0
E10000021,East Midlands,Northamptonshire,FYE 2020,3.0,2020,Northamptonshire,4736,2943,3372400000.0,4703400000.0,1598165.1376146788,0.9975308641975309,0.4574955991159635,Medium,0.0,0.0,0.0,0.0,0.0,0.0,0.0,0.0
E06000018,East Midlands,Nottingham,FYE 2020,8.0,2020,Nottingham,811,504,700700000.0,885100000.0,1756150.7936507936,0.9975308641975309,0.5027210521425813,Medium,0.0,0.0,0.0,0.0,0.0,0.0,0.0,0.0
E10000024,East Midlands,Nottinghamshire,FYE 2020,2.0,2020,Nottinghamshire,4859,3019,2853000000.0,3900900000.0,1292116.5948989731,0.9975308641975309,0.3698852151119248,Low,0.0,0.0,0.0,0.0,0.0,0.0,0.0,0.0
E06000017,East Midlands,Rutland,FYE 2020,2.0,2020,Rutland,558,347,242700000.0,347400000.0,1001152.7377521613,0.9975308641975309,0.2865930189467958,Low,0.0,0.0,0.0,0.0,0.0,0.0,0.0,0.0
E08000025,West Midlands,Birmingham,FYE 2020,3.0,2020,Birmingham,2577,1601,2360900000.0,2997900000.0,1872517.1767645222,0.9975308641975309,0.5360324458819238,Medium,0.0,0.0,0.0,0.0,0.0,0.0,1.0,0.0
E08000026,West Midlands,Coventry,FYE 2020,1.0,2020,Coventry,899,559,763300000.0,951100000.0,1701431.1270125224,0.9975308641975309,0.4870568344200837,Medium,0.0,0.0,0.0,0.0,0.0,0.0,1.0,0.0
E08000027,West Midlands,Dudley,FYE 2020,2.0,2020,Dudley,1037,644,659500000.0,851300000.0,1321894.4099378882,0.9975308641975309,0.37840950275339214,Low,0.0,0.0,0.0,0.0,0.0,0.0,1.0,0.0
E06000019,West Midlands,"Herefordshire, County of",FYE 2020,6.0,2020,"Herefordshire, County of",3352,2083,682100000.0,966600000.0,464042.2467594815,0.9975308641975309,0.13283814087773707,Low,0.0,0.0,0.0,0.0,0.0,0.0,1.0,0.0
E08000028,West Midlands,Sandwell,FYE 2020,3.0,2020,Sandwell,907,564,828900000.0,1125400000.0,1995390.070921986,0.9975308641975309,0.5712064132052146,Medium,0.0,0.0,0.0,0.0,0.0,0.0,1.0,0.0
E06000051,West Midlands,Shropshire,FYE 2020,4.0,2020,Shropshire,5214,3240,1193000000.0,1673200000.0,516419.7530864198,0.9975308641975309,0.14783188468634478,Low,0.0,0.0,0.0,0.0,0.0,0.0,1.0,0.0
E08000029,West Midlands,Solihull,FYE 2020,1.0,2020,Solihull,886,551,850400000.0,1154000000.0,2094373.8656987296,0.9975308641975309,0.5995418144903076,Medium,0.0,0.0,0.0,0.0,0.0,0.0,1.0,0.0
E10000028,West Midlands,Staffordshire,FYE 2020,3.0,2020,Staffordshire,6366,3956,3332000000.0,4674600000.0,1181648.1294236602,0.9975308641975309,0.3382621771626172,Low,0.0,0.0,0.0,0.0,0.0,0.0,1.0,0.0
E06000021,West Midlands,Stoke-on-Trent,FYE 2020,6.0,2020,Stoke-on-Trent,882,548,546300000.0,697900000.0,1273540.1459854015,0.9975308641975309,0.3645674645083507,Low,0.0,0.0,0.0,0.0,0.0,0.0,1.0,0.0
E06000020,West Midlands,Telford and Wrekin,FYE 2020,2.0,2020,Telford and Wrekin,1078,670,571700000.0,751200000.0,1121194.0298507463,0.9975308641975309,0.3209564032771937,Low,0.0,0.0,0.0,0.0,0.0,0.0,1.0,0.0
E08000030,West Midlands,Walsall,FYE 2020,2.0,2020,Walsall,877,545,591900000.0,812800000.0,1491376.1467889908,0.9975308641975309,0.42692585873875444,Medium,0.0,0.0,0.0,0.0,0.0,0.0,1.0,0.0
E10000031,West Midlands,Warwickshire,FYE 2020,3.0,2020,Warwickshire,4249,2640,3248500000.0,4545600000.0,1721818.1818181819,0.9975308641975309,0.49289289455742724,Medium,0.0,0.0,0.0,0.0,0.0,0.0,1.0,0.0
E08000031,West Midlands,Wolverhampton,FYE 2020,2.0,2020,Wolverhampton,783,487,479000000.0,606200000.0,1244763.86036961,0.9975308641975309,0.3563298777169269,Low,0.0,0.0,0.0,0.0,0.0,0.0,1.0,0.0
E10000034,West Midlands,Worcestershire,FYE 2020,4.0,2020,Worcestershire,4288,2664,2514100000.0,3416300000.0,1282394.894894895,0.9975308641975309,0.3671022517853504,Low,0.0,0.0,0.0,0.0,0.0,0.0,1.0,0.0
E06000055,East of England,Bedford,FYE 2020,1.0,2020,Bedford,942,585,511900000.0,675500000.0,1154700.8547008547,0.9975308641975309,0.3305481685763376,Low,1.0,0.0,0.0,0.0,0.0,0.0,0.0,0.0
E10000003,East of England,Cambridgeshire,FYE 2020,3.0,2020,Cambridgeshire,4836,3005,2775700000.0,3990700000.0,1328019.9667221298,0.9975308641975309,0.38016302321568196,Low,1.0,0.0,0.0,0.0,0.0,0.0,0.0,0.0
E10000012,East of England,Essex,FYE 2020,3.0,2020,Essex,8314,5166,5528000000.0,7676300000.0,1485927.2164150213,0.9975308641975309,0.42536603140470247,Medium,1.0,0.0,0.0,0.0,0.0,0.0,0.0,0.0
E10000015,East of England,Hertfordshire,FYE 2020,3.0,2020,Hertfordshire,5045,3135,4498100000.0,6073000000.0,1937161.0845295056,0.9975308641975309,0.5545376069670159,Medium,1.0,0.0,0.0,0.0,0.0,0.0,0.0,0.0
E06000032,East of England,Luton,FYE 2020,2.0,2020,Luton,466,290,311500000.0,401100000.0,1383103.448275862,0.9975308641975309,0.39593138769923614,Low,1.0,0.0,0.0,0.0,0.0,0.0,0.0,0.0
E10000020,East of England,Norfolk,FYE 2020,3.0,2020,Norfolk,10010,6220,3176500000.0,4285200000.0,688938.9067524116,0.9975308641975309,0.1972177408208385,Low,1.0,0.0,0.0,0.0,0.0,0.0,0.0,0.0
E06000031,East of England,Peterborough,FYE 2020,1.0,2020,Peterborough,980,609,730500000.0,967800000.0,1589162.5615763548,0.9975308641975309,0.4549184943967432,Medium,1.0,0.0,0.0,0.0,0.0,0.0,0.0,0.0
E06000033,East of England,Southend-on-Sea,FYE 2020,16.0,2020,Southend-on-Sea,457,284,250800000.0,311600000.0,1097183.0985915493,0.9975308641975309,0.3140829612759785,Low,1.0,0.0,0.0,0.0,0.0,0.0,0.0,0.0
E10000029,East of England,Suffolk,FYE 2020,2.0,2020,Suffolk,7002,4351,2355000000.0,3294200000.0,757113.3072856815,0.9975308641975309,0.21673355147285375,Low,1.0,0.0,0.0,0.0,0.0,0.0,0.0,0.0
E06000034,East of England,Thurrock,FYE 2020,4.0,2020,Thurrock,598,372,658500000.0,952800000.0,2561290.3225806453,0.9975308641975309,0.7332027354744302,High,1.0,0.0,0.0,0.0,0.0,0.0,0.0,0.0
E09000002,London,Barking and Dagenham,FYE 2020,19.0,2020,Barking and Dagenham,340,211,258300000.0,347400000.0,1646445.4976303317,0.9975308641975309,0.4713164813959153,Medium,0.0,1.0,0.0,0.0,0.0,0.0,0.0,0.0
E09000004,London,Bexley,FYE 2020,7.0,2020,Bexley,550,342,413900000.0,540000000.0,1578947.3684210526,0.9975308641975309,0.4519942622240621,Medium,0.0,1.0,0.0,0.0,0.0,0.0,0.0,0.0
E09000005,London,Brent,FYE 2020,14.0,2020,Brent,489,304,420900000.0,548900000.0,1805592.105263158,0.9975308641975309,0.5168742719474744,Medium,0.0,1.0,0.0,0.0,0.0,0.0,0.0,0.0
E09000001,London,City of London,FYE 2020,8.0,2020,City of London,55,34,47300000.0,72700000.0,2138235.294117647,0.9975308641975309,0.612097720009899,Medium,0.0,1.0,0.0,0.0,0.0,0.0,0.0,0.0
E09000008,London,Croydon,FYE 2020,8.0,2020,Croydon,777,483,549500000.0,705700000.0,1461076.6045548655,0.9975308641975309,0.4182522198881223,Low,0.0,1.0,0.0,0.0,0.0,0.0,0.0,0.0
E09000010,London,Enfield,FYE 2020,22.0,2020,Enfield,637,396,637500000.0,895700000.0,2261868.6868686867,0.9975308641975309,0.6474893899669827,Medium,0.0,1.0,0.0,0.0,0.0,0.0,0.0,0.0
E09000011,London,Greenwich,FYE 2020,5.0,2020,Greenwich,505,314,478900000.0,639200000.0,2035668.789808917,0.9975308641975309,0.5827367214287461,Medium,0.0,1.0,0.0,0.0,0.0,0.0,0.0,0.0
E09000012,London,Hackney,FYE 2020,35.0,2020,Hackney,271,168,172700000.0,242500000.0,1443452.380952381,0.9975308641975309,0.4132070561899536,Low,0.0,1.0,0.0,0.0,0.0,0.0,0.0,0.0
E09000014,London,Haringey,FYE 2020,17.0,2020,Haringey,356,221,206700000.0,282000000.0,1276018.0995475112,0.9975308641975309,0.36527681101003384,Low,0.0,1.0,0.0,0.0,0.0,0.0,0.0,0.0
E09000018,London,Hounslow,FYE 2020,1.0,2020,Hounslow,502,312,643100000.0,819300000.0,2625961.5384615385,0.9975308641975309,0.7517157138636011,High,0.0,1.0,0.0,0.0,0.0,0.0,0.0,0.0
E09000021,London,Kingston upon Thames,FYE 2020,8.0,2020,Kingston upon Thames,344,214,398200000.0,505400000.0,2361682.2429906544,0.9975308641975309,0.6760623212512117,Medium,0.0,1.0,0.0,0.0,0.0,0.0,0.0,0.0
E09000022,London,Lambeth,FYE 2020,22.0,2020,Lambeth,377,234,272700000.0,389100000.0,1662820.5128205128,0.9975308641975309,0.47600404290545134,Medium,0.0,1.0,0.0,0.0,0.0,0.0,0.0,0.0
E09000025,London,Newham,FYE 2020,27.0,2020,Newham,430,267,375200000.0,499900000.0,1872284.6441947566,0.9975308641975309,0.5359658804032914,Medium,0.0,1.0,0.0,0.0,0.0,0.0,0.0,0.0
E09000028,London,Southwark,FYE 2020,11.0,2020,Southwark,391,243,262000000.0,370200000.0,1523456.7901234569,0.9975308641975309,0.4361093609919901,Medium,0.0,1.0,0.0,0.0,0.0,0.0,0.0,0.0
E09000029,London,Sutton,FYE 2020,9.0,2020,Sutton,433,269,298100000.0,381900000.0,1419702.6022304832,0.9975308641975309,0.4064083725060739,Low,0.0,1.0,0.0,0.0,0.0,0.0,0.0,0.0
E09000031,London,Waltham Forest,FYE 2020,2.0,2020,Waltham Forest,424,263,336500000.0,444300000.0,1689353.6121673004,0.9975308641975309,0.48359948839250505,Medium,0.0,1.0,0.0,0.0,0.0,0.0,0.0,0.0
E06000036,South East,Bracknell Forest,FYE 2020,3.0,2020,Bracknell Forest,480,298,281400000.0,352900000.0,1184228.187919463,0.9975308641975309,0.33900075253227724,Low,0.0,0.0,0.0,0.0,1.0,0.0,0.0,0.0
E06000043,South East,Brighton and Hove,FYE 2020,8.0,2020,Brighton and Hove,621,386,481500000.0,635200000.0,1645595.8549222797,0.9975308641975309,0.47107326009756134,Medium,0.0,0.0,0.0,0.0,1.0,0.0,0.0,0.0
E06000060,South East,Buckinghamshire,FYE 2020,4.0,2020,Buckinghamshire,3330,2069,2450200000.0,3202700000.0,1547945.8675688738,0.9975308641975309,0.44311967857056656,Medium,0.0,0.0,0.0,0.0,1.0,0.0,0.0,0.0
E10000011,South East,East Sussex,FYE 2020,5.0,2020,East Sussex,3419,2124,1676100000.0,2190300000.0,1031214.6892655367,0.9975308641975309,0.29519864435715476,Low,0.0,0.0,0.0,0.0,1.0,0.0,0.0,0.0
E10000014,South East,Hampshire,FYE 2020,4.0,2020,Hampshire,9032,5612,5736100000.0,7599600000.0,1354169.6364932288,0.9975308641975309,0.38764870698955606,Low,0.0,0.0,0.0,0.0,1.0,0.0,0.0,0.0
E06000046,South East,Isle of Wight,FYE 2020,0.0,2020,Isle of Wight,882,548,254400000.0,325300000.0,593613.1386861313,0.9975308641975309,0.1699294973557336,Low,0.0,0.0,0.0,0.0,1.0,0.0,0.0,0.0
E10000016,South East,Kent,FYE 2020,4.0,2020,Kent,9256,5751,5495800000.0,7615800000.0,1324256.6510172144,0.9975308641975309,0.3790857250488276,Low,0.0,0.0,0.0,0.0,1.0,0.0,0.0,0.0
E06000035,South East,Medway,FYE 2020,1.0,2020,Medway,860,534,552000000.0,727800000.0,1362921.3483146068,0.9975308641975309,0.39015399855722693,Low,0.0,0.0,0.0,0.0,1.0,0.0,0.0,0.0
E06000042,South East,Milton Keynes,FYE 2020,1.0,2020,Milton Keynes,1313,816,904700000.0,1196000000.0,1465686.2745098039,0.9975308641975309,0.41957179798936217,Low,0.0,0.0,0.0,0.0,1.0,0.0,0.0,0.0
E10000025,South East,Oxfordshire,FYE 2020,5.0,2020,Oxfordshire,4824,2997,2709900000.0,3670500000.0,1224724.7247247247,0.9975308641975309,0.35059341397369564,Low,0.0,0.0,0.0,0.0,1.0,0.0,0.0,0.0
E06000044,South East,Portsmouth,FYE 2020,2.0,2020,Portsmouth,459,285,460700000.0,589600000.0,2068771.9298245613,0.9975308641975309,0.5922129266829044,Medium,0.0,0.0,0.0,0.0,1.0,0.0,0.0,0.0
E06000038,South East,Reading,FYE 2020,6.0,2020,Reading,397,247,232400000.0,291500000.0,1180161.943319838,0.9975308641975309,0.33783673702131817,Low,0.0,0.0,0.0,0.0,1.0,0.0,0.0,0.0
E06000039,South East,Slough,FYE 2020,3.0,2020,Slough,323,201,279000000.0,361900000.0,1800497.512437811,0.9975308641975309,0.5154158783547054,Medium,0.0,0.0,0.0,0.0,1.0,0.0,0.0,0.0
E06000045,South East,Southampton,FYE 2020,5.0,2020,Southampton,584,363,391800000.0,502300000.0,1383746.556473829,0.9975308641975309,0.3961154858023674,Low,0.0,0.0,0.0,0.0,1.0,0.0,0.0,0.0
E10000030,South East,Surrey,FYE 2020,6.0,2020,Surrey,5537,3441,5095600000.0,6756400000.0,1963498.9828538215,0.9975308641975309,0.5620771736173826,Medium,0.0,0.0,0.0,0.0,1.0,0.0,0.0,0.0
E06000037,South East,West Berkshire,FYE 2020,2.0,2020,West Berkshire,1416,880,956200000.0,1328200000.0,1509318.1818181819,0.9975308641975309,0.4320620000997722,Medium,0.0,0.0,0.0,0.0,1.0,0.0,0.0,0.0
E10000032,South East,West Sussex,FYE 2020,4.0,2020,West Sussex,4332,2692,2709700000.0,3531700000.0,1311924.219910847,0.9975308641975309,0.37555540591923825,Low,0.0,0.0,0.0,0.0,1.0,0.0,0.0,0.0
E06000040,South East,Windsor and Maidenhead,FYE 2020,4.0,2020,Windsor and Maidenhead,685,426,612100000.0,795600000.0,1867605.633802817,0.9975308641975309,0.5346264526982638,Medium,0.0,0.0,0.0,0.0,1.0,0.0,0.0,0.0
E06000041,South East,Wokingham,FYE 2020,4.0,2020,Wokingham,798,496,575300000.0,745200000.0,1502419.3548387096,0.9975308641975309,0.4300871209662668,Medium,0.0,0.0,0.0,0.0,1.0,0.0,0.0,0.0
E06000022,South West,Bath and North East Somerset,FYE 2020,3.0,2020,Bath and North East Somerset,1085,674,480200000.0,616800000.0,915133.5311572701,0.9975308641975309,0.26196889999288964,Low,0.0,0.0,0.0,0.0,0.0,1.0,0.0,0.0
E06000058,South West,"Bournemouth, Christchurch and Poole",FYE 2020,3.0,2020,"Bournemouth, Christchurch and Poole",1269,789,841600000.0,1039800000.0,1317870.7224334602,0.9975308641975309,0.3772576697655689,Low,0.0,0.0,0.0,0.0,0.0,1.0,0.0,0.0
E06000023,South West,"Bristol, City of",FYE 2020,8.0,2020,"Bristol, City of",1165,724,924100000.0,1169300000.0,1615055.2486187846,0.9975308641975309,0.4623306135153462,Medium,0.0,0.0,0.0,0.0,0.0,1.0,0.0,0.0
E06000052,South West,Cornwall,FYE 2020,1.0,2020,Cornwall excluding Isles of Scilly,7457,4634,2051300000.0,2779800000.0,599870.5222270177,0.9975308641975309,0.171720754945177,Low,0.0,0.0,0.0,0.0,0.0,1.0,0.0,0.0
E10000008,South West,Devon,FYE 2020,3.0,2020,Devon,13026,8094,3390600000.0,4592300000.0,567370.8920187793,0.9975308641975309,0.16241731223877623,Low,0.0,0.0,0.0,0.0,0.0,1.0,0.0,0.0
E06000059,South West,Dorset,FYE 2020,1.0,2020,Dorset,4092,2543,1523200000.0,2043000000.0,803381.8324813213,0.9975308641975309,0.2299785198158529,Low,0.0,0.0,0.0,0.0,0.0,1.0,0.0,0.0
E10000013,South West,Gloucestershire,FYE 2020,2.0,2020,Gloucestershire,5631,3499,2536500000.0,3392600000.0,969591.3118033723,0.9975308641975309,0.27755814943703633,Low,0.0,0.0,0.0,0.0,0.0,1.0,0.0,0.0
E06000024,South West,North Somerset,FYE 2020,1.0,2020,North Somerset,1176,731,998300000.0,1290800000.0,1765800.273597811,0.9975308641975309,0.5054833415365967,Medium,0.0,0.0,0.0,0.0,0.0,1.0,0.0,0.0
E06000026,South West,Plymouth,FYE 2020,3.0,2020,Plymouth,837,520,612700000.0,759400000.0,1460384.6153846155,0.9975308641975309,0.41805412896962196,Low,0.0,0.0,0.0,0.0,0.0,1.0,0.0,0.0
E06000066,South West,Somerset,FYE 2020,3.0,2020,Somerset,6820,4238,2724100000.0,3657200000.0,862954.22369042,0.9975308641975309,0.24703189319105676,Low,0.0,0.0,0.0,0.0,0.0,1.0,0.0,0.0
E06000025,South West,South Gloucestershire,FYE 2020,2.0,2020,South Gloucestershire,1606,998,1522600000.0,2074100000.0,2078256.5130260522,0.9975308641975309,0.5949280122344561,Medium,0.0,0.0,0.0,0.0,0.0,1.0,0.0,0.0
E06000030,South West,Swindon,FYE 2020,3.0,2020,Swindon,940,584,789200000.0,1024700000.0,1754623.2876712328,0.9975308641975309,0.5022837836483408,Medium,0.0,0.0,0.0,0.0,0.0,1.0,0.0,0.0
E06000027,South West,Torbay,FYE 2020,2.0,2020,Torbay,531,330,279800000.0,344000000.0,1042424.2424242424,0.9975308641975309,0.29840752504004747,Low,0.0,0.0,0.0,0.0,0.0,1.0,0.0,0.0
E06000054,South West,Wiltshire,FYE 2020,3.0,2020,Wiltshire,4839,3007,2285900000.0,3049700000.0,1014200.1995344197,0.9975308641975309,0.29032802492616916,Low,0.0,0.0,0.0,0.0,0.0,1.0,0.0,0.0
E06000047,North East,County Durham,FYE 2021,4.0,2021,Durham,3753,2332,1815400000.0,2476200000.0,1061835.334476844,0.9980246913580247,0.30396420311985745,Low,0.0,0.0,1.0,0.0,0.0,0.0,0.0,0.0
E06000005,North East,Darlington,FYE 2021,2.0,2021,Darlington,563,350,355600000.0,472700000.0,1350571.4285714286,0.9980246913580247,0.3866186730774256,Low,0.0,0.0,1.0,0.0,0.0,0.0,0.0,0.0
E08000037,North East,Gateshead,FYE 2021,1.0,2021,Gateshead,911,566,761500000.0,997500000.0,1762367.4911660778,0.9980246913580247,0.5045006628269456,Medium,0.0,0.0,1.0,0.0,0.0,0.0,0.0,0.0
E06000001,North East,Hartlepool,FYE 2021,3.0,2021,Hartlepool,414,257,280600000.0,360200000.0,1401556.420233463,0.9980246913580247,0.40121379141492036,Low,0.0,0.0,1.0,0.0,0.0,0.0,0.0,0.0
E06000002,North East,Middlesbrough,FYE 2021,2.0,2021,Middlesbrough,541,336,534600000.0,673000000.0,2002976.1904761905,0.9980246913580247,0.5733780387955438,Medium,0.0,0.0,1.0,0.0,0.0,0.0,0.0,0.0
E08000021,North East,Newcastle upon Tyne,FYE 2021,2.0,2021,Newcastle upon Tyne,996,619,753100000.0,943300000.0,1523909.5315024233,0.9980246913580247,0.4362389641121808,Medium,0.0,0.0,1.0,0.0,0.0,0.0,0.0,0.0
E08000022,North East,North Tyneside,FYE 2021,2.0,2021,North Tyneside,814,506,593300000.0,730300000.0,1443280.6324110671,0.9980246913580247,0.41315789093164806,Low,0.0,0.0,1.0,0.0,0.0,0.0,0.0,0.0
E06000057,North East,Northumberland,FYE 2021,3.0,2021,Northumberland,5136,3191,1360500000.0,1824800000.0,571858.3516139141,0.9980246913580247,0.16370190603178628,Low,0.0,0.0,1.0,0.0,0.0,0.0,0.0,0.0
E06000003,North East,Redcar and Cleveland,FYE 2021,1.0,2021,Redcar and Cleveland,689,428,439300000.0,553400000.0,1292990.6542056075,0.9980246913580247,0.37013542597983823,Low,0.0,0.0,1.0,0.0,0.0,0.0,0.0,0.0
E08000023,North East,South Tyneside,FYE 2021,1.0,2021,South Tyneside,570,354,335700000.0,422500000.0,1193502.824858757,0.9980246913580247,0.34165573823009965,Low,0.0,0.0,1.0,0.0,0.0,0.0,0.0,0.0
E06000004,North East,Stockton-on-Tees,FYE 2021,1.0,2021,Stockton-on-Tees,900,559,635300000.0,821600000.0,1469767.441860465,0.9980246913580247,0.42074008533228974,Low,0.0,0.0,1.0,0.0,0.0,0.0,0.0,0.0
E08000024,North East,Sunderland,FYE 2021,1.0,2021,Sunderland,1175,730,736500000.0,939900000.0,1287534.2465753425,0.9980246913580247,0.3685734581837225,Low,0.0,0.0,1.0,0.0,0.0,0.0,0.0,0.0
E06000008,North West,Blackburn with Darwen,FYE 2021,5.0,2021,Blackburn with Darwen,558,347,314200000.0,396900000.0,1143804.0345821325,0.9980246913580247,0.32742881180190914,Low,0.0,0.0,0.0,1.0,0.0,0.0,0.0,0.0
E06000009,North West,Blackpool,FYE 2021,5.0,2021,Blackpool,458,285,250800000.0,302700000.0,1062105.2631578948,0.9980246913580247,0.3040414737227191,Low,0.0,0.0,0.0,1.0,0.0,0.0,0.0,0.0
E08000001,North West,Bolton,FYE 2021,2.0,2021,Bolton,1001,622,920900000.0,1175500000.0,1889871.382636656,0.9980246913580247,0.5410003134857082,Medium,0.0,0.0,0.0,1.0,0.0,0.0,0.0,0.0
E08000002,North West,Bury,FYE 2021,5.0,2021,Bury,682,424,727300000.0,968300000.0,2283726.4150943398,0.9980246913580247,0.6537464495377066,Medium,0.0,0.0,0.0,1.0,0.0,0.0,0.0,0.0
E06000049,North West,Cheshire East,FYE 2021,5.0,2021,East Cheshire,2930,1821,1880700000.0,2604700000.0,1430367.9297089512,0.9980246913580247,0.40946146149524576,Low,0.0,0.0,0.0,1.0,0.0,0.0,0.0,0.0
E06000050,North West,Cheshire West and Chester,FYE 2021,1.0,2021,West Cheshire,2450,1522,1710800000.0,2265900000.0,1488764.7831800263,0.9980246913580247,0.4261783218724604,Medium,0.0,0.0,0.0,1.0,0.0,0.0,0.0,0.0
E10000006,North West,Cumbria,FYE 2021,4.0,2021,Cumbria,8058,5007,2282600000.0,3266100000.0,652306.7705212702,0.9980246913580247,0.18673131440749732,Low,0.0,0.0,0.0,1.0,0.0,0.0,0.0,0.0
E06000006,North West,Halton,FYE 2021,2.0,2021,Halton,595,370,447500000.0,589300000.0,1592702.7027027027,0.9980246913580247,0.4559319059319059,Medium,0.0,0.0,0.0,1.0,0.0,0.0,0.0,0.0
E08000011,North West,Knowsley,FYE 2021,5.0,2021,Knowsley,602,374,715400000.0,935300000.0,2500802.139037433,0.9980246913580247,0.7158872046083012,High,0.0,0.0,0.0,1.0,0.0,0.0,0.0,0.0
E10000017,North West,Lancashire,FYE 2021,1.0,2021,Lancashire,7089,4405,5011600000.0,6576600000.0,1492985.2440408627,0.9980246913580247,0.42738648379805194,Medium,0.0,0.0,0.0,1.0,0.0,0.0,0.0,0.0
E08000012,North West,Liverpool,FYE 2021,10.0,2021,Liverpool,1439,894,1018000000.0,1258100000.0,1407270.6935123042,0.9980246913580247,0.40284957661363746,Low,0.0,0.0,0.0,1.0,0.0,0.0,0.0,0.0
E08000003,North West,Manchester,FYE 2021,6.0,2021,Manchester,1392,865,1192300000.0,1485700000.0,1717572.25433526,0.9980246913580247,0.4916774424793638,Medium,0.0,0.0,0.0,1.0,0.0,0.0,0.0,0.0
E08000004,North West,Oldham,FYE 2021,2.0,2021,Oldham,829,515,526400000.0,662200000.0,1285825.2427184465,0.9980246913580247,0.36808423355667985,Low,0.0,0.0,0.0,1.0,0.0,0.0,0.0,0.0
E08000005,North West,Rochdale,FYE 2021,3.0,2021,Rochdale,791,492,717700000.0,999600000.0,2031707.3170731708,0.9980246913580247,0.581602698229287,Medium,0.0,0.0,0.0,1.0,0.0,0.0,0.0,0.0
E08000006,North West,Salford,FYE 2021,2.0,2021,Salford,813,505,966900000.0,1306600000.0,2587326.7326732674,0.9980246913580247,0.7406559971892561,High,0.0,0.0,0.0,1.0,0.0,0.0,0.0,0.0
E08000007,North West,Stockport,FYE 2021,6.0,2021,Stockport,1008,626,882800000.0,1110100000.0,1773322.6837060703,0.9980246913580247,0.5076367294677154,Medium,0.0,0.0,0.0,1.0,0.0,0.0,0.0,0.0
E08000008,North West,Tameside,FYE 2021,3.0,2021,Tameside,771,479,539600000.0,695000000.0,1450939.4572025053,0.9980246913580247,0.41535032934368404,Low,0.0,0.0,0.0,1.0,0.0,0.0,0.0,0.0
E08000009,North West,Trafford,FYE 2021,5.0,2021,Trafford,805,500,674700000.0,845700000.0,1691400.0,0.9980246913580247,0.4841852935796598,Medium,0.0,0.0,0.0,1.0,0.0,0.0,0.0,0.0
E06000007,North West,Warrington,FYE 2021,2.0,2021,Warrington,1002,623,1109200000.0,1528200000.0,2452969.5024077045,0.9980246913580247,0.7021944889826335,Medium,0.0,0.0,0.0,1.0,0.0,0.0,0.0,0.0
E08000010,North West,Wigan,FYE 2021,2.0,2021,Wigan,1176,731,858000000.0,1132600000.0,1549384.4049247606,0.9980246913580247,0.4435314786367752,Medium,0.0,0.0,0.0,1.0,0.0,0.0,0.0,0.0
E08000015,North West,Wirral,FYE 2021,4.0,2021,Wirral,1217,756,801400000.0,990800000.0,1310582.0105820105,0.9980246913580247,0.375171181006191,Low,0.0,0.0,0.0,1.0,0.0,0.0,0.0,0.0
E08000016,Yorkshire and the Humber,Barnsley,FYE 2021,2.0,2021,Barnsley,1216,756,816400000.0,1127900000.0,1491931.216931217,0.9980246913580247,0.42708475480105257,Medium,0.0,0.0,0.0,0.0,0.0,0.0,0.0,1.0
E08000032,Yorkshire and the Humber,Bradford,FYE 2021,7.0,2021,Bradford,1948,1210,1097300000.0,1388900000.0,1147851.2396694215,0.9980246913580247,0.32858737700432494,Low,0.0,0.0,0.0,0.0,0.0,0.0,0.0,1.0
E08000033,Yorkshire and the Humber,Calderdale,FYE 2021,4.0,2021,Calderdale,1149,714,627300000.0,859100000.0,1203221.2885154062,0.9980246913580247,0.34443777511004403,Low,0.0,0.0,0.0,0.0,0.0,0.0,0.0,1.0
E08000017,Yorkshire and the Humber,Doncaster,FYE 2021,2.0,2021,Doncaster,1682,1045,1340600000.0,1958700000.0,1874354.066985646,0.9980246913580247,0.5365582796474366,Medium,0.0,0.0,0.0,0.0,0.0,0.0,0.0,1.0
E06000011,Yorkshire and the Humber,East Riding of Yorkshire,FYE 2021,1.0,2021,East Riding of Yorkshire,3486,2166,1505300000.0,2073300000.0,957202.216066482,0.9980246913580247,0.2740116093184643,Low,0.0,0.0,0.0,0.0,0.0,0.0,0.0,1.0
E06000010,Yorkshire and the Humber,"Kingston upon Hull, City of",FYE 2021,2.0,2021,"Kingston upon Hull, City of",775,482,528100000.0,687500000.0,1426348.5477178423,0.9980246913580247,0.4083108610167227,Low,0.0,0.0,0.0,0.0,0.0,0.0,0.0,1.0
E08000034,Yorkshire and the Humber,Kirklees,FYE 2021,2.0,2021,Kirklees,1917,1191,1140500000.0,1552100000.0,1303190.5961376994,0.9980246913580247,0.37305529229111023,Low,0.0,0.0,0.0,0.0,0.0,0.0,0.0,1.0
E08000035,Yorkshire and the Humber,Leeds,FYE 2021,2.0,2021,Leeds,3064,1904,2840200000.0,3783900000.0,1987342.43697479,0.9980246913580247,0.5689026731050935,Medium,0.0,0.0,0.0,0.0,0.0,0.0,0.0,1.0
E06000012,Yorkshire and the Humber,North East Lincolnshire,FYE 2021,3.0,2021,North East Lincolnshire,660,410,429800000.0,558700000.0,1362682.9268292682,0.9980246913580247,0.3900857472997631,Low,0.0,0.0,0.0,0.0,0.0,0.0,0.0,1.0
E06000013,Yorkshire and the Humber,North Lincolnshire,FYE 2021,3.0,2021,North Lincolnshire,1420,882,682700000.0,1037600000.0,1176417.2335600907,0.9980246913580247,0.3367647650487547,Low,0.0,0.0,0.0,0.0,0.0,0.0,0.0,1.0
E06000065,Yorkshire and the Humber,North Yorkshire,FYE 2021,3.0,2021,North Yorkshire,9204,5719,3507300000.0,4950000000.0,865535.9328553943,0.9980246913580247,0.24777094108627987,Low,0.0,0.0,0.0,0.0,0.0,0.0,0.0,1.0
E08000018,Yorkshire and the Humber,Rotherham,FYE 2021,2.0,2021,Rotherham,1227,762,1008100000.0,1411900000.0,1852887.1391076115,0.9980246913580247,0.5304130917694186,Medium,0.0,0.0,0.0,0.0,0.0,0.0,0.0,1.0
E08000019,Yorkshire and the Humber,Sheffield,FYE 2021,1.0,2021,Sheffield,1967,1222,1201800000.0,1566100000.0,1281587.5613747954,0.9980246913580247,0.3668711420434525,Low,0.0,0.0,0.0,0.0,0.0,0.0,0.0,1.0
E08000036,Yorkshire and the Humber,Wakefield,FYE 2021,2.0,2021,Wakefield,1591,989,1229900000.0,1701800000.0,1720728.0080889787,0.9980246913580247,0.49258081811948995,Medium,0.0,0.0,0.0,0.0,0.0,0.0,0.0,1.0
E06000015,East Midlands,Derby,FYE 2021,12.0,2021,Derby,779,484,863500000.0,1048000000.0,2165289.256198347,0.9980246913580247,0.6198422692428047,Medium,0.0,0.0,0.0,0.0,0.0,0.0,0.0,0.0
E10000007,East Midlands,Derbyshire,FYE 2021,17.0,2021,Derbyshire,5657,3515,3535500000.0,4795700000.0,1364352.773826458,0.9980246913580247,0.3905637627653936,Low,0.0,0.0,0.0,0.0,0.0,0.0,0.0,0.0
E06000016,East Midlands,Leicester,FYE 2021,6.0,2021,Leicester,833,518,716700000.0,875800000.0,1690733.5907335908,0.9980246913580247,0.48399452524201014,Medium,0.0,0.0,0.0,0.0,0.0,0.0,0.0,0.0
E10000018,East Midlands,Leicestershire,FYE 2021,2.0,2021,Leicestershire,4689,2914,3282100000.0,4604800000.0,1580233.3562113934,0.9980246913580247,0.45236239298899406,Medium,0.0,0.0,0.0,0.0,0.0,0.0,0.0,0.0
E10000019,East Midlands,Lincolnshire,FYE 2021,2.0,2021,Lincolnshire,8994,5589,2788200000.0,3867700000.0,692020.0393630345,0.9980246913580247,0.19809975518623543,Low,0.0,0.0,0.0,0.0,0.0,0.0,0.0,0.0
E06000018,East Midlands,Nottingham,FYE 2021,8.0,2021,Nottingham,812,505,746500000.0,944100000.0,1869504.9504950496,0.9980246913580247,0.5351701568547197,Medium,0.0,0.0,0.0,0.0,0.0,0.0,0.0,0.0
E10000024,East Midlands,Nottinghamshire,FYE 2021,2.0,2021,Nottinghamshire,4872,3027,3260900000.0,4451100000.0,1470465.807730426,0.9980246913580247,0.42094000166418816,Low,0.0,0.0,0.0,0.0,0.0,0.0,0.0,0.0
E06000017,East Midlands,Rutland,FYE 2021,1.0,2021,Rutland,558,347,267600000.0,382500000.0,1102305.4755043227,0.9980246913580247,0.31554930842587614,Low,0.0,0.0,0.0,0.0,0.0,0.0,0.0,0.0
E08000025,West Midlands,Birmingham,FYE 2021,5.0,2021,Birmingham,2577,1601,2547700000.0,3215600000.0,2008494.6908182385,0.9980246913580247,0.5749577814396457,Medium,0.0,0.0,0.0,0.0,0.0,0.0,1.0,0.0
E08000026,West Midlands,Coventry,FYE 2021,1.0,2021,Coventry,904,562,853800000.0,1068600000.0,1901423.487544484,0.9980246913580247,0.5443072540711756,Medium,0.0,0.0,0.0,0.0,0.0,0.0,1.0,0.0
E08000027,West Midlands,Dudley,FYE 2021,2.0,2021,Dudley,1037,644,726600000.0,934700000.0,1451397.5155279504,0.9980246913580247,0.4154814545090986,Low,0.0,0.0,0.0,0.0,0.0,0.0,1.0,0.0
E06000019,West Midlands,"Herefordshire, County of",FYE 2021,5.0,2021,"Herefordshire, County of",3353,2083,765600000.0,1088200000.0,522419.5871339414,0.9980246913580247,0.14954941537673647,Low,0.0,0.0,0.0,0.0,0.0,0.0,1.0,0.0
E08000028,West Midlands,Sandwell,FYE 2021,3.0,2021,Sandwell,909,565,902200000.0,1216600000.0,2153274.336283186,0.9980246913580247,0.6164028418297395,Medium,0.0,0.0,0.0,0.0,0.0,0.0,1.0,0.0
E06000051,West Midlands,Shropshire,FYE 2021,9.0,2021,Shropshire,5219,3243,1352400000.0,1899800000.0,585815.6028368794,0.9980246913580247,0.167697351095613,Low,0.0,0.0,0.0,0.0,0.0,0.0,1.0,0.0
E08000029,West Midlands,Solihull,FYE 2021,4.0,2021,Solihull,887,551,976900000.0,1286300000.0,2334482.7586206896,0.9980246913580247,0.6682761143664495,Medium,0.0,0.0,0.0,0.0,0.0,0.0,1.0,0.0
E10000028,West Midlands,Staffordshire,FYE 2021,3.0,2021,Staffordshire,6376,3962,3777400000.0,5310700000.0,1340408.8844018173,0.9980246913580247,0.3837095123630591,Low,0.0,0.0,0.0,0.0,0.0,0.0,1.0,0.0
E06000021,West Midlands,Stoke-on-Trent,FYE 2021,7.0,2021,Stoke-on-Trent,883,549,601400000.0,768600000.0,1400000.0,0.9980246913580247,0.4007682458386684,Low,0.0,0.0,0.0,0.0,0.0,0.0,1.0,0.0
E06000020,West Midlands,Telford and Wrekin,FYE 2021,7.0,2021,Telford and Wrekin,1083,673,640400000.0,840100000.0,1248291.2332838038,0.9980246913580247,0.35733963418495573,Low,0.0,0.0,0.0,0.0,0.0,0.0,1.0,0.0
E08000030,West Midlands,Walsall,FYE 2021,2.0,2021,Walsall,878,546,665700000.0,913500000.0,1673076.923076923,0.9980246913580247,0.47894007401049654,Medium,0.0,0.0,0.0,0.0,0.0,0.0,1.0,0.0
E10000031,West Midlands,Warwickshire,FYE 2021,4.0,2021,Warwickshire,4262,2648,3711200000.0,5195300000.0,1961971.2990936555,0.9980246913580247,0.561639854231127,Medium,0.0,0.0,0.0,0.0,0.0,0.0,1.0,0.0
E08000031,West Midlands,Wolverhampton,FYE 2021,3.0,2021,Wolverhampton,786,488,522300000.0,660500000.0,1353483.6065573771,0.9980246913580247,0.38745232197956747,Low,0.0,0.0,0.0,0.0,0.0,0.0,1.0,0.0
E10000034,West Midlands,Worcestershire,FYE 2021,5.0,2021,Worcestershire,4299,2671,2869100000.0,3902600000.0,1461100.7113440658,0.9980246913580247,0.4182591207707084,Low,0.0,0.0,0.0,0.0,0.0,0.0,1.0,0.0
E06000055,East of England,Bedford,FYE 2021,1.0,2021,Bedford,946,588,579000000.0,764100000.0,1299489.7959183673,0.9980246913580247,0.3719958899967523,Low,1.0,0.0,0.0,0.0,0.0,0.0,0.0,0.0
E10000003,East of England,Cambridgeshire,FYE 2021,3.0,2021,Cambridgeshire,4848,3012,3098600000.0,4456900000.0,1479714.4754316069,0.9980246913580247,0.4235875533291503,Medium,1.0,0.0,0.0,0.0,0.0,0.0,0.0,0.0
E10000012,East of England,Essex,FYE 2021,3.0,2021,Essex,8331,5177,6186200000.0,8512600000.0,1644311.377245509,0.9980246913580247,0.4707055616223197,Medium,1.0,0.0,0.0,0.0,0.0,0.0,0.0,0.0
E10000015,East of England,Hertfordshire,FYE 2021,3.0,2021,Hertfordshire,5053,3140,4930400000.0,6618200000.0,2107707.006369427,0.9980246913580247,0.6033585997746759,Medium,1.0,0.0,0.0,0.0,0.0,0.0,0.0,0.0
E06000032,East of England,Luton,FYE 2021,3.0,2021,Luton,467,290,347000000.0,442700000.0,1526551.7241379311,0.9980246913580247,0.4369953261891096,Medium,1.0,0.0,0.0,0.0,0.0,0.0,0.0,0.0
E10000020,East of England,Norfolk,FYE 2021,4.0,2021,Norfolk,10016,6224,3619500000.0,4869200000.0,782326.4781491002,0.9980246913580247,0.22395115022925585,Low,1.0,0.0,0.0,0.0,0.0,0.0,0.0,0.0
E06000031,East of England,Peterborough,FYE 2021,1.0,2021,Peterborough,981,610,816100000.0,1079300000.0,1769344.262295082,0.9980246913580247,0.5064978544890806,Medium,1.0,0.0,0.0,0.0,0.0,0.0,0.0,0.0
E06000033,East of England,Southend-on-Sea,FYE 2021,17.0,2021,Southend-on-Sea,457,284,283100000.0,348800000.0,1228169.014084507,0.9980246913580247,0.3515793866914676,Low,1.0,0.0,0.0,0.0,0.0,0.0,0.0,0.0
E10000029,East of England,Suffolk,FYE 2021,2.0,2021,Suffolk,7008,4355,2676200000.0,3728900000.0,856234.2135476464,0.9980246913580247,0.24510820270753003,Low,1.0,0.0,0.0,0.0,0.0,0.0,0.0,0.0
E06000034,East of England,Thurrock,FYE 2021,4.0,2021,Thurrock,600,373,692800000.0,999900000.0,2680697.0509383376,0.9980246913580247,0.7673844676638921,High,1.0,0.0,0.0,0.0,0.0,0.0,0.0,0.0
E09000004,London,Bexley,FYE 2021,8.0,2021,Bexley,551,342,465500000.0,599200000.0,1752046.783625731,0.9980246913580247,0.5015462257864037,Medium,0.0,1.0,0.0,0.0,0.0,0.0,0.0,0.0
E09000001,London,City of London,FYE 2021,8.0,2021,City of London,55,34,52300000.0,79600000.0,2341176.470588235,0.9980246913580247,0.6701922766545798,Medium,0.0,1.0,0.0,0.0,0.0,0.0,0.0,0.0
E09000008,London,Croydon,FYE 2021,8.0,2021,Croydon,777,483,628600000.0,798800000.0,1653830.2277432713,0.9980246913580247,0.4734304566340259,Medium,0.0,1.0,0.0,0.0,0.0,0.0,0.0,0.0
E09000010,London,Enfield,FYE 2021,22.0,2021,Enfield,636,395,741800000.0,996100000.0,2521772.1518987343,0.9980246913580247,0.7218901440866141,High,0.0,1.0,0.0,0.0,0.0,0.0,0.0,0.0
E09000011,London,Greenwich,FYE 2021,8.0,2021,Greenwich,505,314,538200000.0,711100000.0,2264649.6815286623,0.9980246913580247,0.6482854859323864,Medium,0.0,1.0,0.0,0.0,0.0,0.0,0.0,0.0
E09000015,London,Harrow,FYE 2021,3.0,2021,Harrow,474,295,306300000.0,375400000.0,1272542.372881356,0.9980246913580247,0.36428183895359834,Low,0.0,1.0,0.0,0.0,0.0,0.0,0.0,0.0
E09000018,London,Hounslow,FYE 2021,3.0,2021,Hounslow,502,312,733000000.0,928000000.0,2974358.9743589745,0.9980246913580247,0.851449020463105,High,0.0,1.0,0.0,0.0,0.0,0.0,0.0,0.0
E09000024,London,Merton,FYE 2021,7.0,2021,Merton,378,235,295700000.0,383600000.0,1632340.425531915,0.9980246913580247,0.4672787206799793,Medium,0.0,1.0,0.0,0.0,0.0,0.0,0.0,0.0
E09000028,London,Southwark,FYE 2021,11.0,2021,Southwark,391,243,299900000.0,417600000.0,1718518.5185185184,0.9980246913580247,0.4919483229342384,Medium,0.0,1.0,0.0,0.0,0.0,0.0,0.0,0.0
E09000030,London,Tower Hamlets,FYE 2021,3.0,2021,Tower Hamlets,286,178,356300000.0,499500000.0,2806179.775280899,0.9980246913580247,0.8033055328909103,High,0.0,1.0,0.0,0.0,0.0,0.0,0.0,0.0
E09000031,London,Waltham Forest,FYE 2021,2.0,2021,Waltham Forest,424,263,365500000.0,477900000.0,1817110.2661596958,0.9980246913580247,0.5201714956173265,Medium,0.0,1.0,0.0,0.0,0.0,0.0,0.0,0.0
E06000036,South East,Bracknell Forest,FYE 2021,3.0,2021,Bracknell Forest,481,299,308100000.0,386100000.0,1291304.347826087,0.9980246913580247,0.36965269880150464,Low,0.0,0.0,0.0,0.0,1.0,0.0,0.0,0.0
E06000043,South East,Brighton and Hove,FYE 2021,6.0,2021,Brighton and Hove,622,386,533400000.0,695600000.0,1802072.5388601036,0.9980246913580247,0.5158667501949995,Medium,0.0,0.0,0.0,0.0,1.0,0.0,0.0,0.0
E06000060,South East,Buckinghamshire,FYE 2021,5.0,2021,Buckinghamshire,3344,2078,2682400000.0,3532700000.0,1700048.1231953802,0.9980246913580247,0.4866609315530949,Medium,0.0,0.0,0.0,0.0,1.0,0.0,0.0,0.0
E10000011,South East,East Sussex,FYE 2021,4.0,2021,East Sussex,3424,2128,1823900000.0,2384700000.0,1120629.6992481202,0.9980246913580247,0.3207948562874169,Low,0.0,0.0,0.0,0.0,1.0,0.0,0.0,0.0
E10000014,South East,Hampshire,FYE 2021,5.0,2021,Hampshire,9058,5628,6460300000.0,8496900000.0,1509754.7974413645,0.9980246913580247,0.432186987012207,Medium,0.0,0.0,0.0,0.0,1.0,0.0,0.0,0.0
E06000046,South East,Isle of Wight,FYE 2021,1.0,2021,Isle of Wight,883,549,280400000.0,358300000.0,652641.1657559199,0.9980246913580247,0.18682703940150258,Low,0.0,0.0,0.0,0.0,1.0,0.0,0.0,0.0
E10000016,South East,Kent,FYE 2021,5.0,2021,Kent,9284,5769,6067600000.0,8385000000.0,1453458.1383255331,0.9980246913580247,0.4160713346404718,Low,0.0,0.0,0.0,0.0,1.0,0.0,0.0,0.0
E06000035,South East,Medway,FYE 2021,2.0,2021,Medway,863,536,597800000.0,781600000.0,1458208.9552238807,0.9980246913580247,0.4174313178937943,Low,0.0,0.0,0.0,0.0,1.0,0.0,0.0,0.0
E06000042,South East,Milton Keynes,FYE 2021,1.0,2021,Milton Keynes,1324,823,1001000000.0,1324200000.0,1608991.4945321993,0.9980246913580247,0.4605947848807192,Medium,0.0,0.0,0.0,0.0,1.0,0.0,0.0,0.0
E10000025,South East,Oxfordshire,FYE 2021,4.0,2021,Oxfordshire,4842,3009,3085200000.0,4164600000.0,1384047.856430708,0.9980246913580247,0.39620173684178855,Low,0.0,0.0,0.0,0.0,1.0,0.0,0.0,0.0
E06000044,South East,Portsmouth,FYE 2021,3.0,2021,Portsmouth,459,285,525700000.0,671000000.0,2354385.964912281,0.9980246913580247,0.6739736665607682,Medium,0.0,0.0,0.0,0.0,1.0,0.0,0.0,0.0
E06000038,South East,Reading,FYE 2021,5.0,2021,Reading,398,247,250200000.0,312600000.0,1265587.044534413,0.9980246913580247,0.36229078556728667,Low,0.0,0.0,0.0,0.0,1.0,0.0,0.0,0.0
E06000039,South East,Slough,FYE 2021,2.0,2021,Slough,323,201,298600000.0,388600000.0,1933333.3333333333,0.9980246913580247,0.5534418633010182,Medium,0.0,0.0,0.0,0.0,1.0,0.0,0.0,0.0
E06000045,South East,Southampton,FYE 2021,4.0,2021,Southampton,585,364,425900000.0,543200000.0,1492307.6923076923,0.9980246913580247,0.4271925257840751,Medium,0.0,0.0,0.0,0.0,1.0,0.0,0.0,0.0
E10000030,South East,Surrey,FYE 2021,7.0,2021,Surrey,5543,3444,5576600000.0,7403400000.0,2149651.567944251,0.9980246913580247,0.6153657771781147,Medium,0.0,0.0,0.0,0.0,1.0,0.0,0.0,0.0
E06000037,South East,West Berkshire,FYE 2021,3.0,2021,West Berkshire,1415,879,1085200000.0,1501900000.0,1708646.188850967,0.9980246913580247,0.4891222399033772,Medium,0.0,0.0,0.0,0.0,1.0,0.0,0.0,0.0
E10000032,South East,West Sussex,FYE 2021,5.0,2021,West Sussex,4343,2699,2996400000.0,3897800000.0,1444164.50537236,0.9980246913580247,0.4134109110861064,Low,0.0,0.0,0.0,0.0,1.0,0.0,0.0,0.0
E06000040,South East,Windsor and Maidenhead,FYE 2021,4.0,2021,Windsor and Maidenhead,684,425,684600000.0,890600000.0,2095529.4117647058,0.9980246913580247,0.599872604611627,Medium,0.0,0.0,0.0,0.0,1.0,0.0,0.0,0.0
E06000041,South East,Wokingham,FYE 2021,3.0,2021,Wokingham,804,500,601700000.0,786600000.0,1573200.0,0.9980246913580247,0.4503490031095665,Medium,0.0,0.0,0.0,0.0,1.0,0.0,0.0,0.0
E06000022,South West,Bath and North East Somerset,FYE 2021,4.0,2021,Bath and North East Somerset,1085,674,532000000.0,679500000.0,1008160.237388724,0.9980246913580247,0.288599007044696,Low,0.0,0.0,0.0,0.0,0.0,1.0,0.0,0.0
E06000058,South West,"Bournemouth, Christchurch and Poole",FYE 2021,3.0,2021,"Bournemouth, Christchurch and Poole",1270,789,938300000.0,1161500000.0,1472116.6032953106,0.9980246913580247,0.42141256340902894,Low,0.0,0.0,0.0,0.0,0.0,1.0,0.0,0.0
E06000023,South West,"Bristol, City of",FYE 2021,9.0,2021,"Bristol, City of",1166,725,1033100000.0,1305700000.0,1800965.5172413792,0.9980246913580247,0.5155498508291125,Medium,0.0,0.0,0.0,0.0,0.0,1.0,0.0,0.0
E06000052,South West,Cornwall,FYE 2021,1.0,2021,Cornwall excluding Isles of Scilly,7460,4635,2346600000.0,3172500000.0,684466.0194174757,0.9980246913580247,0.1959373185272269,Low,0.0,0.0,0.0,0.0,0.0,1.0,0.0,0.0
E10000008,South West,Devon,FYE 2021,3.0,2021,Devon,13039,8102,4014000000.0,5357300000.0,661231.7946186127,0.9980246913580247,0.18928621887289718,Low,0.0,0.0,0.0,0.0,0.0,1.0,0.0,0.0
E06000059,South West,Dorset,FYE 2021,2.0,2021,Dorset,4096,2545,1748200000.0,2323300000.0,912888.0157170923,0.9980246913580247,0.26132609193291556,Low,0.0,0.0,0.0,0.0,0.0,1.0,0.0,0.0
E10000013,South West,Gloucestershire,FYE 2021,2.0,2021,Gloucestershire,5634,3501,2919800000.0,3885300000.0,1109768.6375321336,0.9980246913580247,0.31768573582180154,Low,0.0,0.0,0.0,0.0,0.0,1.0,0.0,0.0
E06000024,South West,North Somerset,FYE 2021,1.0,2021,North Somerset,1180,733,1127600000.0,1457500000.0,1988403.8199181447,0.9980246913580247,0.5692065078053588,Medium,0.0,0.0,0.0,0.0,0.0,1.0,0.0,0.0
E06000026,South West,Plymouth,FYE 2021,2.0,2021,Plymouth,840,522,689300000.0,854200000.0,1636398.4674329502,0.9980246913580247,0.46844038806156335,Medium,0.0,0.0,0.0,0.0,0.0,1.0,0.0,0.0
E06000066,South West,Somerset,FYE 2021,2.0,2021,Somerset,6832,4245,3083000000.0,4128100000.0,972461.7196702003,0.9980246913580247,0.27837984109820074,Low,0.0,0.0,0.0,0.0,0.0,1.0,0.0,0.0
E06000025,South West,South Gloucestershire,FYE 2021,3.0,2021,South Gloucestershire,1611,1001,1740300000.0,2381900000.0,2379520.4795204797,0.9980246913580247,0.6811687489390069,Medium,0.0,0.0,0.0,0.0,0.0,1.0,0.0,0.0
E06000030,South West,Swindon,FYE 2021,2.0,2021,Swindon,942,585,865400000.0,1122500000.0,1918803.4188034188,0.9980246913580247,0.5492824859022042,Medium,0.0,0.0,0.0,0.0,0.0,1.0,0.0,0.0
E06000027,South West,Torbay,FYE 2021,3.0,2021,Torbay,530,329,311200000.0,381700000.0,1160182.3708206688,0.9980246913580247,0.3321173240048192,Low,0.0,0.0,0.0,0.0,0.0,1.0,0.0,0.0
E06000054,South West,Wiltshire,FYE 2021,2.0,2021,Wiltshire,4846,3011,2564000000.0,3397100000.0,1128229.8239787447,0.9980246913580247,0.3229704910420222,Low,0.0,0.0,0.0,0.0,0.0,1.0,0.0,0.0
E06000047,North East,County Durham,FYE 2022,4.0,2022,Durham,3842,2387,2010300000.0,2700900000.0,1131503.9798910767,0.9985185185185185,0.3239077608431562,Low,0.0,0.0,1.0,0.0,0.0,0.0,0.0,0.0
E06000005,North East,Darlington,FYE 2022,1.0,2022,Darlington,556,345,397400000.0,514200000.0,1490434.7826086956,0.9985185185185185,0.42665638097358854,Medium,0.0,0.0,1.0,0.0,0.0,0.0,0.0,0.0
E08000037,North East,Gateshead,FYE 2022,1.0,2022,Gateshead,912,567,832600000.0,1068600000.0,1884656.0846560847,0.9985185185185185,0.5395073664691371,Medium,0.0,0.0,1.0,0.0,0.0,0.0,0.0,0.0
E06000001,North East,Hartlepool,FYE 2022,4.0,2022,Hartlepool,409,254,310400000.0,396700000.0,1561811.0236220472,0.9985185185185185,0.4470887601917878,Medium,0.0,0.0,1.0,0.0,0.0,0.0,0.0,0.0
E06000002,North East,Middlesbrough,FYE 2022,1.0,2022,Middlesbrough,565,351,635300000.0,787600000.0,2243874.643874644,0.9985185185185185,0.6423383606482198,Medium,0.0,0.0,1.0,0.0,0.0,0.0,0.0,0.0
E08000022,North East,North Tyneside,FYE 2022,3.0,2022,North Tyneside,816,507,664800000.0,812000000.0,1601577.909270217,0.9985185185185185,0.45847254948013344,Medium,0.0,0.0,1.0,0.0,0.0,0.0,0.0,0.0
E06000057,North East,Northumberland,FYE 2022,3.0,2022,Northumberland,4990,3101,1495300000.0,1977000000.0,637536.2786198001,0.9985185185185185,0.18250306860069274,Low,0.0,0.0,1.0,0.0,0.0,0.0,0.0,0.0
E06000003,North East,Redcar and Cleveland,FYE 2022,0.0,2022,Redcar and Cleveland,658,409,457900000.0,573200000.0,1401466.9926650366,0.9985185185185185,0.40118819160797187,Low,0.0,0.0,1.0,0.0,0.0,0.0,0.0,0.0
E08000023,North East,South Tyneside,FYE 2022,2.0,2022,South Tyneside,572,355,397300000.0,497200000.0,1400563.38028169,0.9985185185185185,0.400929520786692,Low,0.0,0.0,1.0,0.0,0.0,0.0,0.0,0.0
E06000004,North East,Stockton-on-Tees,FYE 2022,1.0,2022,Stockton-on-Tees,858,533,679500000.0,866600000.0,1625891.181988743,0.9985185185185185,0.46543254066441975,Medium,0.0,0.0,1.0,0.0,0.0,0.0,0.0,0.0
E08000024,North East,Sunderland,FYE 2022,1.0,2022,Sunderland,1182,734,838000000.0,1055600000.0,1438147.1389645776,0.9985185185185185,0.41168836152909527,Low,0.0,0.0,1.0,0.0,0.0,0.0,0.0,0.0
E06000008,North West,Blackburn with Darwen,FYE 2022,5.0,2022,Blackburn with Darwen,527,327,332000000.0,418400000.0,1279510.7033639143,0.9985185185185185,0.3662766143706833,Low,0.0,0.0,0.0,1.0,0.0,0.0,0.0,0.0
E06000009,North West,Blackpool,FYE 2022,6.0,2022,Blackpool,447,278,264300000.0,316700000.0,1139208.6330935252,0.9985185185185185,0.32611331823511375,Low,0.0,0.0,0.0,1.0,0.0,0.0,0.0,0.0
E08000001,North West,Bolton,FYE 2022,2.0,2022,Bolton,999,621,1004800000.0,1267400000.0,2040901.7713365539,0.9985185185185185,0.5842347305911298,Medium,0.0,0.0,0.0,1.0,0.0,0.0,0.0,0.0
E08000002,North West,Bury,FYE 2022,4.0,2022,Bury,601,373,761900000.0,1001200000.0,2684182.305630027,0.9985185185185185,0.7683821672418131,High,0.0,0.0,0.0,1.0,0.0,0.0,0.0,0.0
E06000049,North West,Cheshire East,FYE 2022,3.0,2022,East Cheshire,2742,1704,2131600000.0,2893900000.0,1698298.1220657276,0.9985185185185185,0.4861599709224188,Medium,0.0,0.0,0.0,1.0,0.0,0.0,0.0,0.0
E06000050,North West,Cheshire West and Chester,FYE 2022,1.0,2022,West Cheshire,2299,1429,1872600000.0,2457700000.0,1719874.0377886633,0.9985185185185185,0.49233635799145015,Medium,0.0,0.0,0.0,1.0,0.0,0.0,0.0,0.0
E10000006,North West,Cumbria,FYE 2022,3.0,2022,Cumbria,7962,4947,2542700000.0,3588600000.0,725409.3389933293,0.9985185185185185,0.2076578773595318,Low,0.0,0.0,0.0,1.0,0.0,0.0,0.0,0.0
E06000006,North West,Halton,FYE 2022,1.0,2022,Halton,598,372,495900000.0,639000000.0,1717741.935483871,0.9985185185185185,0.49172601591956433,Medium,0.0,0.0,0.0,1.0,0.0,0.0,0.0,0.0
E08000011,North West,Knowsley,FYE 2022,4.0,2022,Knowsley,598,372,790500000.0,1020000000.0,2741935.4838709678,0.9985185185185185,0.7849147671955486,High,0.0,0.0,0.0,1.0,0.0,0.0,0.0,0.0
E10000017,North West,Lancashire,FYE 2022,2.0,2022,Lancashire,7071,4394,5403300000.0,7055000000.0,1605598.543468366,0.9985185185185185,0.4596235084192414,Medium,0.0,0.0,0.0,1.0,0.0,0.0,0.0,0.0
E08000012,North West,Liverpool,FYE 2022,10.0,2022,Liverpool,1429,888,1070300000.0,1313800000.0,1479504.5045045046,0.9985185185185185,0.42352744641477036,Medium,0.0,0.0,0.0,1.0,0.0,0.0,0.0,0.0
E08000003,North West,Manchester,FYE 2022,5.0,2022,Manchester,1406,874,1320400000.0,1618800000.0,1852173.9130434783,0.9985185185185185,0.5302089215132694,Medium,0.0,0.0,0.0,1.0,0.0,0.0,0.0,0.0
E08000004,North West,Oldham,FYE 2022,1.0,2022,Oldham,831,516,566700000.0,706700000.0,1369573.6434108526,0.9985185185185185,0.39205830472617237,Low,0.0,0.0,0.0,1.0,0.0,0.0,0.0,0.0
E08000005,North West,Rochdale,FYE 2022,4.0,2022,Rochdale,787,489,787200000.0,1074000000.0,2196319.018404908,0.9985185185185185,0.628724943077315,Medium,0.0,0.0,0.0,1.0,0.0,0.0,0.0,0.0
E08000006,North West,Salford,FYE 2022,5.0,2022,Salford,815,506,1039200000.0,1392100000.0,2751185.7707509883,0.9985185185185185,0.787562782371556,High,0.0,0.0,0.0,1.0,0.0,0.0,0.0,0.0
E08000014,North West,Sefton,FYE 2022,3.0,2022,Sefton,996,619,563200000.0,706600000.0,1141518.578352181,0.9985185185185185,0.32677457017032435,Low,0.0,0.0,0.0,1.0,0.0,0.0,0.0,0.0
E08000013,North West,St. Helens,FYE 2022,5.0,2022,St. Helens,744,462,619500000.0,826700000.0,1789393.9393939395,0.9985185185185185,0.5122373358608954,Medium,0.0,0.0,0.0,1.0,0.0,0.0,0.0,0.0
E08000007,North West,Stockport,FYE 2022,6.0,2022,Stockport,986,613,947800000.0,1179400000.0,1923980.4241435563,0.9985185185185185,0.550764471151393,Medium,0.0,0.0,0.0,1.0,0.0,0.0,0.0,0.0
E08000008,North West,Tameside,FYE 2022,4.0,2022,Tameside,768,477,589600000.0,746200000.0,1564360.5870020965,0.9985185185185185,0.4478186059371284,Medium,0.0,0.0,0.0,1.0,0.0,0.0,0.0,0.0
E08000009,North West,Trafford,FYE 2022,3.0,2022,Trafford,822,511,760000000.0,939400000.0,1838356.1643835616,0.9985185185185185,0.5262534108762161,Medium,0.0,0.0,0.0,1.0,0.0,0.0,0.0,0.0
E06000007,North West,Warrington,FYE 2022,1.0,2022,Warrington,1005,624,1262600000.0,1698600000.0,2722115.3846153845,0.9985185185185185,0.7792410054733998,High,0.0,0.0,0.0,1.0,0.0,0.0,0.0,0.0
E08000010,North West,Wigan,FYE 2022,2.0,2022,Wigan,1172,728,930800000.0,1213300000.0,1666620.879120879,0.9985185185185185,0.4770919472881243,Medium,0.0,0.0,0.0,1.0,0.0,0.0,0.0,0.0
E08000015,North West,Wirral,FYE 2022,4.0,2022,Wirral,1216,756,855000000.0,1049400000.0,1388095.238095238,0.9985185185185185,0.3973603525917409,Low,0.0,0.0,0.0,1.0,0.0,0.0,0.0,0.0
E08000032,Yorkshire and the Humber,Bradford,FYE 2022,7.0,2022,Bradford,1820,1131,1161500000.0,1447900000.0,1280194.5181255527,0.9985185185185185,0.3664723652581836,Low,0.0,0.0,0.0,0.0,0.0,0.0,0.0,1.0
E08000033,Yorkshire and the Humber,Calderdale,FYE 2022,3.0,2022,Calderdale,1150,715,680000000.0,922000000.0,1289510.4895104894,0.9985185185185185,0.3691391834797724,Low,0.0,0.0,0.0,0.0,0.0,0.0,0.0,1.0
E08000017,Yorkshire and the Humber,Doncaster,FYE 2022,2.0,2022,Doncaster,1684,1046,1497600000.0,2111800000.0,2018929.2543021033,0.9985185185185185,0.5779448112278748,Medium,0.0,0.0,0.0,0.0,0.0,0.0,0.0,1.0
E06000011,Yorkshire and the Humber,East Riding of Yorkshire,FYE 2022,1.0,2022,East Riding of Yorkshire,3482,2164,1651300000.0,2251400000.0,1040388.1700554529,0.9985185185185185,0.29782467278887576,Low,0.0,0.0,0.0,0.0,0.0,0.0,0.0,1.0
E06000010,Yorkshire and the Humber,"Kingston upon Hull, City of",FYE 2022,2.0,2022,"Kingston upon Hull, City of",758,471,570100000.0,731000000.0,1552016.9851380042,0.9985185185185185,0.4442850890325547,Medium,0.0,0.0,0.0,0.0,0.0,0.0,0.0,1.0
E08000034,Yorkshire and the Humber,Kirklees,FYE 2022,2.0,2022,Kirklees,1918,1192,1256800000.0,1684000000.0,1412751.677852349,0.9985185185185185,0.40441857981322954,Low,0.0,0.0,0.0,0.0,0.0,0.0,0.0,1.0
E08000035,Yorkshire and the Humber,Leeds,FYE 2022,3.0,2022,Leeds,2928,1819,3102100000.0,4067500000.0,2236118.746564046,0.9985185185185185,0.6401181339624532,Medium,0.0,0.0,0.0,0.0,0.0,0.0,0.0,1.0
E06000012,Yorkshire and the Humber,North East Lincolnshire,FYE 2022,2.0,2022,North East Lincolnshire,646,401,461800000.0,592300000.0,1477057.3566084788,0.9985185185185185,0.42282691843648607,Medium,0.0,0.0,0.0,0.0,0.0,0.0,0.0,1.0
E06000013,Yorkshire and the Humber,North Lincolnshire,FYE 2022,2.0,2022,North Lincolnshire,1426,886,738500000.0,1098900000.0,1240293.453724605,0.9985185185185185,0.35505016555313823,Low,0.0,0.0,0.0,0.0,0.0,0.0,0.0,1.0
E06000065,Yorkshire and the Humber,North Yorkshire,FYE 2022,3.0,2022,North Yorkshire,8714,5415,3850300000.0,5301100000.0,978965.8356417359,0.9985185185185185,0.2802417290615176,Low,0.0,0.0,0.0,0.0,0.0,0.0,0.0,1.0
E08000018,Yorkshire and the Humber,Rotherham,FYE 2022,2.0,2022,Rotherham,1188,738,1113400000.0,1523200000.0,2063956.6395663957,0.9985185185185185,0.5908344870900694,Medium,0.0,0.0,0.0,0.0,0.0,0.0,0.0,1.0
E08000019,Yorkshire and the Humber,Sheffield,FYE 2022,1.0,2022,Sheffield,1970,1224,1315100000.0,1690600000.0,1381209.1503267973,0.9985185185185185,0.3953891202234201,Low,0.0,0.0,0.0,0.0,0.0,0.0,0.0,1.0
E08000036,Yorkshire and the Humber,Wakefield,FYE 2022,2.0,2022,Wakefield,1488,925,1328000000.0,1803300000.0,1949513.5135135136,0.9985185185185185,0.5580736507497072,Medium,0.0,0.0,0.0,0.0,0.0,0.0,0.0,1.0
E06000015,East Midlands,Derby,FYE 2022,6.0,2022,Derby,779,484,987500000.0,1180400000.0,2438842.9752066117,0.9985185185185185,0.6981505864639377,Medium,0.0,0.0,0.0,0.0,0.0,0.0,0.0,0.0
E10000007,East Midlands,Derbyshire,FYE 2022,20.0,2022,Derbyshire,5654,3513,3966100000.0,5288300000.0,1505351.5513805863,0.9985185185185185,0.4309265004409398,Medium,0.0,0.0,0.0,0.0,0.0,0.0,0.0,0.0
E06000016,East Midlands,Leicester,FYE 2022,7.0,2022,Leicester,833,518,819000000.0,992300000.0,1915637.0656370656,0.9985185185185185,0.548376076042072,Medium,0.0,0.0,0.0,0.0,0.0,0.0,0.0,0.0
E10000018,East Midlands,Leicestershire,FYE 2022,2.0,2022,Leicestershire,4687,2912,3677500000.0,5049100000.0,1733894.2307692308,0.9985185185185185,0.4963498209536942,Medium,0.0,0.0,0.0,0.0,0.0,0.0,0.0,0.0
E10000019,East Midlands,Lincolnshire,FYE 2022,2.0,2022,Lincolnshire,8916,5540,3078700000.0,4222000000.0,762093.8628158845,0.9985185185185185,0.21815930040366915,Low,0.0,0.0,0.0,0.0,0.0,0.0,0.0,0.0
E06000018,East Midlands,Nottingham,FYE 2022,10.0,2022,Nottingham,798,496,831100000.0,1041000000.0,2098790.3225806453,0.9985185185185185,0.6008060828312987,Medium,0.0,0.0,0.0,0.0,0.0,0.0,0.0,0.0
E10000024,East Midlands,Nottinghamshire,FYE 2022,2.0,2022,Nottinghamshire,4479,2783,3530000000.0,4745300000.0,1705102.407473949,0.9985185185185185,0.4881077862990178,Medium,0.0,0.0,0.0,0.0,0.0,0.0,0.0,0.0
E06000017,East Midlands,Rutland,FYE 2022,1.0,2022,Rutland,560,348,304100000.0,422400000.0,1213793.103448276,0.9985185185185185,0.34746409491431346,Low,0.0,0.0,0.0,0.0,0.0,0.0,0.0,0.0
E08000025,West Midlands,Birmingham,FYE 2022,5.0,2022,Birmingham,2577,1601,2883100000.0,3583900000.0,2238538.4134915676,0.9985185185185185,0.6408107951553509,Medium,0.0,0.0,0.0,0.0,0.0,0.0,1.0,0.0
E08000026,West Midlands,Coventry,FYE 2022,2.0,2022,Coventry,893,555,936400000.0,1157700000.0,2085945.945945946,0.9985185185185185,0.5971292126221703,Medium,0.0,0.0,0.0,0.0,0.0,0.0,1.0,0.0
E08000027,West Midlands,Dudley,FYE 2022,3.0,2022,Dudley,1041,647,806400000.0,1021400000.0,1578670.7882534775,0.9985185185185185,0.4519150875464958,Medium,0.0,0.0,0.0,0.0,0.0,0.0,1.0,0.0
E06000019,West Midlands,"Herefordshire, County of",FYE 2022,5.0,2022,"Herefordshire, County of",3342,2077,851000000.0,1194400000.0,575060.1829561868,0.9985185185185185,0.16461847198215335,Low,0.0,0.0,0.0,0.0,0.0,0.0,1.0,0.0
E08000028,West Midlands,Sandwell,FYE 2022,2.0,2022,Sandwell,852,529,974200000.0,1294900000.0,2447826.086956522,0.9985185185185185,0.7007221192769264,Medium,0.0,0.0,0.0,0.0,0.0,0.0,1.0,0.0
E06000051,West Midlands,Shropshire,FYE 2022,9.0,2022,Shropshire,5174,3215,1506100000.0,2083400000.0,648024.8833592535,0.9985185185185185,0.1855055684026398,Low,0.0,0.0,0.0,0.0,0.0,0.0,1.0,0.0
E08000029,West Midlands,Solihull,FYE 2022,4.0,2022,Solihull,877,545,1102400000.0,1426400000.0,2617247.7064220184,0.9985185185185185,0.7492212658771645,High,0.0,0.0,0.0,0.0,0.0,0.0,1.0,0.0
E10000028,West Midlands,Staffordshire,FYE 2022,2.0,2022,Staffordshire,6281,3903,4299400000.0,5873800000.0,1504944.9141685884,0.9985185185185185,0.4308100952394075,Medium,0.0,0.0,0.0,0.0,0.0,0.0,1.0,0.0
E06000021,West Midlands,Stoke-on-Trent,FYE 2022,6.0,2022,Stoke-on-Trent,882,548,662900000.0,834800000.0,1523357.6642335767,0.9985185185185185,0.4360809849141298,Medium,0.0,0.0,0.0,0.0,0.0,0.0,1.0,0.0
E06000020,West Midlands,Telford and Wrekin,FYE 2022,7.0,2022,Telford and Wrekin,1074,667,707400000.0,913400000.0,1369415.292353823,0.9985185185185185,0.3920129746723492,Low,0.0,0.0,0.0,0.0,0.0,0.0,1.0,0.0
E08000030,West Midlands,Walsall,FYE 2022,2.0,2022,Walsall,878,546,730800000.0,980600000.0,1795970.695970696,0.9985185185185185,0.514120018144163,Medium,0.0,0.0,0.0,0.0,0.0,0.0,1.0,0.0
E10000031,West Midlands,Warwickshire,FYE 2022,4.0,2022,Warwickshire,4312,2679,4298200000.0,5850100000.0,2183687.9432624113,0.9985185185185185,0.625109133200233,Medium,0.0,0.0,0.0,0.0,0.0,0.0,1.0,0.0
E08000031,West Midlands,Wolverhampton,FYE 2022,3.0,2022,Wolverhampton,743,462,554700000.0,691900000.0,1497619.0476190476,0.9985185185185185,0.42871297046347345,Medium,0.0,0.0,0.0,0.0,0.0,0.0,1.0,0.0
E10000034,West Midlands,Worcestershire,FYE 2022,5.0,2022,Worcestershire,4267,2651,3259400000.0,4351600000.0,1641493.77593361,0.9985185185185185,0.4698989865257179,Medium,0.0,0.0,0.0,0.0,0.0,0.0,1.0,0.0
E06000055,East of England,Bedford,FYE 2022,2.0,2022,Bedford,974,605,648800000.0,846800000.0,1399669.4214876033,0.9985185185185185,0.4006736134311504,Low,1.0,0.0,0.0,0.0,0.0,0.0,0.0,0.0
E06000056,East of England,Central Bedfordshire,FYE 2022,1.0,2022,Central Bedfordshire,1466,911,1524400000.0,2100000000.0,2305159.165751921,0.9985185185185185,0.6598818537409469,Medium,1.0,0.0,0.0,0.0,0.0,0.0,0.0,0.0
E10000012,East of England,Essex,FYE 2022,3.0,2022,Essex,8312,5165,6967800000.0,9409900000.0,1821858.6640851889,0.9985185185185185,0.5215307864081435,Medium,1.0,0.0,0.0,0.0,0.0,0.0,0.0,0.0
E10000015,East of England,Hertfordshire,FYE 2022,2.0,2022,Hertfordshire,4992,3102,5437400000.0,7241200000.0,2334364.9258542876,0.9985185185185185,0.6682423832013829,Medium,1.0,0.0,0.0,0.0,0.0,0.0,0.0,0.0
E06000032,East of England,Luton,FYE 2022,4.0,2022,Luton,468,291,389800000.0,493100000.0,1694501.7182130583,0.9985185185185185,0.48507320084204064,Medium,1.0,0.0,0.0,0.0,0.0,0.0,0.0,0.0
E10000020,East of England,Norfolk,FYE 2022,4.0,2022,Norfolk,9930,6170,3970700000.0,5278700000.0,855542.9497568882,0.9985185185185185,0.24491031943836292,Low,1.0,0.0,0.0,0.0,0.0,0.0,0.0,0.0
E06000031,East of England,Peterborough,FYE 2022,1.0,2022,Peterborough,994,618,922700000.0,1209600000.0,1957281.5533980583,0.9985185185185185,0.560297353405517,Medium,1.0,0.0,0.0,0.0,0.0,0.0,0.0,0.0
E06000033,East of England,Southend-on-Sea,FYE 2022,11.0,2022,Southend-on-Sea,458,285,319000000.0,388300000.0,1362456.1403508773,0.9985185185185185,0.39002082671467403,Low,1.0,0.0,0.0,0.0,0.0,0.0,0.0,0.0
E10000029,East of England,Suffolk,FYE 2022,2.0,2022,Suffolk,6740,4188,2927200000.0,4001400000.0,955444.1260744985,0.9985185185185185,0.2735083331455259,Low,1.0,0.0,0.0,0.0,0.0,0.0,0.0,0.0
E06000034,East of England,Thurrock,FYE 2022,4.0,2022,Thurrock,603,375,766100000.0,1089700000.0,2905866.6666666665,0.9985185185185185,0.8318422047436131,High,1.0,0.0,0.0,0.0,0.0,0.0,0.0,0.0
E09000005,London,Brent,FYE 2022,22.0,2022,Brent,464,288,461300000.0,597800000.0,2075694.4444444445,0.9985185185185185,0.5941945867121924,Medium,0.0,1.0,0.0,0.0,0.0,0.0,0.0,0.0
E09000001,London,City of London,FYE 2022,9.0,2022,City of London,48,30,48200000.0,74900000.0,2496666.6666666665,0.9985185185185185,0.7147033717456253,High,0.0,1.0,0.0,0.0,0.0,0.0,0.0,0.0
E09000008,London,Croydon,FYE 2022,8.0,2022,Croydon,773,480,643900000.0,819400000.0,1707083.3333333333,0.9985185185185185,0.488674852143162,Medium,0.0,1.0,0.0,0.0,0.0,0.0,0.0,0.0
E09000010,London,Enfield,FYE 2022,1.0,2022,Enfield,635,395,790800000.0,1096200000.0,2775189.8734177216,0.9985185185185185,0.7944342695991832,High,0.0,1.0,0.0,0.0,0.0,0.0,0.0,0.0
E09000011,London,Greenwich,FYE 2022,6.0,2022,Greenwich,518,322,554400000.0,732600000.0,2275155.2795031057,0.9985185185185185,0.6512928502693178,Medium,0.0,1.0,0.0,0.0,0.0,0.0,0.0,0.0
E09000018,London,Hounslow,FYE 2022,3.0,2022,Hounslow,500,311,799900000.0,1001600000.0,3220578.778135048,0.9985185185185185,0.9219326482131609,High,0.0,1.0,0.0,0.0,0.0,0.0,0.0,0.0
E09000022,London,Lambeth,FYE 2022,23.0,2022,Lambeth,383,238,320000000.0,454600000.0,1910084.0336134455,0.9985185185185185,0.5467864482540776,Medium,0.0,1.0,0.0,0.0,0.0,0.0,0.0,0.0
E09000024,London,Merton,FYE 2022,9.0,2022,Merton,375,233,304100000.0,395000000.0,1695278.9699570816,0.9985185185185185,0.4852956992834887,Medium,0.0,1.0,0.0,0.0,0.0,0.0,0.0,0.0
E09000028,London,Southwark,FYE 2022,4.0,2022,Southwark,393,244,304200000.0,426900000.0,1749590.1639344261,0.9985185185185185,0.5008429863832773,Medium,0.0,1.0,0.0,0.0,0.0,0.0,0.0,0.0
E09000033,London,Westminster,FYE 2022,0.0,2022,Westminster,336,209,297900000.0,444700000.0,2127751.1961722486,0.9985185185185185,0.609096510336486,Medium,0.0,1.0,0.0,0.0,0.0,0.0,0.0,0.0
E06000036,South East,Bracknell Forest,FYE 2022,5.0,2022,Bracknell Forest,472,293,347900000.0,429900000.0,1467235.4948805461,0.9985185185185185,0.4200152825110764,Low,0.0,0.0,0.0,0.0,1.0,0.0,0.0,0.0
E06000043,South East,Brighton and Hove,FYE 2022,6.0,2022,Brighton and Hove,620,385,581800000.0,747500000.0,1941558.4415584416,0.9985185185185185,0.5557964077261681,Medium,0.0,0.0,0.0,0.0,1.0,0.0,0.0,0.0
E06000060,South East,Buckinghamshire,FYE 2022,6.0,2022,Buckinghamshire,3357,2086,3033800000.0,3939500000.0,1888542.6653883029,0.9985185185185185,0.5406199508565381,Medium,0.0,0.0,0.0,0.0,1.0,0.0,0.0,0.0
E10000011,South East,East Sussex,FYE 2022,5.0,2022,East Sussex,3357,2086,1961300000.0,2546200000.0,1220613.6145733462,0.9985185185185185,0.349416555113826,Low,0.0,0.0,0.0,0.0,1.0,0.0,0.0,0.0
E10000014,South East,Hampshire,FYE 2022,4.0,2022,Hampshire,9049,5623,7067100000.0,9232300000.0,1641881.5578872487,0.9985185185185185,0.47000999416380906,Medium,0.0,0.0,0.0,0.0,1.0,0.0,0.0,0.0
E06000046,South East,Isle of Wight,FYE 2022,2.0,2022,Isle of Wight,879,546,306000000.0,389300000.0,713003.663003663,0.9985185185185185,0.20410659092751646,Low,0.0,0.0,0.0,0.0,1.0,0.0,0.0,0.0
E10000016,South East,Kent,FYE 2022,5.0,2022,Kent,9339,5803,6718700000.0,9165200000.0,1579389.970704808,0.9985185185185185,0.45212096289610837,Medium,0.0,0.0,0.0,0.0,1.0,0.0,0.0,0.0
E06000035,South East,Medway,FYE 2022,2.0,2022,Medway,859,534,648800000.0,838800000.0,1570786.5168539325,0.9985185185185185,0.44965811210470175,Medium,0.0,0.0,0.0,0.0,1.0,0.0,0.0,0.0
E06000042,South East,Milton Keynes,FYE 2022,1.0,2022,Milton Keynes,1341,833,1106100000.0,1448200000.0,1738535.4141656663,0.9985185185185185,0.4976784201882692,Medium,0.0,0.0,0.0,0.0,1.0,0.0,0.0,0.0
E10000025,South East,Oxfordshire,FYE 2022,3.0,2022,Oxfordshire,4699,2920,3448900000.0,4572000000.0,1565753.4246575343,0.9985185185185185,0.44821732386849117,Medium,0.0,0.0,0.0,0.0,1.0,0.0,0.0,0.0
E06000044,South East,Portsmouth,FYE 2022,3.0,2022,Portsmouth,457,284,596500000.0,757000000.0,2665492.9577464787,0.9985185185185185,0.7630320978367,High,0.0,0.0,0.0,0.0,1.0,0.0,0.0,0.0
E06000038,South East,Reading,FYE 2022,9.0,2022,Reading,397,247,283000000.0,348100000.0,1409311.7408906883,0.9985185185185185,0.4034338530261436,Low,0.0,0.0,0.0,0.0,1.0,0.0,0.0,0.0
E06000045,South East,Southampton,FYE 2022,4.0,2022,Southampton,594,369,473400000.0,594500000.0,1611111.111111111,0.9985185185185185,0.4612015527508485,Medium,0.0,0.0,0.0,0.0,1.0,0.0,0.0,0.0
E10000030,South East,Surrey,FYE 2022,7.0,2022,Surrey,5474,3401,6318900000.0,8290100000.0,2437547.7800646867,0.9985185185185185,0.6977798199746176,Medium,0.0,0.0,0.0,0.0,1.0,0.0,0.0,0.0
E06000037,South East,West Berkshire,FYE 2022,3.0,2022,West Berkshire,1385,861,1316200000.0,1763000000.0,2047619.0476190476,0.9985185185185185,0.5861576384715218,Medium,0.0,0.0,0.0,0.0,1.0,0.0,0.0,0.0
E10000032,South East,West Sussex,FYE 2022,6.0,2022,West Sussex,4126,2564,3223300000.0,4151600000.0,1619188.767550702,0.9985185185185185,0.463513887180693,Medium,0.0,0.0,0.0,0.0,1.0,0.0,0.0,0.0
E06000040,South East,Windsor and Maidenhead,FYE 2022,3.0,2022,Windsor and Maidenhead,685,426,803800000.0,1025900000.0,2408215.9624413145,0.9985185185185185,0.6893832049059186,Medium,0.0,0.0,0.0,0.0,1.0,0.0,0.0,0.0
E06000041,South East,Wokingham,FYE 2022,3.0,2022,Wokingham,806,501,735800000.0,940500000.0,1877245.508982036,0.9985185185185185,0.5373859926023206,Medium,0.0,0.0,0.0,0.0,1.0,0.0,0.0,0.0
E06000058,South West,"Bournemouth, Christchurch and Poole",FYE 2022,3.0,2022,"Bournemouth, Christchurch and Poole",1269,789,996700000.0,1233600000.0,1563498.0988593155,0.9985185185185185,0.447571707465672,Medium,0.0,0.0,0.0,0.0,0.0,1.0,0.0,0.0
E06000023,South West,"Bristol, City of",FYE 2022,9.0,2022,"Bristol, City of",1145,711,1110800000.0,1403700000.0,1974261.6033755275,0.9985185185185185,0.5651581140081764,Medium,0.0,0.0,0.0,0.0,0.0,1.0,0.0,0.0
E06000052,South West,Cornwall,FYE 2022,1.0,2022,Cornwall excluding Isles of Scilly,7452,4630,2516400000.0,3389100000.0,731987.041036717,0.9985185185185185,0.2095408302949446,Low,0.0,0.0,0.0,0.0,0.0,1.0,0.0,0.0
E10000008,South West,Devon,FYE 2022,3.0,2022,Devon,12997,8076,4348500000.0,5771400000.0,714635.9583952451,0.9985185185185185,0.20457385675664141,Low,0.0,0.0,0.0,0.0,0.0,1.0,0.0,0.0
E10000013,South West,Gloucestershire,FYE 2022,2.0,2022,Gloucestershire,5609,3485,3238400000.0,4248700000.0,1219139.1678622668,0.9985185185185185,0.3489944755266961,Low,0.0,0.0,0.0,0.0,0.0,1.0,0.0,0.0
E06000024,South West,North Somerset,FYE 2022,2.0,2022,North Somerset,1136,706,1218400000.0,1571700000.0,2226203.9660056657,0.9985185185185185,0.6372798988108408,Medium,0.0,0.0,0.0,0.0,0.0,1.0,0.0,0.0
E06000026,South West,Plymouth,FYE 2022,2.0,2022,Plymouth,856,532,781900000.0,964100000.0,1812218.045112782,0.9985185185185185,0.5187710335835931,Medium,0.0,0.0,0.0,0.0,0.0,1.0,0.0,0.0
E06000066,South West,Somerset,FYE 2022,2.0,2022,Somerset,6783,4215,3324400000.0,4403000000.0,1044602.6097271648,0.9985185185185185,0.2990311110706078,Low,0.0,0.0,0.0,0.0,0.0,1.0,0.0,0.0
E06000025,South West,South Gloucestershire,FYE 2022,3.0,2022,South Gloucestershire,1560,969,1897500000.0,2554200000.0,2635913.3126934986,0.9985185185185185,0.7545645389364048,High,0.0,0.0,0.0,0.0,0.0,1.0,0.0,0.0
E06000030,South West,Swindon,FYE 2022,3.0,2022,Swindon,850,528,912800000.0,1182800000.0,2240151.515151515,0.9985185185185185,0.6412725665286485,Medium,0.0,0.0,0.0,0.0,0.0,1.0,0.0,0.0
E06000027,South West,Torbay,FYE 2022,3.0,2022,Torbay,524,326,341200000.0,415700000.0,1275153.3742331287,0.9985185185185185,0.36502927211905,Low,0.0,0.0,0.0,0.0,0.0,1.0,0.0,0.0
E06000054,South West,Wiltshire,FYE 2022,3.0,2022,Wiltshire,4666,2899,2737700000.0,3610700000.0,1245498.4477406002,0.9985185185185185,0.3565401629255605,Low,0.0,0.0,0.0,0.0,0.0,1.0,0.0,0.0
E06000047,North East,County Durham,FYE 2023,3.0,2023,Durham,3850,2392,2091600000.0,2791700000.0,1167098.6622073578,0.9990123456790123,0.33409720255249953,Low,0.0,0.0,1.0,0.0,0.0,0.0,0.0,0.0
E06000005,North East,Darlington,FYE 2023,1.0,2023,Darlington,560,348,408900000.0,525600000.0,1510344.8275862068,0.9990123456790123,0.43235589083087866,Medium,0.0,0.0,1.0,0.0,0.0,0.0,0.0,0.0
E08000037,North East,Gateshead,FYE 2023,1.0,2023,Gateshead,913,567,854000000.0,1080500000.0,1905643.7389770723,0.9990123456790123,0.5455153560452017,Medium,0.0,0.0,1.0,0.0,0.0,0.0,0.0,0.0
E06000001,North East,Hartlepool,FYE 2023,3.0,2023,Hartlepool,412,256,323400000.0,411400000.0,1607031.25,0.9990123456790123,0.4600336393360161,Medium,0.0,0.0,1.0,0.0,0.0,0.0,0.0,0.0
E06000002,North East,Middlesbrough,FYE 2023,1.0,2023,Middlesbrough,566,352,655200000.0,806300000.0,2290625.0,0.9990123456790123,0.6557212593744284,Medium,0.0,0.0,1.0,0.0,0.0,0.0,0.0,0.0
E08000021,North East,Newcastle upon Tyne,FYE 2023,3.0,2023,Newcastle upon Tyne,1007,626,886400000.0,1080700000.0,1726357.8274760384,0.9990123456790123,0.49419242729101887,Medium,0.0,0.0,1.0,0.0,0.0,0.0,0.0,0.0
E08000022,North East,North Tyneside,FYE 2023,13.0,2023,North Tyneside,817,508,683000000.0,830700000.0,1635236.220472441,0.9990123456790123,0.46810767972185297,Medium,0.0,0.0,1.0,0.0,0.0,0.0,0.0,0.0
E06000057,North East,Northumberland,FYE 2023,2.0,2023,Northumberland,4995,3104,1554800000.0,2043100000.0,658215.206185567,0.9990123456790123,0.18842268111951935,Low,0.0,0.0,1.0,0.0,0.0,0.0,0.0,0.0
E06000003,North East,Redcar and Cleveland,FYE 2023,0.0,2023,Redcar and Cleveland,662,411,477800000.0,592500000.0,1441605.8394160585,0.9990123456790123,0.412678459609682,Low,0.0,0.0,1.0,0.0,0.0,0.0,0.0,0.0
E08000023,North East,South Tyneside,FYE 2023,2.0,2023,South Tyneside,573,356,410700000.0,511500000.0,1436797.7528089888,0.9990123456790123,0.4113020821558565,Low,0.0,0.0,1.0,0.0,0.0,0.0,0.0,0.0
E06000004,North East,Stockton-on-Tees,FYE 2023,1.0,2023,Stockton-on-Tees,862,536,720200000.0,906600000.0,1691417.9104477612,0.9990123456790123,0.4841904206787537,Medium,0.0,0.0,1.0,0.0,0.0,0.0,0.0,0.0
E08000024,North East,Sunderland,FYE 2023,1.0,2023,Sunderland,1187,738,867300000.0,1086700000.0,1472493.2249322494,0.9990123456790123,0.42152037626101524,Low,0.0,0.0,1.0,0.0,0.0,0.0,0.0,0.0
E06000008,North West,Blackburn with Darwen,FYE 2023,5.0,2023,Blackburn with Darwen,531,330,348200000.0,433200000.0,1312727.2727272727,0.9990123456790123,0.3757852902539202,Low,0.0,0.0,0.0,1.0,0.0,0.0,0.0,0.0
E06000009,North West,Blackpool,FYE 2023,7.0,2023,Blackpool,447,278,275400000.0,328200000.0,1180575.5395683453,0.9990123456790123,0.33795513433774654,Low,0.0,0.0,0.0,1.0,0.0,0.0,0.0,0.0
E08000001,North West,Bolton,FYE 2023,4.0,2023,Bolton,1002,623,1036700000.0,1299200000.0,2085393.2584269664,0.9990123456790123,0.5969709986168287,Medium,0.0,0.0,0.0,1.0,0.0,0.0,0.0,0.0
E08000002,North West,Bury,FYE 2023,6.0,2023,Bury,602,374,781600000.0,1018800000.0,2724064.1711229947,0.9990123456790123,0.7797988710092348,High,0.0,0.0,0.0,1.0,0.0,0.0,0.0,0.0
E06000049,North West,Cheshire East,FYE 2023,4.0,2023,East Cheshire,2754,1711,2198800000.0,2958000000.0,1728813.559322034,0.9990123456790123,0.49489541253685443,Medium,0.0,0.0,0.0,1.0,0.0,0.0,0.0,0.0
E06000050,North West,Cheshire West and Chester,FYE 2023,1.0,2023,West Cheshire,2308,1434,1922500000.0,2507300000.0,1748465.829846583,0.9990123456790123,0.5005211310974762,Medium,0.0,0.0,0.0,1.0,0.0,0.0,0.0,0.0
E08000011,North West,Knowsley,FYE 2023,4.0,2023,Knowsley,601,373,770500000.0,989000000.0,2651474.530831099,0.9990123456790123,0.7590191404336327,High,0.0,0.0,0.0,1.0,0.0,0.0,0.0,0.0
E10000017,North West,Lancashire,FYE 2023,2.0,2023,Lancashire,7099,4411,5531300000.0,7166900000.0,1624778.9616866924,0.9990123456790123,0.4651141531076776,Medium,0.0,0.0,0.0,1.0,0.0,0.0,0.0,0.0
E08000012,North West,Liverpool,FYE 2023,10.0,2023,Liverpool,1431,889,1104600000.0,1346900000.0,1515073.1158605174,0.9990123456790123,0.4337094249719608,Medium,0.0,0.0,0.0,1.0,0.0,0.0,0.0,0.0
E08000003,North West,Manchester,FYE 2023,8.0,2023,Manchester,1407,874,1382500000.0,1677800000.0,1919679.6338672768,0.9990123456790123,0.5495333138837184,Medium,0.0,0.0,0.0,1.0,0.0,0.0,0.0,0.0
E08000004,North West,Oldham,FYE 2023,3.0,2023,Oldham,832,517,585600000.0,726100000.0,1404448.742746615,0.9990123456790123,0.402041756429203,Low,0.0,0.0,0.0,1.0,0.0,0.0,0.0,0.0
E08000005,North West,Rochdale,FYE 2023,6.0,2023,Rochdale,790,491,819500000.0,1112200000.0,2265173.116089613,0.9990123456790123,0.6484353258972462,Medium,0.0,0.0,0.0,1.0,0.0,0.0,0.0,0.0
E08000006,North West,Salford,FYE 2023,6.0,2023,Salford,816,507,1071500000.0,1427800000.0,2816173.570019724,0.9990123456790123,0.8061663868814465,High,0.0,0.0,0.0,1.0,0.0,0.0,0.0,0.0
E08000014,North West,Sefton,FYE 2023,3.0,2023,Sefton,999,621,587400000.0,730500000.0,1176328.502415459,0.9990123456790123,0.3367393646021937,Low,0.0,0.0,0.0,1.0,0.0,0.0,0.0,0.0
E08000013,North West,St. Helens,FYE 2023,5.0,2023,St. Helens,746,464,636300000.0,843800000.0,1818534.4827586208,0.9990123456790123,0.5205791961802161,Medium,0.0,0.0,0.0,1.0,0.0,0.0,0.0,0.0
E08000007,North West,Stockport,FYE 2023,5.0,2023,Stockport,988,614,993800000.0,1224700000.0,1994625.4071661239,0.9990123456790123,0.5709875182394336,Medium,0.0,0.0,0.0,1.0,0.0,0.0,0.0,0.0
E08000008,North West,Tameside,FYE 2023,5.0,2023,Tameside,769,478,601200000.0,760000000.0,1589958.1589958158,0.9990123456790123,0.45514624452687974,Medium,0.0,0.0,0.0,1.0,0.0,0.0,0.0,0.0
E08000009,North West,Trafford,FYE 2023,7.0,2023,Trafford,823,511,790500000.0,969100000.0,1896477.4951076321,0.9990123456790123,0.5428913992762839,Medium,0.0,0.0,0.0,1.0,0.0,0.0,0.0,0.0
E06000007,North West,Warrington,FYE 2023,2.0,2023,Warrington,1009,627,1280000000.0,1719000000.0,2741626.7942583733,0.9990123456790123,0.7848264007708714,High,0.0,0.0,0.0,1.0,0.0,0.0,0.0,0.0
E08000010,North West,Wigan,FYE 2023,3.0,2023,Wigan,1179,733,948800000.0,1223000000.0,1668485.6753069577,0.9990123456790123,0.47762576949979674,Medium,0.0,0.0,0.0,1.0,0.0,0.0,0.0,0.0
E08000015,North West,Wirral,FYE 2023,4.0,2023,Wirral,1218,757,903100000.0,1099900000.0,1452972.2589167769,0.9990123456790123,0.4159322453273744,Low,0.0,0.0,0.0,1.0,0.0,0.0,0.0,0.0
E08000032,Yorkshire and the Humber,Bradford,FYE 2023,7.0,2023,Bradford,1824,1133,1193200000.0,1477400000.0,1303971.756398941,0.9990123456790123,0.3732789095965507,Low,0.0,0.0,0.0,0.0,0.0,0.0,0.0,1.0
E08000033,Yorkshire and the Humber,Calderdale,FYE 2023,2.0,2023,Calderdale,1152,716,709700000.0,943400000.0,1317597.7653631284,0.9990123456790123,0.3771795322468074,Low,0.0,0.0,0.0,0.0,0.0,0.0,0.0,1.0
E08000017,Yorkshire and the Humber,Doncaster,FYE 2023,3.0,2023,Doncaster,1690,1050,1536500000.0,2151300000.0,2048857.142857143,0.9990123456790123,0.5865120593692023,Medium,0.0,0.0,0.0,0.0,0.0,0.0,0.0,1.0
E06000011,Yorkshire and the Humber,East Riding of Yorkshire,FYE 2023,1.0,2023,East Riding of Yorkshire,3496,2172,1701300000.0,2301300000.0,1059530.3867403315,0.9990123456790123,0.30330438179049185,Low,0.0,0.0,0.0,0.0,0.0,0.0,0.0,1.0
E06000010,Yorkshire and the Humber,"Kingston upon Hull, City of",FYE 2023,3.0,2023,"Kingston upon Hull, City of",760,472,578600000.0,736700000.0,1560805.0847457626,0.9990123456790123,0.4468007970783096,Medium,0.0,0.0,0.0,0.0,0.0,0.0,0.0,1.0
E08000034,Yorkshire and the Humber,Kirklees,FYE 2023,4.0,2023,Kirklees,1923,1195,1290300000.0,1710000000.0,1430962.3430962344,0.9990123456790123,0.40963162007419185,Low,0.0,0.0,0.0,0.0,0.0,0.0,0.0,1.0
E08000035,Yorkshire and the Humber,Leeds,FYE 2023,3.0,2023,Leeds,2938,1826,3202900000.0,4162400000.0,2279518.0722891567,0.9990123456790123,0.6525417565634772,Medium,0.0,0.0,0.0,0.0,0.0,0.0,0.0,1.0
E06000012,Yorkshire and the Humber,North East Lincolnshire,FYE 2023,2.0,2023,North East Lincolnshire,648,403,473600000.0,602700000.0,1495533.498759305,0.9990123456790123,0.42811595492195215,Medium,0.0,0.0,0.0,0.0,0.0,0.0,0.0,1.0
E06000013,Yorkshire and the Humber,North Lincolnshire,FYE 2023,3.0,2023,North Lincolnshire,1428,887,779400000.0,1139900000.0,1285118.3765501692,0.9990123456790123,0.36788188390360615,Low,0.0,0.0,0.0,0.0,0.0,0.0,0.0,1.0
E06000065,Yorkshire and the Humber,North Yorkshire,FYE 2023,3.0,2023,North Yorkshire,8732,5426,3929400000.0,5384700000.0,992388.4998157022,0.9990123456790123,0.2840841416154333,Low,0.0,0.0,0.0,0.0,0.0,0.0,0.0,1.0
E08000018,Yorkshire and the Humber,Rotherham,FYE 2023,2.0,2023,Rotherham,1192,741,1159800000.0,1576200000.0,2127125.5060728746,0.9990123456790123,0.6089173983910826,Medium,0.0,0.0,0.0,0.0,0.0,0.0,0.0,1.0
E08000019,Yorkshire and the Humber,Sheffield,FYE 2023,2.0,2023,Sheffield,1971,1225,1366800000.0,1741900000.0,1421959.1836734693,0.9990123456790123,0.40705434835357224,Low,0.0,0.0,0.0,0.0,0.0,0.0,0.0,1.0
E08000036,Yorkshire and the Humber,Wakefield,FYE 2023,2.0,2023,Wakefield,1492,927,1382800000.0,1868700000.0,2015857.6051779934,0.9990123456790123,0.5770655116340881,Medium,0.0,0.0,0.0,0.0,0.0,0.0,0.0,1.0
E06000015,East Midlands,Derby,FYE 2023,8.0,2023,Derby,781,485,1006200000.0,1195800000.0,2465567.0103092785,0.9990123456790123,0.7058006897995283,Medium,0.0,0.0,0.0,0.0,0.0,0.0,0.0,0.0
E10000007,East Midlands,Derbyshire,FYE 2023,24.0,2023,Derbyshire,5673,3525,4100500000.0,5418700000.0,1537219.8581560284,0.9990123456790123,0.4400492185868272,Medium,0.0,0.0,0.0,0.0,0.0,0.0,0.0,0.0
E06000016,East Midlands,Leicester,FYE 2023,4.0,2023,Leicester,835,519,839200000.0,1011900000.0,1949710.9826589595,0.9990123456790123,0.5581301788661553,Medium,0.0,0.0,0.0,0.0,0.0,0.0,0.0,0.0
E10000018,East Midlands,Leicestershire,FYE 2023,2.0,2023,Leicestershire,4707,2925,3839200000.0,5218400000.0,1784068.376068376,0.9990123456790123,0.5107128239522606,Medium,0.0,0.0,0.0,0.0,0.0,0.0,0.0,0.0
E10000019,East Midlands,Lincolnshire,FYE 2023,2.0,2023,Lincolnshire,8944,5558,3143000000.0,4272200000.0,768657.7905721483,0.9990123456790123,0.220038310269876,Low,0.0,0.0,0.0,0.0,0.0,0.0,0.0,0.0
E06000061,East Midlands,North Northamptonshire,FYE 2023,4.0,2023,North Northamptonshire,1888,1173,1699800000.0,2253900000.0,1921483.3759590792,0.9990123456790123,0.5500496585652019,Medium,0.0,0.0,0.0,0.0,0.0,0.0,0.0,0.0
E06000018,East Midlands,Nottingham,FYE 2023,9.0,2023,Nottingham,799,496,845900000.0,1050800000.0,2118548.3870967743,0.9990123456790123,0.606462086300796,Medium,0.0,0.0,0.0,0.0,0.0,0.0,0.0,0.0
E10000024,East Midlands,Nottinghamshire,FYE 2023,3.0,2023,Nottinghamshire,4494,2792,3604000000.0,4814100000.0,1724247.8510028652,0.9990123456790123,0.49358841902679423,Medium,0.0,0.0,0.0,0.0,0.0,0.0,0.0,0.0
E06000017,East Midlands,Rutland,FYE 2023,2.0,2023,Rutland,560,348,309000000.0,425900000.0,1223850.5747126436,0.9990123456790123,0.35034317714016594,Low,0.0,0.0,0.0,0.0,0.0,0.0,0.0,0.0
E06000062,East Midlands,West Northamptonshire,FYE 2023,6.0,2023,West Northamptonshire,2623,1630,2672100000.0,3710900000.0,2276625.7668711655,0.9990123456790123,0.6517137964429073,Medium,0.0,0.0,0.0,0.0,0.0,0.0,0.0,0.0
E08000025,West Midlands,Birmingham,FYE 2023,5.0,2023,Birmingham,2578,1602,2949100000.0,3617600000.0,2258177.2784019974,0.9990123456790123,0.6464326761842191,Medium,0.0,0.0,0.0,0.0,0.0,0.0,1.0,0.0
E08000026,West Midlands,Coventry,FYE 2023,1.0,2023,Coventry,895,556,982600000.0,1202800000.0,2163309.3525179857,0.9990123456790123,0.6192754960107276,Medium,0.0,0.0,0.0,0.0,0.0,0.0,1.0,0.0
E08000027,West Midlands,Dudley,FYE 2023,3.0,2023,Dudley,1042,647,836200000.0,1051900000.0,1625811.4374034002,0.9990123456790123,0.46540971273757475,Medium,0.0,0.0,0.0,0.0,0.0,0.0,1.0,0.0
E06000019,West Midlands,"Herefordshire, County of",FYE 2023,5.0,2023,"Herefordshire, County of",3345,2078,880100000.0,1221800000.0,587969.2011549567,0.9990123456790123,0.1683138466814537,Low,0.0,0.0,0.0,0.0,0.0,0.0,1.0,0.0
E08000028,West Midlands,Sandwell,FYE 2023,2.0,2023,Sandwell,854,531,1009400000.0,1333600000.0,2511487.758945386,0.9990123456790123,0.7189461025698791,High,0.0,0.0,0.0,0.0,0.0,0.0,1.0,0.0
E06000051,West Midlands,Shropshire,FYE 2023,9.0,2023,Shropshire,5182,3220,1562800000.0,2135300000.0,663136.645962733,0.9990123456790123,0.18983150739558755,Low,0.0,0.0,0.0,0.0,0.0,0.0,1.0,0.0
E08000029,West Midlands,Solihull,FYE 2023,6.0,2023,Solihull,879,546,1124500000.0,1439100000.0,2635714.285714286,0.9990123456790123,0.7545075648697379,High,0.0,0.0,0.0,0.0,0.0,0.0,1.0,0.0
E10000028,West Midlands,Staffordshire,FYE 2023,3.0,2023,Staffordshire,6305,3918,4414800000.0,5976600000.0,1525421.1332312403,0.9990123456790123,0.4366716798073699,Medium,0.0,0.0,0.0,0.0,0.0,0.0,1.0,0.0
E06000020,West Midlands,Telford and Wrekin,FYE 2023,7.0,2023,Telford and Wrekin,1082,672,734000000.0,937400000.0,1394940.4761904762,0.9990123456790123,0.3993198912087242,Low,0.0,0.0,0.0,0.0,0.0,0.0,1.0,0.0
E08000030,West Midlands,Walsall,FYE 2023,2.0,2023,Walsall,880,547,749300000.0,997400000.0,1823400.365630713,0.9990123456790123,0.5219721185681482,Medium,0.0,0.0,0.0,0.0,0.0,0.0,1.0,0.0
E10000031,West Midlands,Warwickshire,FYE 2023,4.0,2023,Warwickshire,4331,2691,4507000000.0,6075700000.0,2257785.209959123,0.9990123456790123,0.6463204414827194,Medium,0.0,0.0,0.0,0.0,0.0,0.0,1.0,0.0
E08000031,West Midlands,Wolverhampton,FYE 2023,3.0,2023,Wolverhampton,744,462,571900000.0,706900000.0,1530086.58008658,0.9990123456790123,0.4380072247732756,Medium,0.0,0.0,0.0,0.0,0.0,0.0,1.0,0.0
E10000034,West Midlands,Worcestershire,FYE 2023,3.0,2023,Worcestershire,4278,2658,3382500000.0,4472200000.0,1682543.265613243,0.9990123456790123,0.4816499379339172,Medium,0.0,0.0,0.0,0.0,0.0,0.0,1.0,0.0
E06000055,East of England,Bedford,FYE 2023,2.0,2023,Bedford,978,608,676400000.0,874200000.0,1437828.9473684211,0.9990123456790123,0.41159727503778654,Low,1.0,0.0,0.0,0.0,0.0,0.0,0.0,0.0
E10000003,East of England,Cambridgeshire,FYE 2023,5.0,2023,Cambridgeshire,4671,2902,3699400000.0,5108400000.0,1760303.239145417,0.9990123456790123,0.5039097437831677,Medium,1.0,0.0,0.0,0.0,0.0,0.0,0.0,0.0
E06000056,East of England,Central Bedfordshire,FYE 2023,1.0,2023,Central Bedfordshire,1477,918,1575800000.0,2153700000.0,2346078.431372549,0.9990123456790123,0.6715955268150794,Medium,1.0,0.0,0.0,0.0,0.0,0.0,0.0,0.0
E10000012,East of England,Essex,FYE 2023,3.0,2023,Essex,8347,5187,7205100000.0,9685500000.0,1867264.3146327357,0.9990123456790123,0.5345287456375034,Medium,1.0,0.0,0.0,0.0,0.0,0.0,0.0,0.0
E10000015,East of England,Hertfordshire,FYE 2023,3.0,2023,Hertfordshire,5003,3109,5569800000.0,7358300000.0,2366773.8822772596,0.9990123456790123,0.6775198693550231,Medium,1.0,0.0,0.0,0.0,0.0,0.0,0.0,0.0
E06000032,East of England,Luton,FYE 2023,5.0,2023,Luton,469,291,403000000.0,506500000.0,1740549.8281786942,0.9990123456790123,0.4982550724528364,Medium,1.0,0.0,0.0,0.0,0.0,0.0,0.0,0.0
E10000020,East of England,Norfolk,FYE 2023,4.0,2023,Norfolk,9952,6184,4104700000.0,5408600000.0,874611.9016817594,0.9990123456790123,0.25036905544758614,Low,1.0,0.0,0.0,0.0,0.0,0.0,0.0,0.0
E06000031,East of England,Peterborough,FYE 2023,1.0,2023,Peterborough,997,620,920600000.0,1190100000.0,1919516.1290322582,0.9990123456790123,0.5494865084937779,Medium,1.0,0.0,0.0,0.0,0.0,0.0,0.0,0.0
E06000033,East of England,Southend-on-Sea,FYE 2023,10.0,2023,Southend-on-Sea,458,285,327800000.0,397700000.0,1395438.596491228,0.9990123456790123,0.39946248463668776,Low,1.0,0.0,0.0,0.0,0.0,0.0,0.0,0.0
E10000029,East of England,Suffolk,FYE 2023,2.0,2023,Suffolk,6757,4199,3019700000.0,4104700000.0,977542.2719695165,0.9990123456790123,0.2798342154074069,Low,1.0,0.0,0.0,0.0,0.0,0.0,0.0,0.0
E06000034,East of England,Thurrock,FYE 2023,8.0,2023,Thurrock,603,375,788400000.0,1113600000.0,2969600.0,0.9990123456790123,0.850086702030364,High,1.0,0.0,0.0,0.0,0.0,0.0,0.0,0.0
E09000002,London,Barking and Dagenham,FYE 2023,10.0,2023,Barking and Dagenham,343,213,299900000.0,394000000.0,1849765.2582159624,0.9990123456790123,0.5295194126775162,Medium,0.0,1.0,0.0,0.0,0.0,0.0,0.0,0.0
E09000003,London,Barnet,FYE 2023,8.0,2023,Barnet,766,476,802500000.0,1035200000.0,2174789.9159663864,0.9990123456790123,0.6225619569210527,Medium,0.0,1.0,0.0,0.0,0.0,0.0,0.0,0.0
E09000004,London,Bexley,FYE 2023,5.0,2023,Bexley,550,342,483500000.0,618400000.0,1808187.134502924,0.9990123456790123,0.5176171328877037,Medium,0.0,1.0,0.0,0.0,0.0,0.0,0.0,0.0
E09000005,London,Brent,FYE 2023,12.0,2023,Brent,464,288,467700000.0,602500000.0,2092013.888888889,0.9990123456790123,0.5988662403715221,Medium,0.0,1.0,0.0,0.0,0.0,0.0,0.0,0.0
E09000006,London,Bromley,FYE 2023,4.0,2023,Bromley,914,568,699600000.0,875600000.0,1541549.295774648,0.9990123456790123,0.44128857652960013,Medium,0.0,1.0,0.0,0.0,0.0,0.0,0.0,0.0
E09000007,London,Camden,FYE 2023,8.0,2023,Camden,277,172,194700000.0,273800000.0,1591860.465116279,0.9990123456790123,0.45569080444612703,Medium,0.0,1.0,0.0,0.0,0.0,0.0,0.0,0.0
E09000001,London,City of London,FYE 2023,7.0,2023,City of London,48,30,47900000.0,74300000.0,2476666.6666666665,0.9990123456790123,0.7089781110907871,Medium,0.0,1.0,0.0,0.0,0.0,0.0,0.0,0.0
E09000008,London,Croydon,FYE 2023,8.0,2023,Croydon,774,481,653700000.0,829800000.0,1725155.925155925,0.9990123456790123,0.49384836708780366,Medium,0.0,1.0,0.0,0.0,0.0,0.0,0.0,0.0
E09000009,London,Ealing,FYE 2023,10.0,2023,Ealing,589,366,606800000.0,785700000.0,2146721.3114754097,0.9990123456790123,0.6145269530746326,Medium,0.0,1.0,0.0,0.0,0.0,0.0,0.0,0.0
E09000010,London,Enfield,FYE 2023,5.0,2023,Enfield,635,395,805400000.0,1114400000.0,2821265.8227848103,0.9990123456790123,0.8076241106014684,High,0.0,1.0,0.0,0.0,0.0,0.0,0.0,0.0
E09000011,London,Greenwich,FYE 2023,6.0,2023,Greenwich,518,322,563400000.0,743000000.0,2307453.416149068,0.9990123456790123,0.6605386128175035,Medium,0.0,1.0,0.0,0.0,0.0,0.0,0.0,0.0
E09000012,London,Hackney,FYE 2023,13.0,2023,Hackney,270,168,194300000.0,271900000.0,1618452.380952381,0.9990123456790123,0.46330308691978717,Medium,0.0,1.0,0.0,0.0,0.0,0.0,0.0,0.0
E09000013,London,Hammersmith and Fulham,FYE 2023,4.0,2023,Hammersmith and Fulham,220,137,212700000.0,299600000.0,2186861.313868613,0.9990123456790123,0.6260175518939782,Medium,0.0,1.0,0.0,0.0,0.0,0.0,0.0,0.0
E09000014,London,Haringey,FYE 2023,6.0,2023,Haringey,354,220,234300000.0,318100000.0,1445909.0909090908,0.9990123456790123,0.4139103214327286,Low,0.0,1.0,0.0,0.0,0.0,0.0,0.0,0.0
E09000015,London,Harrow,FYE 2023,4.0,2023,Harrow,472,293,321800000.0,394200000.0,1345392.4914675767,0.9990123456790123,0.38513613483569736,Low,0.0,1.0,0.0,0.0,0.0,0.0,0.0,0.0
E09000016,London,Havering,FYE 2023,5.0,2023,Havering,685,426,805400000.0,1116500000.0,2620892.0187793425,0.9990123456790123,0.750264497784831,High,0.0,1.0,0.0,0.0,0.0,0.0,0.0,0.0
E09000017,London,Hillingdon,FYE 2023,4.0,2023,Hillingdon,728,452,1150700000.0,1436300000.0,3177654.867256637,0.9990123456790123,0.9096451193079637,High,0.0,1.0,0.0,0.0,0.0,0.0,0.0,0.0
E09000018,London,Hounslow,FYE 2023,2.0,2023,Hounslow,500,311,815800000.0,1016600000.0,3268810.2893890673,0.9990123456790123,0.9357395468984617,High,0.0,1.0,0.0,0.0,0.0,0.0,0.0,0.0
E09000019,London,Islington,FYE 2023,9.0,2023,Islington,237,147,155700000.0,225500000.0,1534013.6054421768,0.9990123456790123,0.4391313869612231,Medium,0.0,1.0,0.0,0.0,0.0,0.0,0.0,0.0
E09000020,London,Kensington and Chelsea,FYE 2023,4.0,2023,Kensington and Chelsea,214,133,212500000.0,306500000.0,2304511.2781954887,0.9990123456790123,0.6596963874841668,Medium,0.0,1.0,0.0,0.0,0.0,0.0,0.0,0.0
E09000021,London,Kingston upon Thames,FYE 2023,5.0,2023,Kingston upon Thames,343,213,477200000.0,594000000.0,2788732.3943661973,0.9990123456790123,0.7983109927168646,High,0.0,1.0,0.0,0.0,0.0,0.0,0.0,0.0
E09000022,London,Lambeth,FYE 2023,8.0,2023,Lambeth,384,239,322900000.0,458300000.0,1917573.221757322,0.9990123456790123,0.5489303259649184,Medium,0.0,1.0,0.0,0.0,0.0,0.0,0.0,0.0
E09000023,London,Lewisham,FYE 2023,6.0,2023,Lewisham,434,270,330800000.0,445200000.0,1648888.888888889,0.9990123456790123,0.472015933987765,Medium,0.0,1.0,0.0,0.0,0.0,0.0,0.0,0.0
E09000024,London,Merton,FYE 2023,7.0,2023,Merton,375,233,308600000.0,399900000.0,1716309.0128755365,0.9990123456790123,0.491315823148018,Medium,0.0,1.0,0.0,0.0,0.0,0.0,0.0,0.0
E09000025,London,Newham,FYE 2023,11.0,2023,Newham,430,267,418800000.0,554000000.0,2074906.3670411985,0.9990123456790123,0.5939689892847038,Medium,0.0,1.0,0.0,0.0,0.0,0.0,0.0,0.0
E09000026,London,Redbridge,FYE 2023,8.0,2023,Redbridge,537,334,556300000.0,714000000.0,2137724.5508982036,0.9990123456790123,0.6119515131069487,Medium,0.0,1.0,0.0,0.0,0.0,0.0,0.0,0.0
E09000027,London,Richmond upon Thames,FYE 2023,8.0,2023,Richmond upon Thames,413,257,402800000.0,507900000.0,1976264.5914396888,0.9990123456790123,0.5657314954459691,Medium,0.0,1.0,0.0,0.0,0.0,0.0,0.0,0.0
E09000028,London,Southwark,FYE 2023,8.0,2023,Southwark,393,244,307000000.0,430100000.0,1762704.9180327868,0.9990123456790123,0.5045972556651384,Medium,0.0,1.0,0.0,0.0,0.0,0.0,0.0,0.0
E09000029,London,Sutton,FYE 2023,4.0,2023,Sutton,469,291,361400000.0,456800000.0,1569759.4501718213,0.9990123456790123,0.4493641008814524,Medium,0.0,1.0,0.0,0.0,0.0,0.0,0.0,0.0
E09000030,London,Tower Hamlets,FYE 2023,7.0,2023,Tower Hamlets,296,184,369000000.0,513000000.0,2788043.4782608696,0.9990123456790123,0.7981137815032487,High,0.0,1.0,0.0,0.0,0.0,0.0,0.0,0.0
E09000031,London,Waltham Forest,FYE 2023,6.0,2023,Waltham Forest,422,262,373800000.0,490800000.0,1873282.4427480916,0.9990123456790123,0.5362515132432346,Medium,0.0,1.0,0.0,0.0,0.0,0.0,0.0,0.0
E09000032,London,Wandsworth,FYE 2023,6.0,2023,Wandsworth,430,267,332800000.0,452600000.0,1695131.086142322,0.9990123456790123,0.4852533656141822,Medium,0.0,1.0,0.0,0.0,0.0,0.0,0.0,0.0
E09000033,London,Westminster,FYE 2023,4.0,2023,Westminster,336,209,300800000.0,448300000.0,2144976.076555024,0.9990123456790123,0.6140273568334759,Medium,0.0,1.0,0.0,0.0,0.0,0.0,0.0,0.0
E06000036,South East,Bracknell Forest,FYE 2023,6.0,2023,Bracknell Forest,475,295,355700000.0,437400000.0,1482711.8644067796,0.9990123456790123,0.4244455949874904,Medium,0.0,0.0,0.0,0.0,1.0,0.0,0.0,0.0
E06000043,South East,Brighton and Hove,FYE 2023,6.0,2023,Brighton and Hove,620,385,589200000.0,753500000.0,1957142.857142857,0.9990123456790123,0.5602576497948731,Medium,0.0,0.0,0.0,0.0,1.0,0.0,0.0,0.0
E06000060,South East,Buckinghamshire,FYE 2023,5.0,2023,Buckinghamshire,3366,2092,3121700000.0,4022100000.0,1922609.9426386233,0.9990123456790123,0.5503721529594742,Medium,0.0,0.0,0.0,0.0,1.0,0.0,0.0,0.0
E10000011,South East,East Sussex,FYE 2023,5.0,2023,East Sussex,3365,2091,2016200000.0,2600800000.0,1243806.7910090866,0.9990123456790123,0.35605590413923915,Low,0.0,0.0,0.0,0.0,1.0,0.0,0.0,0.0
E10000014,South East,Hampshire,FYE 2023,3.0,2023,Hampshire,9076,5640,7330000000.0,9472000000.0,1679432.6241134752,0.9990123456790123,0.48075947626442084,Medium,0.0,0.0,0.0,0.0,1.0,0.0,0.0,0.0
E06000046,South East,Isle of Wight,FYE 2023,1.0,2023,Isle of Wight,881,547,318100000.0,399300000.0,729981.718464351,0.9990123456790123,0.2089667805737533,Low,0.0,0.0,0.0,0.0,1.0,0.0,0.0,0.0
E10000016,South East,Kent,FYE 2023,6.0,2023,Kent,9368,5821,6936600000.0,9383400000.0,1611991.0668270057,0.9990123456790123,0.4614534515427591,Medium,0.0,0.0,0.0,0.0,1.0,0.0,0.0,0.0
E06000035,South East,Medway,FYE 2023,5.0,2023,Medway,860,534,662300000.0,851200000.0,1594007.490636704,0.9990123456790123,0.4563054184829782,Medium,0.0,0.0,0.0,0.0,1.0,0.0,0.0,0.0
E06000042,South East,Milton Keynes,FYE 2023,2.0,2023,Milton Keynes,1352,840,1136800000.0,1472200000.0,1752619.0476190476,0.9990123456790123,0.5017100438126595,Medium,0.0,0.0,0.0,0.0,1.0,0.0,0.0,0.0
E10000025,South East,Oxfordshire,FYE 2023,5.0,2023,Oxfordshire,4727,2937,3561700000.0,4674300000.0,1591521.9611848826,0.9990123456790123,0.45559390328413046,Medium,0.0,0.0,0.0,0.0,1.0,0.0,0.0,0.0
E06000044,South East,Portsmouth,FYE 2023,2.0,2023,Portsmouth,457,284,602100000.0,755800000.0,2661267.6056338027,0.9990123456790123,0.761822535726523,High,0.0,0.0,0.0,0.0,1.0,0.0,0.0,0.0
E06000038,South East,Reading,FYE 2023,6.0,2023,Reading,397,247,288700000.0,353400000.0,1430769.2307692308,0.9990123456790123,0.4095763391538039,Low,0.0,0.0,0.0,0.0,1.0,0.0,0.0,0.0
E06000039,South East,Slough,FYE 2023,7.0,2023,Slough,324,201,365800000.0,461900000.0,2298009.9502487564,0.9990123456790123,0.6578352976292855,Medium,0.0,0.0,0.0,0.0,1.0,0.0,0.0,0.0
E06000045,South East,Southampton,FYE 2023,4.0,2023,Southampton,594,369,482900000.0,603400000.0,1635230.352303523,0.9990123456790123,0.4681059998820219,Medium,0.0,0.0,0.0,0.0,1.0,0.0,0.0,0.0
E10000030,South East,Surrey,FYE 2023,5.0,2023,Surrey,5486,3409,6499700000.0,8448300000.0,2478234.0862423,0.9990123456790123,0.709426805372087,Medium,0.0,0.0,0.0,0.0,1.0,0.0,0.0,0.0
E06000037,South East,West Berkshire,FYE 2023,3.0,2023,West Berkshire,1388,862,1359000000.0,1805500000.0,2094547.5638051045,0.9990123456790123,0.59959153783702,Medium,0.0,0.0,0.0,0.0,1.0,0.0,0.0,0.0
E10000032,South East,West Sussex,FYE 2023,6.0,2023,West Sussex,4142,2574,3336600000.0,4264500000.0,1656759.9067599068,0.9990123456790123,0.4742691154342883,Medium,0.0,0.0,0.0,0.0,1.0,0.0,0.0,0.0
E06000040,South East,Windsor and Maidenhead,FYE 2023,4.0,2023,Windsor and Maidenhead,685,426,850800000.0,1079000000.0,2532863.8497652584,0.9990123456790123,0.7250652871561422,High,0.0,0.0,0.0,0.0,1.0,0.0,0.0,0.0
E06000041,South East,Wokingham,FYE 2023,3.0,2023,Wokingham,813,505,779700000.0,985000000.0,1950495.0495049504,0.9990123456790123,0.5583546282193611,Medium,0.0,0.0,0.0,0.0,1.0,0.0,0.0,0.0
E06000022,South West,Bath and North East Somerset,FYE 2023,5.0,2023,Bath and North East Somerset,1092,679,584200000.0,742500000.0,1093519.882179676,0.9990123456790123,0.3130343178363258,Low,0.0,0.0,0.0,0.0,0.0,1.0,0.0,0.0
E06000058,South West,"Bournemouth, Christchurch and Poole",FYE 2023,3.0,2023,"Bournemouth, Christchurch and Poole",1270,789,1023200000.0,1258600000.0,1595183.7769328263,0.9990123456790123,0.4566421457654789,Medium,0.0,0.0,0.0,0.0,0.0,1.0,0.0,0.0
E06000023,South West,"Bristol, City of",FYE 2023,9.0,2023,"Bristol, City of",1149,714,1132400000.0,1420800000.0,1989915.9663865545,0.9990123456790123,0.5696393794393557,Medium,0.0,0.0,0.0,0.0,0.0,1.0,0.0,0.0
E06000052,South West,Cornwall,FYE 2023,1.0,2023,Cornwall excluding Isles of Scilly,7460,4635,2608800000.0,3486500000.0,752211.4347357065,0.9990123456790123,0.21533032657058362,Low,0.0,0.0,0.0,0.0,0.0,1.0,0.0,0.0
E10000008,South West,Devon,FYE 2023,2.0,2023,Devon,13018,8089,4436600000.0,5875900000.0,726406.2306836444,0.9990123456790123,0.2079432505981166,Low,0.0,0.0,0.0,0.0,0.0,1.0,0.0,0.0
E10000013,South West,Gloucestershire,FYE 2023,2.0,2023,Gloucestershire,5625,3495,3325900000.0,4342400000.0,1242460.6580829758,0.9990123456790123,0.3556705560453369,Low,0.0,0.0,0.0,0.0,0.0,1.0,0.0,0.0
E06000024,South West,North Somerset,FYE 2023,1.0,2023,North Somerset,1143,710,1256700000.0,1604900000.0,2260422.5352112674,0.9990123456790123,0.6470754102077252,Medium,0.0,0.0,0.0,0.0,0.0,1.0,0.0,0.0
E06000026,South West,Plymouth,FYE 2023,2.0,2023,Plymouth,857,533,806000000.0,994000000.0,1864915.5722326455,0.9990123456790123,0.5338563875149241,Medium,0.0,0.0,0.0,0.0,0.0,1.0,0.0,0.0
E06000066,South West,Somerset,FYE 2023,2.0,2023,Somerset,6798,4224,3429200000.0,4511100000.0,1067968.75,0.9990123456790123,0.3057199732485824,Low,0.0,0.0,0.0,0.0,0.0,1.0,0.0,0.0
E06000025,South West,South Gloucestershire,FYE 2023,3.0,2023,South Gloucestershire,1569,975,1958700000.0,2617300000.0,2684410.2564102565,0.9990123456790123,0.7684474211234775,High,0.0,0.0,0.0,0.0,0.0,1.0,0.0,0.0
E06000030,South West,Swindon,FYE 2023,2.0,2023,Swindon,855,531,949400000.0,1222600000.0,2302448.210922787,0.9990123456790123,0.6591058075899326,Medium,0.0,0.0,0.0,0.0,0.0,1.0,0.0,0.0
E06000027,South West,Torbay,FYE 2023,3.0,2023,Torbay,525,326,344700000.0,419500000.0,1286809.8159509203,0.9990123456790123,0.3683660804761643,Low,0.0,0.0,0.0,0.0,0.0,1.0,0.0,0.0
E06000054,South West,Wiltshire,FYE 2023,3.0,2023,Wiltshire,4676,2906,2837100000.0,3724100000.0,1281520.9910529938,0.9990123456790123,0.366852085421243,Low,0.0,0.0,0.0,0.0,0.0,1.0,0.0,0.0
E06000047,North East,County Durham,FYE 2024,3.0,2024,Durham,3859,2398,2110400000.0,2813600000.0,1173311.0925771475,0.9995061728395062,0.33587559171085346,Low,0.0,0.0,1.0,0.0,0.0,0.0,0.0,0.0
E06000005,North East,Darlington,FYE 2024,7.0,2024,Darlington,563,350,419300000.0,539900000.0,1542571.4285714286,0.9995061728395062,0.44158117536387154,Medium,0.0,0.0,1.0,0.0,0.0,0.0,0.0,0.0
E08000037,North East,Gateshead,FYE 2024,1.0,2024,Gateshead,916,569,871000000.0,1104100000.0,1940421.7926186293,0.9995061728395062,0.5554710271534946,Medium,0.0,0.0,1.0,0.0,0.0,0.0,0.0,0.0
E06000001,North East,Hartlepool,FYE 2024,3.0,2024,Hartlepool,417,259,333400000.0,421400000.0,1627027.027027027,0.9995061728395062,0.46575769110980375,Medium,0.0,0.0,1.0,0.0,0.0,0.0,0.0,0.0
E06000002,North East,Middlesbrough,FYE 2024,1.0,2024,Middlesbrough,577,359,730900000.0,896500000.0,2497214.484679666,0.9995061728395062,0.714860191791417,High,0.0,0.0,1.0,0.0,0.0,0.0,0.0,0.0
E08000021,North East,Newcastle upon Tyne,FYE 2024,6.0,2024,Newcastle upon Tyne,1016,631,935100000.0,1135400000.0,1799366.085578447,0.9995061728395062,0.5150919926706181,Medium,0.0,0.0,1.0,0.0,0.0,0.0,0.0,0.0
E08000022,North East,North Tyneside,FYE 2024,14.0,2024,North Tyneside,822,511,699100000.0,847400000.0,1658317.0254403132,0.9995061728395062,0.4747148609500805,Medium,0.0,0.0,1.0,0.0,0.0,0.0,0.0,0.0
E06000057,North East,Northumberland,FYE 2024,2.0,2024,Northumberland,5011,3114,1587000000.0,2082700000.0,668818.2402055234,0.9995061728395062,0.1914579377943377,Low,0.0,0.0,1.0,0.0,0.0,0.0,0.0,0.0
E06000003,North East,Redcar and Cleveland,FYE 2024,1.0,2024,Redcar and Cleveland,664,413,493000000.0,610100000.0,1477239.7094430993,0.9995061728395062,0.4228791193119536,Medium,0.0,0.0,1.0,0.0,0.0,0.0,0.0,0.0
E08000023,North East,South Tyneside,FYE 2024,2.0,2024,South Tyneside,573,356,412300000.0,511400000.0,1436516.8539325842,0.9995061728395062,0.41122167119160313,Low,0.0,0.0,1.0,0.0,0.0,0.0,0.0,0.0
E06000004,North East,Stockton-on-Tees,FYE 2024,1.0,2024,Stockton-on-Tees,872,542,765700000.0,964500000.0,1779520.295202952,0.9995061728395062,0.5094108765305688,Medium,0.0,0.0,1.0,0.0,0.0,0.0,0.0,0.0
E08000024,North East,Sunderland,FYE 2024,1.0,2024,Sunderland,1193,741,878000000.0,1095400000.0,1478272.604588394,0.9995061728395062,0.4231747990087501,Medium,0.0,0.0,1.0,0.0,0.0,0.0,0.0,0.0
E06000008,North West,Blackburn with Darwen,FYE 2024,5.0,2024,Blackburn with Darwen,536,333,360400000.0,445800000.0,1338738.7387387387,0.9995061728395062,0.3832314114004255,Low,0.0,0.0,0.0,1.0,0.0,0.0,0.0,0.0
E06000009,North West,Blackpool,FYE 2024,4.0,2024,Blackpool,448,278,281500000.0,333800000.0,1200719.4244604316,0.9995061728395062,0.34372158391815905,Low,0.0,0.0,0.0,1.0,0.0,0.0,0.0,0.0
E08000001,North West,Bolton,FYE 2024,2.0,2024,Bolton,1006,625,1044800000.0,1304500000.0,2087200.0,0.9995061728395062,0.5974882019389062,Medium,0.0,0.0,0.0,1.0,0.0,0.0,0.0,0.0
E08000002,North West,Bury,FYE 2024,6.0,2024,Bury,603,375,784200000.0,1021300000.0,2723466.6666666665,0.9995061728395062,0.7796278275714895,High,0.0,0.0,0.0,1.0,0.0,0.0,0.0,0.0
E06000049,North West,Cheshire East,FYE 2024,3.0,2024,East Cheshire,2771,1722,2235900000.0,2982200000.0,1731823.4610917538,0.9995061728395062,0.49575703614570965,Medium,0.0,0.0,0.0,1.0,0.0,0.0,0.0,0.0
E06000050,North West,Cheshire West and Chester,FYE 2024,1.0,2024,West Cheshire,2323,1443,1984800000.0,2568000000.0,1779625.7796257797,0.9995061728395062,0.5094410728213545,Medium,0.0,0.0,0.0,1.0,0.0,0.0,0.0,0.0
E06000063,North West,Cumberland,FYE 2024,2.0,2024,Cumberland,3736,2321,1163600000.0,1563500000.0,673632.0551486429,0.9995061728395062,0.19283595505901335,Low,0.0,0.0,0.0,1.0,0.0,0.0,0.0,0.0
E06000006,North West,Halton,FYE 2024,1.0,2024,Halton,601,373,503500000.0,643600000.0,1725469.1689008044,0.9995061728395062,0.49393803719220025,Medium,0.0,0.0,0.0,1.0,0.0,0.0,0.0,0.0
E08000011,North West,Knowsley,FYE 2024,4.0,2024,Knowsley,609,378,809900000.0,1026700000.0,2716137.566137566,0.9995061728395062,0.777529777026759,High,0.0,0.0,0.0,1.0,0.0,0.0,0.0,0.0
E10000017,North West,Lancashire,FYE 2024,2.0,2024,Lancashire,7142,4438,5672700000.0,7331600000.0,1652005.40784137,0.9995061728395062,0.4729080781546998,Medium,0.0,0.0,0.0,1.0,0.0,0.0,0.0,0.0
E08000012,North West,Liverpool,FYE 2024,10.0,2024,Liverpool,1433,890,1121700000.0,1363100000.0,1531573.0337078653,0.9995061728395062,0.4384327414949349,Medium,0.0,0.0,0.0,1.0,0.0,0.0,0.0,0.0
E08000003,North West,Manchester,FYE 2024,6.0,2024,Manchester,1408,875,1442200000.0,1738800000.0,1987200.0,0.9995061728395062,0.5688618986647156,Medium,0.0,0.0,0.0,1.0,0.0,0.0,0.0,0.0
E08000004,North West,Oldham,FYE 2024,4.0,2024,Oldham,833,518,583900000.0,725000000.0,1399613.8996138996,0.9995061728395062,0.40065771957120044,Low,0.0,0.0,0.0,1.0,0.0,0.0,0.0,0.0
E08000005,North West,Rochdale,FYE 2024,4.0,2024,Rochdale,792,492,848100000.0,1132900000.0,2302642.276422764,0.9995061728395062,0.6591613613685067,Medium,0.0,0.0,0.0,1.0,0.0,0.0,0.0,0.0
E08000006,North West,Salford,FYE 2024,6.0,2024,Salford,818,508,1128100000.0,1486300000.0,2925787.401574803,0.9995061728395062,0.8375447747328638,High,0.0,0.0,0.0,1.0,0.0,0.0,0.0,0.0
E08000014,North West,Sefton,FYE 2024,3.0,2024,Sefton,1004,624,597800000.0,741800000.0,1188782.0512820513,0.9995061728395062,0.340304355269144,Low,0.0,0.0,0.0,1.0,0.0,0.0,0.0,0.0
E08000013,North West,St. Helens,FYE 2024,6.0,2024,St. Helens,747,464,653300000.0,859400000.0,1852155.1724137932,0.9995061728395062,0.5302035567637802,Medium,0.0,0.0,0.0,1.0,0.0,0.0,0.0,0.0
E08000007,North West,Stockport,FYE 2024,4.0,2024,Stockport,992,616,1028700000.0,1258800000.0,2043506.4935064935,0.9995061728395062,0.5849803662589468,Medium,0.0,0.0,0.0,1.0,0.0,0.0,0.0,0.0
E08000008,North West,Tameside,FYE 2024,5.0,2024,Tameside,771,479,611600000.0,769200000.0,1605845.5114822546,0.9995061728395062,0.4596942062318874,Medium,0.0,0.0,0.0,1.0,0.0,0.0,0.0,0.0
E08000009,North West,Trafford,FYE 2024,5.0,2024,Trafford,824,512,808600000.0,990000000.0,1933593.75,0.9995061728395062,0.5535164109657947,Medium,0.0,0.0,0.0,1.0,0.0,0.0,0.0,0.0
E06000007,North West,Warrington,FYE 2024,1.0,2024,Warrington,1014,630,1326600000.0,1768500000.0,2807142.8571428573,0.9995061728395062,0.8035812276254932,High,0.0,0.0,0.0,1.0,0.0,0.0,0.0,0.0
E06000064,North West,Westmorland and Furness,FYE 2024,4.0,2024,Westmorland and Furness,4255,2644,1707600000.0,2375400000.0,898411.497730711,0.9995061728395062,0.2571819999905913,Low,0.0,0.0,0.0,1.0,0.0,0.0,0.0,0.0
E08000010,North West,Wigan,FYE 2024,2.0,2024,Wigan,1184,736,980200000.0,1251200000.0,1700000.0,0.9995061728395062,0.48664715566124017,Medium,0.0,0.0,0.0,1.0,0.0,0.0,0.0,0.0
E08000015,North West,Wirral,FYE 2024,4.0,2024,Wirral,1220,758,909500000.0,1105000000.0,1457783.6411609498,0.9995061728395062,0.4173095662002719,Low,0.0,0.0,0.0,1.0,0.0,0.0,0.0,0.0
E08000016,Yorkshire and the Humber,Barnsley,FYE 2024,3.0,2024,Barnsley,1203,748,987100000.0,1310100000.0,1751470.5882352942,0.9995061728395062,0.5013812823464854,Medium,0.0,0.0,0.0,0.0,0.0,0.0,0.0,1.0
E08000032,Yorkshire and the Humber,Bradford,FYE 2024,6.0,2024,Bradford,1828,1136,1221400000.0,1508100000.0,1327552.8169014084,0.9995061728395062,0.38002929549125736,Low,0.0,0.0,0.0,0.0,0.0,0.0,0.0,1.0
E08000033,Yorkshire and the Humber,Calderdale,FYE 2024,4.0,2024,Calderdale,1153,716,731900000.0,971600000.0,1356983.2402234636,0.9995061728395062,0.38845413772630705,Low,0.0,0.0,0.0,0.0,0.0,0.0,0.0,1.0
E08000017,Yorkshire and the Humber,Doncaster,FYE 2024,3.0,2024,Doncaster,1695,1053,1555600000.0,2177500000.0,2067901.2345679011,0.9995061728395062,0.5919636788181388,Medium,0.0,0.0,0.0,0.0,0.0,0.0,0.0,1.0
E06000011,Yorkshire and the Humber,East Riding of Yorkshire,FYE 2024,2.0,2024,East Riding of Yorkshire,3508,2180,1742300000.0,2351600000.0,1078715.5963302753,0.9995061728395062,0.3087963980714982,Low,0.0,0.0,0.0,0.0,0.0,0.0,0.0,1.0
E06000010,Yorkshire and the Humber,"Kingston upon Hull, City of",FYE 2024,2.0,2024,"Kingston upon Hull, City of",762,473,589100000.0,750400000.0,1586469.3446088794,0.9995061728395062,0.4541475259398018,Medium,0.0,0.0,0.0,0.0,0.0,0.0,0.0,1.0
E08000034,Yorkshire and the Humber,Kirklees,FYE 2024,5.0,2024,Kirklees,1928,1198,1306900000.0,1732400000.0,1446076.7946577629,0.9995061728395062,0.41395832881642564,Low,0.0,0.0,0.0,0.0,0.0,0.0,0.0,1.0
E06000012,Yorkshire and the Humber,North East Lincolnshire,FYE 2024,2.0,2024,North East Lincolnshire,653,406,481000000.0,612000000.0,1507389.1625615763,0.9995061728395062,0.43150979319715876,Medium,0.0,0.0,0.0,0.0,0.0,0.0,0.0,1.0
E06000013,Yorkshire and the Humber,North Lincolnshire,FYE 2024,3.0,2024,North Lincolnshire,1430,889,774900000.0,1126300000.0,1266929.1338582677,0.9995061728395062,0.36267497612734384,Low,0.0,0.0,0.0,0.0,0.0,0.0,0.0,1.0
E06000065,Yorkshire and the Humber,North Yorkshire,FYE 2024,3.0,2024,North Yorkshire,8753,5439,3989300000.0,5460700000.0,1003989.703989704,0.9995061728395062,0.28740513750574115,Low,0.0,0.0,0.0,0.0,0.0,0.0,0.0,1.0
E08000018,Yorkshire and the Humber,Rotherham,FYE 2024,3.0,2024,Rotherham,1197,744,1148700000.0,1547100000.0,2079435.4838709678,0.9995061728395062,0.595265508004036,Medium,0.0,0.0,0.0,0.0,0.0,0.0,0.0,1.0
E08000019,Yorkshire and the Humber,Sheffield,FYE 2024,1.0,2024,Sheffield,1972,1225,1387200000.0,1765200000.0,1440979.5918367347,0.9995061728395062,0.4124991880783775,Low,0.0,0.0,0.0,0.0,0.0,0.0,0.0,1.0
E08000036,Yorkshire and the Humber,Wakefield,FYE 2024,3.0,2024,Wakefield,1498,931,1414200000.0,1904400000.0,2045542.4274973148,0.9995061728395062,0.5855631788976217,Medium,0.0,0.0,0.0,0.0,0.0,0.0,0.0,1.0
E06000014,Yorkshire and the Humber,York,FYE 2024,2.0,2024,York,816,507,657900000.0,827100000.0,1631360.9467455621,0.9995061728395062,0.4669983321120916,Medium,0.0,0.0,0.0,0.0,0.0,0.0,0.0,1.0
E06000015,East Midlands,Derby,FYE 2024,9.0,2024,Derby,784,487,1022100000.0,1213500000.0,2491786.447638604,0.9995061728395062,0.7133063454462072,High,0.0,0.0,0.0,0.0,0.0,0.0,0.0,0.0
E10000007,East Midlands,Derbyshire,FYE 2024,28.0,2024,Derbyshire,5708,3547,4146600000.0,5459900000.0,1539300.8175923314,0.9995061728395062,0.4406449203460762,Medium,0.0,0.0,0.0,0.0,0.0,0.0,0.0,0.0
E06000016,East Midlands,Leicester,FYE 2024,4.0,2024,Leicester,837,520,850200000.0,1022500000.0,1966346.1538461538,0.9995061728395062,0.5628922134203824,Medium,0.0,0.0,0.0,0.0,0.0,0.0,0.0,0.0
E10000018,East Midlands,Leicestershire,FYE 2024,3.0,2024,Leicestershire,4739,2945,3875400000.0,5243200000.0,1780373.5144312393,0.9995061728395062,0.509655121654452,Medium,0.0,0.0,0.0,0.0,0.0,0.0,0.0,0.0
E10000019,East Midlands,Lincolnshire,FYE 2024,2.0,2024,Lincolnshire,8973,5576,3236700000.0,4386500000.0,786675.0358680057,0.9995061728395062,0.22519598154992299,Low,0.0,0.0,0.0,0.0,0.0,0.0,0.0,0.0
E06000061,East Midlands,North Northamptonshire,FYE 2024,3.0,2024,North Northamptonshire,1901,1181,1744000000.0,2314500000.0,1959779.8475867908,0.9995061728395062,0.561012522676665,Medium,0.0,0.0,0.0,0.0,0.0,0.0,0.0,0.0
E06000018,East Midlands,Nottingham,FYE 2024,19.0,2024,Nottingham,801,498,861100000.0,1069600000.0,2147791.1646586345,0.9995061728395062,0.6148332124914511,Medium,0.0,0.0,0.0,0.0,0.0,0.0,0.0,0.0
E10000024,East Midlands,Nottinghamshire,FYE 2024,3.0,2024,Nottinghamshire,4519,2808,3650700000.0,4863000000.0,1731837.6068376068,0.9995061728395062,0.4957610855498179,Medium,0.0,0.0,0.0,0.0,0.0,0.0,0.0,0.0
E06000017,East Midlands,Rutland,FYE 2024,3.0,2024,Rutland,560,348,320800000.0,440600000.0,1266091.9540229884,0.9995061728395062,0.36243532248874644,Low,0.0,0.0,0.0,0.0,0.0,0.0,0.0,0.0
E06000062,East Midlands,West Northamptonshire,FYE 2024,4.0,2024,West Northamptonshire,2639,1640,2733700000.0,3784500000.0,2307621.951219512,0.9995061728395062,0.6605868581778922,Medium,0.0,0.0,0.0,0.0,0.0,0.0,0.0,0.0
E08000025,West Midlands,Birmingham,FYE 2024,6.0,2024,Birmingham,2588,1608,2980400000.0,3657300000.0,2274440.2985074627,0.9995061728395062,0.6510881776411522,Medium,0.0,0.0,0.0,0.0,0.0,0.0,1.0,0.0
E08000026,West Midlands,Coventry,FYE 2024,2.0,2024,Coventry,900,559,1006600000.0,1229500000.0,2199463.327370304,0.9995061728395062,0.6296250424976269,Medium,0.0,0.0,0.0,0.0,0.0,0.0,1.0,0.0
E08000027,West Midlands,Dudley,FYE 2024,2.0,2024,Dudley,1045,649,853300000.0,1071600000.0,1651155.6240369799,0.9995061728395062,0.47266481646568015,Medium,0.0,0.0,0.0,0.0,0.0,0.0,1.0,0.0
E06000019,West Midlands,"Herefordshire, County of",FYE 2024,5.0,2024,"Herefordshire, County of",3351,2082,900300000.0,1248900000.0,599855.9077809799,0.9995061728395062,0.1717165713695324,Low,0.0,0.0,0.0,0.0,0.0,0.0,1.0,0.0
E08000028,West Midlands,Sandwell,FYE 2024,2.0,2024,Sandwell,856,532,1027900000.0,1357500000.0,2551691.7293233084,0.9995061728395062,0.7304550130585289,High,0.0,0.0,0.0,0.0,0.0,0.0,1.0,0.0
E06000051,West Midlands,Shropshire,FYE 2024,9.0,2024,Shropshire,5189,3224,1603600000.0,2188700000.0,678877.1712158809,0.9995061728395062,0.19433743789150423,Low,0.0,0.0,0.0,0.0,0.0,0.0,1.0,0.0
E08000029,West Midlands,Solihull,FYE 2024,3.0,2024,Solihull,881,547,1127600000.0,1434300000.0,2622120.6581352833,0.9995061728395062,0.7506162118130086,High,0.0,0.0,0.0,0.0,0.0,0.0,1.0,0.0
E10000028,West Midlands,Staffordshire,FYE 2024,3.0,2024,Staffordshire,6326,3931,4539200000.0,6136600000.0,1561078.6059526838,0.9995061728395062,0.44687909608852205,Medium,0.0,0.0,0.0,0.0,0.0,0.0,1.0,0.0
E06000020,West Midlands,Telford and Wrekin,FYE 2024,7.0,2024,Telford and Wrekin,1092,679,746600000.0,949200000.0,1397938.144329897,0.9995061728395062,0.4001780127814686,Low,0.0,0.0,0.0,0.0,0.0,0.0,1.0,0.0
E08000030,West Midlands,Walsall,FYE 2024,1.0,2024,Walsall,882,548,766800000.0,1018000000.0,1857664.2335766423,0.9995061728395062,0.5317805973198181,Medium,0.0,0.0,0.0,0.0,0.0,0.0,1.0,0.0
E10000031,West Midlands,Warwickshire,FYE 2024,4.0,2024,Warwickshire,4365,2712,4657600000.0,6269700000.0,2311836.2831858406,0.9995061728395062,0.6617932656275545,Medium,0.0,0.0,0.0,0.0,0.0,0.0,1.0,0.0
E08000031,West Midlands,Wolverhampton,FYE 2024,2.0,2024,Wolverhampton,745,463,585700000.0,722100000.0,1559611.231101512,0.9995061728395062,0.4464590409134564,Medium,0.0,0.0,0.0,0.0,0.0,0.0,1.0,0.0
E06000055,East of England,Bedford,FYE 2024,1.0,2024,Bedford,986,613,675800000.0,870200000.0,1419575.8564437195,0.9995061728395062,0.4063720898727677,Low,1.0,0.0,0.0,0.0,0.0,0.0,0.0,0.0
E10000003,East of England,Cambridgeshire,FYE 2024,6.0,2024,Cambridgeshire,4699,2920,3811100000.0,5248200000.0,1797328.7671232878,0.9995061728395062,0.5145087837109832,Medium,1.0,0.0,0.0,0.0,0.0,0.0,0.0,0.0
E06000056,East of England,Central Bedfordshire,FYE 2024,2.0,2024,Central Bedfordshire,1492,927,1554700000.0,2114100000.0,2280582.524271845,0.9995061728395062,0.6528464698162497,Medium,1.0,0.0,0.0,0.0,0.0,0.0,0.0,0.0
E10000012,East of England,Essex,FYE 2024,3.0,2024,Essex,8384,5210,7251800000.0,9708100000.0,1863358.9251439539,0.9995061728395062,0.5334107769984064,Medium,1.0,0.0,0.0,0.0,0.0,0.0,0.0,0.0
E10000015,East of England,Hertfordshire,FYE 2024,3.0,2024,Hertfordshire,5020,3119,5592400000.0,7361600000.0,2360243.6678422573,0.9995061728395062,0.6756505103664043,Medium,1.0,0.0,0.0,0.0,0.0,0.0,0.0,0.0
E06000032,East of England,Luton,FYE 2024,5.0,2024,Luton,469,291,409800000.0,508600000.0,1747766.323024055,0.9995061728395062,0.5003208881530357,Medium,1.0,0.0,0.0,0.0,0.0,0.0,0.0,0.0
E10000020,East of England,Norfolk,FYE 2024,4.0,2024,Norfolk,9975,6198,4246900000.0,5544000000.0,894482.0909970958,0.9995061728395062,0.2560571561021502,Low,1.0,0.0,0.0,0.0,0.0,0.0,0.0,0.0
E06000031,East of England,Peterborough,FYE 2024,1.0,2024,Peterborough,1006,625,944900000.0,1214800000.0,1943680.0,0.9995061728395062,0.5564037314797878,Medium,1.0,0.0,0.0,0.0,0.0,0.0,0.0,0.0
E06000033,East of England,Southend-on-Sea,FYE 2024,9.0,2024,Southend-on-Sea,458,285,331400000.0,400700000.0,1405964.9122807018,0.9995061728395062,0.4024757797181815,Low,1.0,0.0,0.0,0.0,0.0,0.0,0.0,0.0
E10000029,East of England,Suffolk,FYE 2024,3.0,2024,Suffolk,6785,4216,3096500000.0,4181900000.0,991911.7647058824,0.9995061728395062,0.28394766997708176,Low,1.0,0.0,0.0,0.0,0.0,0.0,0.0,0.0
E06000034,East of England,Thurrock,FYE 2024,7.0,2024,Thurrock,608,378,806500000.0,1129400000.0,2987830.687830688,0.9995061728395062,0.8553054740177477,High,1.0,0.0,0.0,0.0,0.0,0.0,0.0,0.0
E09000002,London,Barking and Dagenham,FYE 2024,6.0,2024,Barking and Dagenham,344,214,311500000.0,411300000.0,1921962.61682243,0.9995061728395062,0.5501868475081586,Medium,0.0,1.0,0.0,0.0,0.0,0.0,0.0,0.0
E09000003,London,Barnet,FYE 2024,6.0,2024,Barnet,766,476,812700000.0,1052100000.0,2210294.117647059,0.9995061728395062,0.6327254973692422,Medium,0.0,1.0,0.0,0.0,0.0,0.0,0.0,0.0
E09000004,London,Bexley,FYE 2024,4.0,2024,Bexley,551,342,484400000.0,621000000.0,1815789.4736842106,0.9995061728395062,0.5197934015576714,Medium,0.0,1.0,0.0,0.0,0.0,0.0,0.0,0.0
E09000005,London,Brent,FYE 2024,11.0,2024,Brent,464,288,464100000.0,600800000.0,2086111.111111111,0.9995061728395062,0.5971764933032538,Medium,0.0,1.0,0.0,0.0,0.0,0.0,0.0,0.0
E09000006,London,Bromley,FYE 2024,2.0,2024,Bromley,916,569,711200000.0,891300000.0,1566432.3374340949,0.9995061728395062,0.4484116714988766,Medium,0.0,1.0,0.0,0.0,0.0,0.0,0.0,0.0
E09000007,London,Camden,FYE 2024,9.0,2024,Camden,277,172,196300000.0,277800000.0,1615116.2790697673,0.9995061728395062,0.46234808427733415,Medium,0.0,1.0,0.0,0.0,0.0,0.0,0.0,0.0
E09000001,London,City of London,FYE 2024,7.0,2024,City of London,48,30,47600000.0,74100000.0,2470000.0,0.9995061728395062,0.7070696908725078,Medium,0.0,1.0,0.0,0.0,0.0,0.0,0.0,0.0
E09000008,London,Croydon,FYE 2024,7.0,2024,Croydon,775,482,665500000.0,843600000.0,1750207.468879668,0.9995061728395062,0.5010196979690288,Medium,0.0,1.0,0.0,0.0,0.0,0.0,0.0,0.0
E09000009,London,Ealing,FYE 2024,8.0,2024,Ealing,590,367,606400000.0,788200000.0,2147683.923705722,0.9995061728395062,0.6148025133710363,Medium,0.0,1.0,0.0,0.0,0.0,0.0,0.0,0.0
E09000010,London,Enfield,FYE 2024,4.0,2024,Enfield,635,395,802400000.0,1109800000.0,2809620.253164557,0.9995061728395062,0.8042904145239677,High,0.0,1.0,0.0,0.0,0.0,0.0,0.0,0.0
E09000011,London,Greenwich,FYE 2024,6.0,2024,Greenwich,518,322,571400000.0,754800000.0,2344099.3788819876,0.9995061728395062,0.6710289972471759,Medium,0.0,1.0,0.0,0.0,0.0,0.0,0.0,0.0
E09000012,London,Hackney,FYE 2024,13.0,2024,Hackney,270,168,195400000.0,274000000.0,1630952.380952381,0.9995061728395062,0.46688137482906095,Medium,0.0,1.0,0.0,0.0,0.0,0.0,0.0,0.0
E09000013,London,Hammersmith and Fulham,FYE 2024,5.0,2024,Hammersmith and Fulham,220,137,212300000.0,301200000.0,2198540.1459854012,0.9995061728395062,0.6293607697946136,Medium,0.0,1.0,0.0,0.0,0.0,0.0,0.0,0.0
E09000014,London,Haringey,FYE 2024,4.0,2024,Haringey,354,220,235400000.0,321400000.0,1460909.0909090908,0.9995061728395062,0.41820426692385715,Low,0.0,1.0,0.0,0.0,0.0,0.0,0.0,0.0
E09000015,London,Harrow,FYE 2024,4.0,2024,Harrow,473,294,330100000.0,406500000.0,1382653.0612244897,0.9995061728395062,0.39580245853600265,Low,0.0,1.0,0.0,0.0,0.0,0.0,0.0,0.0
E09000016,London,Havering,FYE 2024,4.0,2024,Havering,683,424,815800000.0,1130000000.0,2665094.3396226414,0.9995061728395062,0.7629179882036645,High,0.0,1.0,0.0,0.0,0.0,0.0,0.0,0.0
E09000017,London,Hillingdon,FYE 2024,2.0,2024,Hillingdon,728,452,1170300000.0,1465000000.0,3241150.4424778763,0.9995061728395062,0.9278215552364873,High,0.0,1.0,0.0,0.0,0.0,0.0,0.0,0.0
E09000018,London,Hounslow,FYE 2024,2.0,2024,Hounslow,500,311,824300000.0,1029600000.0,3310610.9324758844,0.9995061728395062,0.947705525759056,High,0.0,1.0,0.0,0.0,0.0,0.0,0.0,0.0
E09000019,London,Islington,FYE 2024,9.0,2024,Islington,236,147,154600000.0,225200000.0,1531972.7891156462,0.9995061728395062,0.4385471766903212,Medium,0.0,1.0,0.0,0.0,0.0,0.0,0.0,0.0
E09000020,London,Kensington and Chelsea,FYE 2024,4.0,2024,Kensington and Chelsea,214,133,213200000.0,309500000.0,2327067.6691729324,0.9995061728395062,0.666153448373082,Medium,0.0,1.0,0.0,0.0,0.0,0.0,0.0,0.0
E09000021,London,Kingston upon Thames,FYE 2024,3.0,2024,Kingston upon Thames,343,213,478600000.0,596400000.0,2800000.0,0.9995061728395062,0.8015364916773368,High,0.0,1.0,0.0,0.0,0.0,0.0,0.0,0.0
E09000022,London,Lambeth,FYE 2024,6.0,2024,Lambeth,383,238,317500000.0,452800000.0,1902521.0084033613,0.9995061728395062,0.5446214337207353,Medium,0.0,1.0,0.0,0.0,0.0,0.0,0.0,0.0
E09000023,London,Lewisham,FYE 2024,6.0,2024,Lewisham,433,269,331000000.0,448100000.0,1665799.2565055762,0.9995061728395062,0.4768567471064984,Medium,0.0,1.0,0.0,0.0,0.0,0.0,0.0,0.0
E09000024,London,Merton,FYE 2024,4.0,2024,Merton,375,233,311200000.0,404400000.0,1735622.3175965666,0.9995061728395062,0.4968445083297287,Medium,0.0,1.0,0.0,0.0,0.0,0.0,0.0,0.0
E09000025,London,Newham,FYE 2024,10.0,2024,Newham,431,268,446100000.0,595600000.0,2222388.0597014925,0.9995061728395062,0.6361875458995493,Medium,0.0,1.0,0.0,0.0,0.0,0.0,0.0,0.0
E09000026,London,Redbridge,FYE 2024,7.0,2024,Redbridge,537,334,560100000.0,719000000.0,2152694.610778443,0.9995061728395062,0.616236887848594,Medium,0.0,1.0,0.0,0.0,0.0,0.0,0.0,0.0
E09000027,London,Richmond upon Thames,FYE 2024,7.0,2024,Richmond upon Thames,413,257,401300000.0,507800000.0,1975875.4863813228,0.9995061728395062,0.5656201090519061,Medium,0.0,1.0,0.0,0.0,0.0,0.0,0.0,0.0
E09000028,London,Southwark,FYE 2024,7.0,2024,Southwark,393,244,305500000.0,430200000.0,1763114.7540983607,0.9995061728395062,0.5047145765801965,Medium,0.0,1.0,0.0,0.0,0.0,0.0,0.0,0.0
E09000029,London,Sutton,FYE 2024,3.0,2024,Sutton,469,291,363600000.0,461800000.0,1586941.5807560137,0.9995061728395062,0.4542827096914508,Medium,0.0,1.0,0.0,0.0,0.0,0.0,0.0,0.0
E09000030,London,Tower Hamlets,FYE 2024,7.0,2024,Tower Hamlets,297,185,371200000.0,520100000.0,2811351.3513513515,0.9995061728395062,0.8047859639408935,High,0.0,1.0,0.0,0.0,0.0,0.0,0.0,0.0
E09000031,London,Waltham Forest,FYE 2024,5.0,2024,Waltham Forest,421,262,378200000.0,498400000.0,1902290.0763358779,0.9995061728395062,0.5445553264067402,Medium,0.0,1.0,0.0,0.0,0.0,0.0,0.0,0.0
E09000032,London,Wandsworth,FYE 2024,6.0,2024,Wandsworth,431,268,335000000.0,457300000.0,1706343.2835820895,0.9995061728395062,0.48846300325699105,Medium,0.0,1.0,0.0,0.0,0.0,0.0,0.0,0.0
E09000033,London,Westminster,FYE 2024,5.0,2024,Westminster,336,209,302600000.0,453300000.0,2168899.5215311004,0.9995061728395062,0.6208757547459616,Medium,0.0,1.0,0.0,0.0,0.0,0.0,0.0,0.0
E06000036,South East,Bracknell Forest,FYE 2024,7.0,2024,Bracknell Forest,477,296,358100000.0,438100000.0,1480067.5675675676,0.9995061728395062,0.42368863055482775,Medium,0.0,0.0,0.0,0.0,1.0,0.0,0.0,0.0
E06000043,South East,Brighton and Hove,FYE 2024,18.0,2024,Brighton and Hove,620,385,595600000.0,759100000.0,1971688.3116883116,0.9995061728395062,0.5644214757256645,Medium,0.0,0.0,0.0,0.0,1.0,0.0,0.0,0.0
E06000060,South East,Buckinghamshire,FYE 2024,4.0,2024,Buckinghamshire,3371,2095,3146000000.0,4056700000.0,1936372.3150357995,0.9995061728395062,0.5543118114196134,Medium,0.0,0.0,0.0,0.0,1.0,0.0,0.0,0.0
E10000011,South East,East Sussex,FYE 2024,4.0,2024,East Sussex,3375,2097,2059200000.0,2648700000.0,1263090.1287553648,0.9995061728395062,0.36157601088387525,Low,0.0,0.0,0.0,0.0,1.0,0.0,0.0,0.0
E10000014,South East,Hampshire,FYE 2024,4.0,2024,Hampshire,9111,5661,7460100000.0,9610900000.0,1697738.915385974,0.9995061728395062,0.48599989072234306,Medium,0.0,0.0,0.0,0.0,1.0,0.0,0.0,0.0
E06000046,South East,Isle of Wight,FYE 2024,2.0,2024,Isle of Wight,882,548,322600000.0,403600000.0,736496.3503649635,0.9995061728395062,0.21083167885881982,Low,0.0,0.0,0.0,0.0,1.0,0.0,0.0,0.0
E10000016,South East,Kent,FYE 2024,6.0,2024,Kent,9412,5848,7079600000.0,9536800000.0,1630779.75376197,0.9995061728395062,0.4668319580460002,Medium,0.0,0.0,0.0,0.0,1.0,0.0,0.0,0.0
E06000035,South East,Medway,FYE 2024,2.0,2024,Medway,864,537,693700000.0,888800000.0,1655121.04283054,0.9995061728395062,0.47379996927561646,Medium,0.0,0.0,0.0,0.0,1.0,0.0,0.0,0.0
E06000042,South East,Milton Keynes,FYE 2024,1.0,2024,Milton Keynes,1364,848,1163200000.0,1502200000.0,1771462.2641509434,0.9995061728395062,0.5071041601236924,Medium,0.0,0.0,0.0,0.0,1.0,0.0,0.0,0.0
E10000025,South East,Oxfordshire,FYE 2024,5.0,2024,Oxfordshire,4758,2956,3666200000.0,4790200000.0,1620500.6765899865,0.9995061728395062,0.46388943824096013,Medium,0.0,0.0,0.0,0.0,1.0,0.0,0.0,0.0
E06000044,South East,Portsmouth,FYE 2024,2.0,2024,Portsmouth,457,284,592700000.0,742300000.0,2613732.3943661973,0.9995061728395062,0.7482149619870311,High,0.0,0.0,0.0,0.0,1.0,0.0,0.0,0.0
E06000038,South East,Reading,FYE 2024,7.0,2024,Reading,398,247,294600000.0,359100000.0,1453846.1538461538,0.9995061728395062,0.4161824091401556,Low,0.0,0.0,0.0,0.0,1.0,0.0,0.0,0.0
E06000039,South East,Slough,FYE 2024,7.0,2024,Slough,324,201,390600000.0,490400000.0,2439800.9950248757,0.9995061728395062,0.6984248321225408,Medium,0.0,0.0,0.0,0.0,1.0,0.0,0.0,0.0
E06000045,South East,Southampton,FYE 2024,5.0,2024,Southampton,594,369,495600000.0,616600000.0,1671002.7100271003,0.9995061728395062,0.47834630349230145,Medium,0.0,0.0,0.0,0.0,1.0,0.0,0.0,0.0
E10000030,South East,Surrey,FYE 2024,4.0,2024,Surrey,5497,3416,6552100000.0,8475100000.0,2481001.1709601874,0.9995061728395062,0.7102189194352833,Medium,0.0,0.0,0.0,0.0,1.0,0.0,0.0,0.0
E06000037,South East,West Berkshire,FYE 2024,3.0,2024,West Berkshire,1390,864,1373200000.0,1820400000.0,2106944.4444444445,0.9995061728395062,0.6031403064853769,Medium,0.0,0.0,0.0,0.0,1.0,0.0,0.0,0.0
E10000032,South East,West Sussex,FYE 2024,6.0,2024,West Sussex,4167,2589,3410900000.0,4341300000.0,1676825.0289687137,0.9995061728395062,0.4800130181701183,Medium,0.0,0.0,0.0,0.0,1.0,0.0,0.0,0.0
E06000040,South East,Windsor and Maidenhead,FYE 2024,3.0,2024,Windsor and Maidenhead,686,426,895200000.0,1132200000.0,2657746.4788732394,0.9995061728395062,0.7608145673013754,High,0.0,0.0,0.0,0.0,1.0,0.0,0.0,0.0
E06000041,South East,Wokingham,FYE 2024,3.0,2024,Wokingham,817,508,783800000.0,988400000.0,1945669.2913385828,0.9995061728395062,0.5569731920513777,Medium,0.0,0.0,0.0,0.0,1.0,0.0,0.0,0.0
E06000022,South West,Bath and North East Somerset,FYE 2024,5.0,2024,Bath and North East Somerset,1094,680,593800000.0,750600000.0,1103823.5294117648,0.9995061728395062,0.31598387114128623,Low,0.0,0.0,0.0,0.0,0.0,1.0,0.0,0.0
E06000058,South West,"Bournemouth, Christchurch and Poole",FYE 2024,3.0,2024,"Bournemouth, Christchurch and Poole",1270,789,1045400000.0,1284600000.0,1628136.8821292776,0.9995061728395062,0.4660754015972781,Medium,0.0,0.0,0.0,0.0,0.0,1.0,0.0,0.0
E06000023,South West,"Bristol, City of",FYE 2024,9.0,2024,"Bristol, City of",1150,715,1152800000.0,1442900000.0,2018041.958041958,0.9995061728395062,0.577690811109505,Medium,0.0,0.0,0.0,0.0,0.0,1.0,0.0,0.0
E06000052,South West,Cornwall,FYE 2024,1.0,2024,Cornwall excluding Isles of Scilly,7479,4647,2654900000.0,3547900000.0,763481.8162255218,0.9995061728395062,0.2185566201560164,Low,0.0,0.0,0.0,0.0,0.0,1.0,0.0,0.0
E10000008,South West,Devon,FYE 2024,2.0,2024,Devon,13044,8105,4524800000.0,5966500000.0,736150.5243676743,0.9995061728395062,0.21073268166003478,Low,0.0,0.0,0.0,0.0,0.0,1.0,0.0,0.0
E06000059,South West,Dorset,FYE 2024,2.0,2024,Dorset,3875,2408,1891100000.0,2478900000.0,1029443.5215946843,0.9995061728395062,0.29469162452820213,Low,0.0,0.0,0.0,0.0,0.0,1.0,0.0,0.0
E10000013,South West,Gloucestershire,FYE 2024,1.0,2024,Gloucestershire,5643,3506,3374100000.0,4407600000.0,1257159.1557330291,0.9995061728395062,0.359878192559391,Low,0.0,0.0,0.0,0.0,0.0,1.0,0.0,0.0
E06000024,South West,North Somerset,FYE 2024,1.0,2024,North Somerset,1150,715,1247900000.0,1614000000.0,2257342.6573426574,0.9995061728395062,0.6461937550285822,Medium,0.0,0.0,0.0,0.0,0.0,1.0,0.0,0.0
E06000026,South West,Plymouth,FYE 2024,2.0,2024,Plymouth,856,532,805400000.0,990500000.0,1861842.105263158,0.9995061728395062,0.5329765675392065,Medium,0.0,0.0,0.0,0.0,0.0,1.0,0.0,0.0
E06000066,South West,Somerset,FYE 2024,2.0,2024,Somerset,6811,4232,3508500000.0,4582000000.0,1082703.213610586,0.9995061728395062,0.309937905487574,Low,0.0,0.0,0.0,0.0,0.0,1.0,0.0,0.0
E06000025,South West,South Gloucestershire,FYE 2024,3.0,2024,South Gloucestershire,1581,982,1986300000.0,2645000000.0,2693482.6883910387,0.9995061728395062,0.7710445230166408,High,0.0,0.0,0.0,0.0,0.0,1.0,0.0,0.0
E06000030,South West,Swindon,FYE 2024,3.0,2024,Swindon,863,536,971000000.0,1248000000.0,2328358.2089552237,0.9995061728395062,0.6665228822050348,Medium,0.0,0.0,0.0,0.0,0.0,1.0,0.0,0.0
E06000027,South West,Torbay,FYE 2024,3.0,2024,Torbay,526,327,351500000.0,428300000.0,1309785.9327217126,0.9995061728395062,0.3749432933436035,Low,0.0,0.0,0.0,0.0,0.0,1.0,0.0,0.0
E06000054,South West,Wiltshire,FYE 2024,4.0,2024,Wiltshire,4685,2911,2865800000.0,3741600000.0,1285331.501202336,0.9995061728395062,0.3679428936128875,Low,0.0,0.0,0.0,0.0,0.0,1.0,0.0,0.0
E06000047,North East,County Durham,FYE 2025,3.0,2025,Durham,3872,2406,2170500000.0,2888300000.0,1200457.1903574397,1.0,0.34364651598854823,Low,0.0,0.0,1.0,0.0,0.0,0.0,0.0,0.0
E06000005,North East,Darlington,FYE 2025,5.0,2025,Darlington,565,351,423900000.0,546400000.0,1556695.1566951566,1.0,0.44562427661019205,Medium,0.0,0.0,1.0,0.0,0.0,0.0,0.0,0.0
E08000037,North East,Gateshead,FYE 2025,1.0,2025,Gateshead,923,574,928700000.0,1173800000.0,2044947.7351916377,1.0,0.5853929404746503,Medium,0.0,0.0,1.0,0.0,0.0,0.0,0.0,0.0
E06000001,North East,Hartlepool,FYE 2025,3.0,2025,Hartlepool,419,260,342000000.0,430400000.0,1655384.6153846155,1.0,0.47387542035429364,Medium,0.0,0.0,1.0,0.0,0.0,0.0,0.0,0.0
E06000002,North East,Middlesbrough,FYE 2025,1.0,2025,Middlesbrough,578,359,758200000.0,929500000.0,2589136.4902506964,1.0,0.7411740638818987,High,0.0,0.0,1.0,0.0,0.0,0.0,0.0,0.0
E08000021,North East,Newcastle upon Tyne,FYE 2025,6.0,2025,Newcastle upon Tyne,1022,635,953300000.0,1157600000.0,1822992.125984252,1.0,0.5218552546488667,Medium,0.0,0.0,1.0,0.0,0.0,0.0,0.0,0.0
E08000022,North East,North Tyneside,FYE 2025,15.0,2025,North Tyneside,826,513,722700000.0,877000000.0,1709551.656920078,1.0,0.4893814419388919,Medium,0.0,0.0,1.0,0.0,0.0,0.0,0.0,0.0
E06000057,North East,Northumberland,FYE 2025,3.0,2025,Northumberland,5022,3121,1657400000.0,2163400000.0,693175.2643383531,1.0,0.1984304533911693,Low,0.0,0.0,1.0,0.0,0.0,0.0,0.0,0.0
E06000003,North East,Redcar and Cleveland,FYE 2025,1.0,2025,Redcar and Cleveland,670,416,501500000.0,622100000.0,1495432.6923076923,1.0,0.42808709776139353,Medium,0.0,0.0,1.0,0.0,0.0,0.0,0.0,0.0
E08000023,North East,South Tyneside,FYE 2025,2.0,2025,South Tyneside,575,357,416600000.0,516100000.0,1445658.263305322,1.0,0.4138385187621783,Low,0.0,0.0,1.0,0.0,0.0,0.0,0.0,0.0
E06000004,North East,Stockton-on-Tees,FYE 2025,1.0,2025,Stockton-on-Tees,879,546,779700000.0,980900000.0,1796520.1465201466,1.0,0.5142773055247905,Medium,0.0,0.0,1.0,0.0,0.0,0.0,0.0,0.0
E08000024,North East,Sunderland,FYE 2025,1.0,2025,Sunderland,1200,746,906600000.0,1127300000.0,1511126.0053619302,1.0,0.4325795131500678,Medium,0.0,0.0,1.0,0.0,0.0,0.0,0.0,0.0
E06000008,North West,Blackburn with Darwen,FYE 2025,4.0,2025,Blackburn with Darwen,540,336,366400000.0,452000000.0,1345238.0952380951,1.0,0.3850919369028021,Low,0.0,0.0,0.0,1.0,0.0,0.0,0.0,0.0
E06000009,North West,Blackpool,FYE 2025,4.0,2025,Blackpool,448,278,283800000.0,336000000.0,1208633.09352518,1.0,0.34598697482474966,Low,0.0,0.0,0.0,1.0,0.0,0.0,0.0,0.0
E08000001,North West,Bolton,FYE 2025,2.0,2025,Bolton,1009,627,1069400000.0,1327000000.0,2116427.432216906,1.0,0.6058549353245761,Medium,0.0,0.0,0.0,1.0,0.0,0.0,0.0,0.0
E08000002,North West,Bury,FYE 2025,6.0,2025,Bury,604,375,788600000.0,1023800000.0,2730133.3333333335,1.0,0.7815362477897689,High,0.0,0.0,0.0,1.0,0.0,0.0,0.0,0.0
E06000049,North West,Cheshire East,FYE 2025,4.0,2025,East Cheshire,2780,1727,2354100000.0,3106800000.0,1798957.7301679212,1.0,0.5149750956123644,Medium,0.0,0.0,0.0,1.0,0.0,0.0,0.0,0.0
E06000050,North West,Cheshire West and Chester,FYE 2025,1.0,2025,West Cheshire,2327,1446,2024300000.0,2620000000.0,1811894.8824343015,1.0,0.5186785240551823,Medium,0.0,0.0,0.0,1.0,0.0,0.0,0.0,0.0
E06000063,North West,Cumberland,FYE 2025,2.0,2025,Cumberland,3741,2325,1184100000.0,1589500000.0,683655.9139784946,1.0,0.19570541528742344,Low,0.0,0.0,0.0,1.0,0.0,0.0,0.0,0.0
E06000006,North West,Halton,FYE 2025,1.0,2025,Halton,604,375,520400000.0,664600000.0,1772266.6666666667,1.0,0.5073344308273886,Medium,0.0,0.0,0.0,1.0,0.0,0.0,0.0,0.0
E08000011,North West,Knowsley,FYE 2025,4.0,2025,Knowsley,613,381,837400000.0,1056200000.0,2772178.477690289,1.0,0.7935722183254622,High,0.0,0.0,0.0,1.0,0.0,0.0,0.0,0.0
E10000017,North West,Lancashire,FYE 2025,3.0,2025,Lancashire,7168,4454,5960400000.0,7640700000.0,1715469.2411315672,1.0,0.4910754275417784,Medium,0.0,0.0,0.0,1.0,0.0,0.0,0.0,0.0
E08000012,North West,Liverpool,FYE 2025,11.0,2025,Liverpool,1433,890,1131700000.0,1374200000.0,1544044.9438202246,1.0,0.44200298830778334,Medium,0.0,0.0,0.0,1.0,0.0,0.0,0.0,0.0
E08000003,North West,Manchester,FYE 2025,6.0,2025,Manchester,1412,877,1459100000.0,1754700000.0,2000798.1755986316,1.0,0.5727545536513369,Medium,0.0,0.0,0.0,1.0,0.0,0.0,0.0,0.0
E08000004,North West,Oldham,FYE 2025,4.0,2025,Oldham,835,519,592400000.0,728400000.0,1403468.2080924856,1.0,0.4017610656054033,Low,0.0,0.0,0.0,1.0,0.0,0.0,0.0,0.0
E08000005,North West,Rochdale,FYE 2025,6.0,2025,Rochdale,797,495,862000000.0,1139200000.0,2301414.1414141413,1.0,0.6588097917163218,Medium,0.0,0.0,0.0,1.0,0.0,0.0,0.0,0.0
E08000006,North West,Salford,FYE 2025,7.0,2025,Salford,821,510,1148100000.0,1506700000.0,2954313.725490196,1.0,0.8457108067298622,High,0.0,0.0,0.0,1.0,0.0,0.0,0.0,0.0
E08000014,North West,Sefton,FYE 2025,3.0,2025,Sefton,1007,626,608100000.0,751300000.0,1200159.7444089458,1.0,0.34356136820925554,Low,0.0,0.0,0.0,1.0,0.0,0.0,0.0,0.0
E08000013,North West,St. Helens,FYE 2025,6.0,2025,St. Helens,750,466,668400000.0,870500000.0,1868025.7510729614,1.0,0.5347467167421226,Medium,0.0,0.0,0.0,1.0,0.0,0.0,0.0,0.0
E08000007,North West,Stockport,FYE 2025,4.0,2025,Stockport,995,618,1042400000.0,1272300000.0,2058737.8640776698,1.0,0.5893405445914676,Medium,0.0,0.0,0.0,1.0,0.0,0.0,0.0,0.0
E08000008,North West,Tameside,FYE 2025,5.0,2025,Tameside,772,480,621100000.0,776200000.0,1617083.3333333333,1.0,0.4629111791963904,Medium,0.0,0.0,0.0,1.0,0.0,0.0,0.0,0.0
E08000009,North West,Trafford,FYE 2025,6.0,2025,Trafford,827,514,824600000.0,1000300000.0,1946108.9494163424,1.0,0.5570990499060867,Medium,0.0,0.0,0.0,1.0,0.0,0.0,0.0,0.0
E06000007,North West,Warrington,FYE 2025,1.0,2025,Warrington,1015,631,1377100000.0,1823400000.0,2889698.8906497625,1.0,0.8272139681483224,High,0.0,0.0,0.0,1.0,0.0,0.0,0.0,0.0
E06000064,North West,Westmorland and Furness,FYE 2025,4.0,2025,Westmorland and Furness,4258,2646,1767900000.0,2438100000.0,921428.5714285715,1.0,0.2637709373121848,Low,0.0,0.0,0.0,1.0,0.0,0.0,0.0,0.0
E08000010,North West,Wigan,FYE 2025,2.0,2025,Wigan,1187,738,1006600000.0,1288800000.0,1746341.463414634,1.0,0.4999130035200114,Medium,0.0,0.0,0.0,1.0,0.0,0.0,0.0,0.0
E08000015,North West,Wirral,FYE 2025,5.0,2025,Wirral,1222,759,922400000.0,1117700000.0,1472595.5204216074,1.0,0.4215496596780347,Low,0.0,0.0,0.0,1.0,0.0,0.0,0.0,0.0
E08000016,Yorkshire and the Humber,Barnsley,FYE 2025,2.0,2025,Barnsley,1207,750,998400000.0,1318500000.0,1758000.0,1.0,0.5032504115602707,Medium,0.0,0.0,0.0,0.0,0.0,0.0,0.0,1.0
E08000032,Yorkshire and the Humber,Bradford,FYE 2025,6.0,2025,Bradford,1832,1138,1232700000.0,1519000000.0,1334797.8910369067,1.0,0.3821032923857251,Low,0.0,0.0,0.0,0.0,0.0,0.0,0.0,1.0
E08000033,Yorkshire and the Humber,Calderdale,FYE 2025,8.0,2025,Calderdale,1154,717,743300000.0,981400000.0,1368758.7168758716,1.0,0.39182502138480685,Low,0.0,0.0,0.0,0.0,0.0,0.0,0.0,1.0
E08000017,Yorkshire and the Humber,Doncaster,FYE 2025,3.0,2025,Doncaster,1699,1056,1574500000.0,2197300000.0,2080776.5151515151,1.0,0.5956493956854072,Medium,0.0,0.0,0.0,0.0,0.0,0.0,0.0,1.0
E06000011,Yorkshire and the Humber,East Riding of Yorkshire,FYE 2025,1.0,2025,East Riding of Yorkshire,3521,2188,1799300000.0,2413200000.0,1102925.045703839,1.0,0.3157266684701862,Low,0.0,0.0,0.0,0.0,0.0,0.0,0.0,1.0
E06000010,Yorkshire and the Humber,"Kingston upon Hull, City of",FYE 2025,2.0,2025,"Kingston upon Hull, City of",766,476,605000000.0,767600000.0,1612605.0420168068,1.0,0.4616292099426198,Medium,0.0,0.0,0.0,0.0,0.0,0.0,0.0,1.0
E08000034,Yorkshire and the Humber,Kirklees,FYE 2025,5.0,2025,Kirklees,1933,1201,1314300000.0,1724500000.0,1435886.7610324728,1.0,0.4110412988871081,Low,0.0,0.0,0.0,0.0,0.0,0.0,0.0,1.0
E08000035,Yorkshire and the Humber,Leeds,FYE 2025,10.0,2025,Leeds,2959,1839,3280400000.0,4229600000.0,2299945.6226209896,1.0,0.6583894090729556,Medium,0.0,0.0,0.0,0.0,0.0,0.0,0.0,1.0
E06000012,Yorkshire and the Humber,North East Lincolnshire,FYE 2025,2.0,2025,North East Lincolnshire,655,407,488100000.0,619500000.0,1522113.0221130222,1.0,0.43572468988602153,Medium,0.0,0.0,0.0,0.0,0.0,0.0,0.0,1.0
E06000013,Yorkshire and the Humber,North Lincolnshire,FYE 2025,8.0,2025,North Lincolnshire,1432,890,803800000.0,1164500000.0,1308426.9662921347,1.0,0.3745542714920781,Low,0.0,0.0,0.0,0.0,0.0,0.0,0.0,1.0
E06000065,Yorkshire and the Humber,North Yorkshire,FYE 2025,3.0,2025,North Yorkshire,8771,5450,4066200000.0,5532200000.0,1015082.5688073394,1.0,0.29058061463023344,Low,0.0,0.0,0.0,0.0,0.0,0.0,0.0,1.0
E08000018,Yorkshire and the Humber,Rotherham,FYE 2025,3.0,2025,Rotherham,1204,748,1221300000.0,1644000000.0,2197860.962566845,1.0,0.6291663446894298,Medium,0.0,0.0,0.0,0.0,0.0,0.0,0.0,1.0
E08000019,Yorkshire and the Humber,Sheffield,FYE 2025,1.0,2025,Sheffield,1976,1228,1445500000.0,1820400000.0,1482410.4234527687,1.0,0.42435930358580265,Medium,0.0,0.0,0.0,0.0,0.0,0.0,0.0,1.0
E08000036,Yorkshire and the Humber,Wakefield,FYE 2025,2.0,2025,Wakefield,1502,933,1449100000.0,1944800000.0,2084458.7352625937,1.0,0.5967034791816278,Medium,0.0,0.0,0.0,0.0,0.0,0.0,0.0,1.0
E06000014,Yorkshire and the Humber,York,FYE 2025,3.0,2025,York,818,508,676400000.0,846400000.0,1666141.7322834646,1.0,0.4769547852613174,Medium,0.0,0.0,0.0,0.0,0.0,0.0,0.0,1.0
E06000015,East Midlands,Derby,FYE 2025,9.0,2025,Derby,787,489,1033800000.0,1224600000.0,2504294.4785276074,1.0,0.7168869323021229,High,0.0,0.0,0.0,0.0,0.0,0.0,0.0,0.0
E10000007,East Midlands,Derbyshire,FYE 2025,29.0,2025,Derbyshire,5727,3559,4275600000.0,5602200000.0,1574093.8465861196,1.0,0.4506048783441151,Medium,0.0,0.0,0.0,0.0,0.0,0.0,0.0,0.0
E06000016,East Midlands,Leicester,FYE 2025,4.0,2025,Leicester,839,521,864700000.0,1035800000.0,1988099.8080614205,1.0,0.5691194804492634,Medium,0.0,0.0,0.0,0.0,0.0,0.0,0.0,0.0
E10000018,East Midlands,Leicestershire,FYE 2025,3.0,2025,Leicestershire,4761,2958,4017100000.0,5383900000.0,1820114.9425287356,1.0,0.5210316233871357,Medium,0.0,0.0,0.0,0.0,0.0,0.0,0.0,0.0
E10000019,East Midlands,Lincolnshire,FYE 2025,3.0,2025,Lincolnshire,9011,5599,3312700000.0,4474300000.0,799124.8437220933,1.0,0.22875990130328808,Low,0.0,0.0,0.0,0.0,0.0,0.0,0.0,0.0
E06000061,East Midlands,North Northamptonshire,FYE 2025,4.0,2025,North Northamptonshire,1913,1189,1777600000.0,2339800000.0,1967872.1614802354,1.0,0.563329052993702,Medium,0.0,0.0,0.0,0.0,0.0,0.0,0.0,0.0
E06000018,East Midlands,Nottingham,FYE 2025,19.0,2025,Nottingham,802,498,867700000.0,1072800000.0,2154216.8674698793,1.0,0.6166726536656962,Medium,0.0,0.0,0.0,0.0,0.0,0.0,0.0,0.0
E10000024,East Midlands,Nottinghamshire,FYE 2025,4.0,2025,Nottinghamshire,4546,2825,3737800000.0,4973200000.0,1760424.7787610618,1.0,0.5039445360821404,Medium,0.0,0.0,0.0,0.0,0.0,0.0,0.0,0.0
E06000017,East Midlands,Rutland,FYE 2025,2.0,2025,Rutland,560,348,324600000.0,444800000.0,1278160.91954023,1.0,0.3658902211597695,Low,0.0,0.0,0.0,0.0,0.0,0.0,0.0,0.0
E06000062,East Midlands,West Northamptonshire,FYE 2025,4.0,2025,West Northamptonshire,2661,1653,2853300000.0,3898900000.0,2358681.185722928,1.0,0.6752032294963202,Medium,0.0,0.0,0.0,0.0,0.0,0.0,0.0,0.0
E08000025,West Midlands,Birmingham,FYE 2025,2.0,2025,Birmingham,2592,1611,3048700000.0,3738100000.0,2320360.0248292987,1.0,0.6642332977607193,Medium,0.0,0.0,0.0,0.0,0.0,0.0,1.0,0.0
E08000026,West Midlands,Coventry,FYE 2025,2.0,2025,Coventry,903,561,1017700000.0,1244100000.0,2217647.0588235296,1.0,0.6348303726099915,Medium,0.0,0.0,0.0,0.0,0.0,0.0,1.0,0.0
E08000027,West Midlands,Dudley,FYE 2025,2.0,2025,Dudley,1047,651,861000000.0,1077700000.0,1655453.1490015362,1.0,0.4738950389953181,Medium,0.0,0.0,0.0,0.0,0.0,0.0,1.0,0.0
E06000019,West Midlands,"Herefordshire, County of",FYE 2025,5.0,2025,"Herefordshire, County of",3356,2085,914100000.0,1262000000.0,605275.7793764988,1.0,0.17326808024953733,Low,0.0,0.0,0.0,0.0,0.0,0.0,1.0,0.0
E08000028,West Midlands,Sandwell,FYE 2025,2.0,2025,Sandwell,856,532,1038100000.0,1364100000.0,2564097.7443609023,1.0,0.7340063965474323,High,0.0,0.0,0.0,0.0,0.0,0.0,1.0,0.0
E08000029,West Midlands,Solihull,FYE 2025,3.0,2025,Solihull,879,546,1130700000.0,1433300000.0,2625091.5750915753,1.0,0.7514666755109412,High,0.0,0.0,0.0,0.0,0.0,0.0,1.0,0.0
E10000028,West Midlands,Staffordshire,FYE 2025,2.0,2025,Staffordshire,6342,3941,4677000000.0,6283200000.0,1594316.163410302,1.0,0.4563937800872732,Medium,0.0,0.0,0.0,0.0,0.0,0.0,1.0,0.0
E06000020,West Midlands,Telford and Wrekin,FYE 2025,6.0,2025,Telford and Wrekin,1101,684,757000000.0,962500000.0,1407163.7426900584,1.0,0.40281896054690713,Low,0.0,0.0,0.0,0.0,0.0,0.0,1.0,0.0
E08000030,West Midlands,Walsall,FYE 2025,2.0,2025,Walsall,884,549,782600000.0,1035400000.0,1885974.4990892531,1.0,0.5398847797831866,Medium,0.0,0.0,0.0,0.0,0.0,0.0,1.0,0.0
E10000031,West Midlands,Warwickshire,FYE 2025,5.0,2025,Warwickshire,4389,2727,4750900000.0,6357800000.0,2331426.4759809314,1.0,0.6674012136290759,Medium,0.0,0.0,0.0,0.0,0.0,0.0,1.0,0.0
E08000031,West Midlands,Wolverhampton,FYE 2025,2.0,2025,Wolverhampton,746,464,586900000.0,724100000.0,1560560.3448275863,1.0,0.4467307370870994,Medium,0.0,0.0,0.0,0.0,0.0,0.0,1.0,0.0
E06000055,East of England,Bedford,FYE 2025,2.0,2025,Bedford,991,616,699700000.0,895400000.0,1453571.4285714286,1.0,0.4161037654498419,Low,1.0,0.0,0.0,0.0,0.0,0.0,0.0,0.0
E10000003,East of England,Cambridgeshire,FYE 2025,7.0,2025,Cambridgeshire,4721,2933,3892600000.0,5289000000.0,1803273.09921582,1.0,0.5162104262434165,Medium,1.0,0.0,0.0,0.0,0.0,0.0,0.0,0.0
E06000056,East of England,Central Bedfordshire,FYE 2025,2.0,2025,Central Bedfordshire,1501,933,1639600000.0,2207900000.0,2366452.3043944268,1.0,0.6774278134950207,Medium,1.0,0.0,0.0,0.0,0.0,0.0,0.0,0.0
E10000012,East of England,Essex,FYE 2025,3.0,2025,Essex,8426,5236,7510600000.0,9974900000.0,1905061.115355233,1.0,0.545348572440267,Medium,1.0,0.0,0.0,0.0,0.0,0.0,0.0,0.0
E10000015,East of England,Hertfordshire,FYE 2025,3.0,2025,Hertfordshire,5041,3132,5760700000.0,7471700000.0,2385600.2554278416,1.0,0.6829091640286394,Medium,1.0,0.0,0.0,0.0,0.0,0.0,0.0,0.0
E06000032,East of England,Luton,FYE 2025,5.0,2025,Luton,467,290,419000000.0,516700000.0,1781724.1379310344,1.0,0.510041755233596,Medium,1.0,0.0,0.0,0.0,0.0,0.0,0.0,0.0
E10000020,East of England,Norfolk,FYE 2025,6.0,2025,Norfolk,9997,6212,4355100000.0,5646400000.0,908950.418544752,1.0,0.2601989034246455,Low,1.0,0.0,0.0,0.0,0.0,0.0,0.0,0.0
E06000031,East of England,Peterborough,FYE 2025,1.0,2025,Peterborough,1015,631,1010700000.0,1285800000.0,2037717.9080824088,1.0,0.5833233082401628,Medium,1.0,0.0,0.0,0.0,0.0,0.0,0.0,0.0
E06000033,East of England,Southend-on-Sea,FYE 2025,9.0,2025,Southend-on-Sea,459,285,324100000.0,390700000.0,1370877.1929824562,1.0,0.392431462779869,Low,1.0,0.0,0.0,0.0,0.0,0.0,0.0,0.0
E10000029,East of England,Suffolk,FYE 2025,6.0,2025,Suffolk,6812,4233,3205100000.0,4285700000.0,1012449.7991967872,1.0,0.28982695001700604,Low,1.0,0.0,0.0,0.0,0.0,0.0,0.0,0.0
E06000034,East of England,Thurrock,FYE 2025,4.0,2025,Thurrock,611,380,840700000.0,1177000000.0,3097368.4210526315,1.0,0.8866620777295351,High,1.0,0.0,0.0,0.0,0.0,0.0,0.0,0.0
E09000002,London,Barking and Dagenham,FYE 2025,11.0,2025,Barking and Dagenham,345,214,314700000.0,411600000.0,1923364.4859813084,1.0,0.5505881508250865,Medium,0.0,1.0,0.0,0.0,0.0,0.0,0.0,0.0
E09000003,London,Barnet,FYE 2025,10.0,2025,Barnet,767,477,836900000.0,1080400000.0,2264989.5178197064,1.0,0.6483827684996964,Medium,0.0,1.0,0.0,0.0,0.0,0.0,0.0,0.0
E09000004,London,Bexley,FYE 2025,5.0,2025,Bexley,552,343,495300000.0,631800000.0,1841982.5072886297,1.0,0.5272914987939831,Medium,0.0,1.0,0.0,0.0,0.0,0.0,0.0,0.0
E09000005,London,Brent,FYE 2025,14.0,2025,Brent,465,289,478500000.0,622800000.0,2155017.301038062,1.0,0.6169017882064326,Medium,0.0,1.0,0.0,0.0,0.0,0.0,0.0,0.0
E09000006,London,Bromley,FYE 2025,5.0,2025,Bromley,916,569,719800000.0,901200000.0,1583831.2829525482,1.0,0.45339234640950027,Medium,0.0,1.0,0.0,0.0,0.0,0.0,0.0,0.0
E09000007,London,Camden,FYE 2025,10.0,2025,Camden,277,172,194600000.0,274900000.0,1598255.8139534884,1.0,0.45752155639970904,Medium,0.0,1.0,0.0,0.0,0.0,0.0,0.0,0.0
E09000001,London,City of London,FYE 2025,7.0,2025,City of London,47,29,45800000.0,71300000.0,2458620.6896551726,1.0,0.7038122149826861,Medium,0.0,1.0,0.0,0.0,0.0,0.0,0.0,0.0
E09000008,London,Croydon,FYE 2025,9.0,2025,Croydon,776,482,672000000.0,851300000.0,1766182.572614108,1.0,0.5055927796124161,Medium,0.0,1.0,0.0,0.0,0.0,0.0,0.0,0.0
E09000009,London,Ealing,FYE 2025,12.0,2025,Ealing,593,368,618200000.0,807000000.0,2192934.782608696,1.0,0.6277561614747775,Medium,0.0,1.0,0.0,0.0,0.0,0.0,0.0,0.0
E09000010,London,Enfield,FYE 2025,7.0,2025,Enfield,636,395,820900000.0,1128500000.0,2856962.025316456,1.0,0.8178426137955466,High,0.0,1.0,0.0,0.0,0.0,0.0,0.0,0.0
E09000011,London,Greenwich,FYE 2025,8.0,2025,Greenwich,520,323,566600000.0,749100000.0,2319195.0464396286,1.0,0.6638998075138135,Medium,0.0,1.0,0.0,0.0,0.0,0.0,0.0,0.0
E09000012,London,Hackney,FYE 2025,11.0,2025,Hackney,271,168,194600000.0,273300000.0,1626785.7142857143,1.0,0.46568861219263635,Medium,0.0,1.0,0.0,0.0,0.0,0.0,0.0,0.0
E09000013,London,Hammersmith and Fulham,FYE 2025,8.0,2025,Hammersmith and Fulham,220,137,211500000.0,300900000.0,2196350.3649635036,1.0,0.6287339164382446,Medium,0.0,1.0,0.0,0.0,0.0,0.0,0.0,0.0
E09000014,London,Haringey,FYE 2025,6.0,2025,Haringey,354,220,238800000.0,325800000.0,1480909.0909090908,1.0,0.4239295275786953,Medium,0.0,1.0,0.0,0.0,0.0,0.0,0.0,0.0
E09000015,London,Harrow,FYE 2025,7.0,2025,Harrow,474,295,331300000.0,408400000.0,1384406.779661017,1.0,0.3963044832942183,Low,0.0,1.0,0.0,0.0,0.0,0.0,0.0,0.0
E09000016,London,Havering,FYE 2025,6.0,2025,Havering,686,426,828300000.0,1146400000.0,2691079.812206573,1.0,0.7703566683927724,High,0.0,1.0,0.0,0.0,0.0,0.0,0.0,0.0
E09000017,London,Hillingdon,FYE 2025,4.0,2025,Hillingdon,730,454,1221300000.0,1521900000.0,3352202.6431718064,1.0,0.9596116949997946,High,0.0,1.0,0.0,0.0,0.0,0.0,0.0,0.0
E09000018,London,Hounslow,FYE 2025,3.0,2025,Hounslow,501,311,833700000.0,1040300000.0,3345016.077170418,1.0,0.9575544468212372,High,0.0,1.0,0.0,0.0,0.0,0.0,0.0,0.0
E09000019,London,Islington,FYE 2025,10.0,2025,Islington,237,147,154200000.0,224800000.0,1529251.7006802722,1.0,0.43776822966245216,Medium,0.0,1.0,0.0,0.0,0.0,0.0,0.0,0.0
E09000020,London,Kensington and Chelsea,FYE 2025,4.0,2025,Kensington and Chelsea,214,133,211000000.0,306300000.0,2303007.5187969925,1.0,0.6592659167582391,Medium,0.0,1.0,0.0,0.0,0.0,0.0,0.0,0.0
E09000021,London,Kingston upon Thames,FYE 2025,6.0,2025,Kingston upon Thames,344,214,491700000.0,615700000.0,2877102.803738318,1.0,0.8236081741083716,High,0.0,1.0,0.0,0.0,0.0,0.0,0.0,0.0
E09000022,London,Lambeth,FYE 2025,8.0,2025,Lambeth,383,238,314500000.0,448300000.0,1883613.4453781513,1.0,0.5392088973873801,Medium,0.0,1.0,0.0,0.0,0.0,0.0,0.0,0.0
E09000023,London,Lewisham,FYE 2025,7.0,2025,Lewisham,434,270,331400000.0,448600000.0,1661481.4814814816,1.0,0.4756207277334038,Medium,0.0,1.0,0.0,0.0,0.0,0.0,0.0,0.0
E09000024,London,Merton,FYE 2025,6.0,2025,Merton,375,233,312700000.0,407300000.0,1748068.669527897,1.0,0.5004074387801644,Medium,0.0,1.0,0.0,0.0,0.0,0.0,0.0,0.0
E09000025,London,Newham,FYE 2025,12.0,2025,Newham,431,268,441500000.0,588700000.0,2196641.7910447763,1.0,0.6288173409520897,Medium,0.0,1.0,0.0,0.0,0.0,0.0,0.0,0.0
E09000026,London,Redbridge,FYE 2025,10.0,2025,Redbridge,537,334,563500000.0,718200000.0,2150299.401197605,1.0,0.6155512278899308,Medium,0.0,1.0,0.0,0.0,0.0,0.0,0.0,0.0
E09000027,London,Richmond upon Thames,FYE 2025,9.0,2025,Richmond upon Thames,413,257,406600000.0,514200000.0,2000778.2101167315,1.0,0.5727488382719379,Medium,0.0,1.0,0.0,0.0,0.0,0.0,0.0,0.0
E09000028,London,Southwark,FYE 2025,9.0,2025,Southwark,393,244,307600000.0,434100000.0,1779098.3606557378,1.0,0.5092900922674647,Medium,0.0,1.0,0.0,0.0,0.0,0.0,0.0,0.0
E09000029,London,Sutton,FYE 2025,7.0,2025,Sutton,469,291,364700000.0,462800000.0,1590378.0068728523,1.0,0.45526643145345047,Medium,0.0,1.0,0.0,0.0,0.0,0.0,0.0,0.0
E09000030,London,Tower Hamlets,FYE 2025,8.0,2025,Tower Hamlets,297,185,365400000.0,510600000.0,2760000.0,1.0,0.7900859703676605,High,0.0,1.0,0.0,0.0,0.0,0.0,0.0,0.0
E09000031,London,Waltham Forest,FYE 2025,7.0,2025,Waltham Forest,422,262,388400000.0,509300000.0,1943893.1297709923,1.0,0.5564647426543997,Medium,0.0,1.0,0.0,0.0,0.0,0.0,0.0,0.0
E09000032,London,Wandsworth,FYE 2025,9.0,2025,Wandsworth,432,268,335000000.0,457500000.0,1707089.552238806,1.0,0.4886766323859029,Medium,0.0,1.0,0.0,0.0,0.0,0.0,0.0,0.0
E09000033,London,Westminster,FYE 2025,6.0,2025,Westminster,337,209,304600000.0,456100000.0,2182296.650717703,1.0,0.6247108575769537,Medium,0.0,1.0,0.0,0.0,0.0,0.0,0.0,0.0
E06000036,South East,Bracknell Forest,FYE 2025,6.0,2025,Bracknell Forest,479,298,367100000.0,448600000.0,1505369.1275167784,1.0,0.43093153183898997,Medium,0.0,0.0,0.0,0.0,1.0,0.0,0.0,0.0
E06000043,South East,Brighton and Hove,FYE 2025,14.0,2025,Brighton and Hove,620,385,605800000.0,770000000.0,2000000.0,1.0,0.5725260654838119,Medium,0.0,0.0,0.0,0.0,1.0,0.0,0.0,0.0
E06000060,South East,Buckinghamshire,FYE 2025,4.0,2025,Buckinghamshire,3383,2102,3233100000.0,4142000000.0,1970504.2816365366,1.0,0.5640825316921858,Medium,0.0,0.0,0.0,0.0,1.0,0.0,0.0,0.0
E10000011,South East,East Sussex,FYE 2025,5.0,2025,East Sussex,3387,2105,2116900000.0,2709600000.0,1287220.9026128266,1.0,0.3684837593907213,Low,0.0,0.0,0.0,0.0,1.0,0.0,0.0,0.0
E10000014,South East,Hampshire,FYE 2025,5.0,2025,Hampshire,9141,5680,7630300000.0,9779800000.0,1721795.7746478873,1.0,0.49288648021290354,Medium,0.0,0.0,0.0,0.0,1.0,0.0,0.0,0.0
E06000046,South East,Isle of Wight,FYE 2025,1.0,2025,Isle of Wight,881,547,322000000.0,402500000.0,735831.8098720292,1.0,0.21064144548193264,Low,0.0,0.0,0.0,0.0,1.0,0.0,0.0,0.0
E10000016,South East,Kent,FYE 2025,4.0,2025,Kent,9461,5879,7290800000.0,9787700000.0,1664857.969042354,1.0,0.4765872913025945,Medium,0.0,0.0,0.0,0.0,1.0,0.0,0.0,0.0
E06000035,South East,Medway,FYE 2025,2.0,2025,Medway,869,540,712700000.0,906500000.0,1678703.7037037036,1.0,0.48055081329729216,Medium,0.0,0.0,0.0,0.0,1.0,0.0,0.0,0.0
E06000042,South East,Milton Keynes,FYE 2025,3.0,2025,Milton Keynes,1372,853,1250700000.0,1591700000.0,1866002.3446658852,1.0,0.5341674902875636,Medium,0.0,0.0,0.0,0.0,1.0,0.0,0.0,0.0
E10000025,South East,Oxfordshire,FYE 2025,5.0,2025,Oxfordshire,4781,2971,3691100000.0,4802600000.0,1616492.7633793335,1.0,0.46274212085031224,Medium,0.0,0.0,0.0,0.0,1.0,0.0,0.0,0.0
E06000044,South East,Portsmouth,FYE 2025,2.0,2025,Portsmouth,458,285,601600000.0,749300000.0,2629122.807017544,1.0,0.7526206681877549,High,0.0,0.0,0.0,0.0,1.0,0.0,0.0,0.0
E06000038,South East,Reading,FYE 2025,8.0,2025,Reading,398,247,293300000.0,356600000.0,1443724.6963562754,1.0,0.41328501002333473,Low,0.0,0.0,0.0,0.0,1.0,0.0,0.0,0.0
E06000039,South East,Slough,FYE 2025,7.0,2025,Slough,325,202,391200000.0,489300000.0,2422277.2277227724,1.0,0.6934084253495773,Medium,0.0,0.0,0.0,0.0,1.0,0.0,0.0,0.0
E06000045,South East,Southampton,FYE 2025,5.0,2025,Southampton,593,368,503300000.0,623400000.0,1694021.7391304348,1.0,0.48493580057419616,Medium,0.0,0.0,0.0,0.0,1.0,0.0,0.0,0.0
E10000030,South East,Surrey,FYE 2025,4.0,2025,Surrey,5511,3424,6702700000.0,8508100000.0,2484842.2897196263,1.0,0.711318489740482,High,0.0,0.0,0.0,0.0,1.0,0.0,0.0,0.0
E06000037,South East,West Berkshire,FYE 2025,4.0,2025,West Berkshire,1393,866,1433000000.0,1879600000.0,2170438.7990762126,1.0,0.6213163930042569,Medium,0.0,0.0,0.0,0.0,1.0,0.0,0.0,0.0
E10000032,South East,West Sussex,FYE 2025,6.0,2025,West Sussex,4193,2605,3500100000.0,4427000000.0,1699424.1842610366,1.0,0.48648232090150395,Medium,0.0,0.0,0.0,0.0,1.0,0.0,0.0,0.0
E06000040,South East,Windsor and Maidenhead,FYE 2025,6.0,2025,Windsor and Maidenhead,686,426,901400000.0,1122500000.0,2634976.5258215964,1.0,0.7542963714854213,High,0.0,0.0,0.0,0.0,1.0,0.0,0.0,0.0
E06000041,South East,Wokingham,FYE 2025,3.0,2025,Wokingham,822,511,811800000.0,1014300000.0,1984931.506849315,1.0,0.5682125129356462,Medium,0.0,0.0,0.0,0.0,1.0,0.0,0.0,0.0
E06000022,South West,Bath and North East Somerset,FYE 2025,5.0,2025,Bath and North East Somerset,1095,680,600700000.0,758100000.0,1114852.9411764706,1.0,0.3191411840024102,Low,0.0,0.0,0.0,0.0,0.0,1.0,0.0,0.0
E06000058,South West,"Bournemouth, Christchurch and Poole",FYE 2025,4.0,2025,"Bournemouth, Christchurch and Poole",1271,790,1047100000.0,1284900000.0,1626455.6962025317,1.0,0.46559414021528484,Medium,0.0,0.0,0.0,0.0,0.0,1.0,0.0,0.0
E06000023,South West,"Bristol, City of",FYE 2025,10.0,2025,"Bristol, City of",1152,716,1137000000.0,1422500000.0,1986731.843575419,1.0,0.5687278827868174,Medium,0.0,0.0,0.0,0.0,0.0,1.0,0.0,0.0
E06000052,South West,Cornwall,FYE 2025,2.0,2025,Cornwall excluding Isles of Scilly,7504,4663,2749500000.0,3665100000.0,785996.1398241476,1.0,0.22500163870949166,Low,0.0,0.0,0.0,0.0,0.0,1.0,0.0,0.0
E10000008,South West,Devon,FYE 2025,3.0,2025,Devon,13060,8115,4715200000.0,6169700000.0,760283.4257547751,1.0,0.2176410391999676,Low,0.0,0.0,0.0,0.0,0.0,1.0,0.0,0.0
E06000059,South West,Dorset,FYE 2025,2.0,2025,Dorset,3884,2413,1928800000.0,2523600000.0,1045835.0600911728,1.0,0.2993839160495126,Low,0.0,0.0,0.0,0.0,0.0,1.0,0.0,0.0
E10000013,South West,Gloucestershire,FYE 2025,1.0,2025,Gloucestershire,5656,3514,3379700000.0,4412800000.0,1255776.892430279,1.0,0.3594825016742979,Low,0.0,0.0,0.0,0.0,0.0,1.0,0.0,0.0
E06000024,South West,North Somerset,FYE 2025,1.0,2025,North Somerset,1154,717,1292600000.0,1646800000.0,2296792.189679219,1.0,0.6574866977954962,Medium,0.0,0.0,0.0,0.0,0.0,1.0,0.0,0.0
E06000026,South West,Plymouth,FYE 2025,3.0,2025,Plymouth,856,532,789600000.0,974900000.0,1832518.7969924812,1.0,0.5245823883836168,Medium,0.0,0.0,0.0,0.0,0.0,1.0,0.0,0.0
E06000066,South West,Somerset,FYE 2025,2.0,2025,Somerset,6825,4241,3600700000.0,4697400000.0,1107616.128271634,1.0,0.3170695519928859,Low,0.0,0.0,0.0,0.0,0.0,1.0,0.0,0.0
E06000025,South West,South Gloucestershire,FYE 2025,3.0,2025,South Gloucestershire,1587,986,2038900000.0,2688600000.0,2726774.8478701827,1.0,0.7805748375556678,High,0.0,0.0,0.0,0.0,0.0,1.0,0.0,0.0
E06000030,South West,Swindon,FYE 2025,4.0,2025,Swindon,865,537,990600000.0,1269700000.0,2364432.029795158,1.0,0.6768494835612626,Medium,0.0,0.0,0.0,0.0,0.0,1.0,0.0,0.0
E06000027,South West,Torbay,FYE 2025,4.0,2025,Torbay,528,328,348400000.0,425300000.0,1296646.3414634147,1.0,0.3711819141010141,Low,0.0,0.0,0.0,0.0,0.0,1.0,0.0,0.0
E06000054,South West,Wiltshire,FYE 2025,4.0,2025,Wiltshire,4695,2917,2975200000.0,3850400000.0,1319986.2872814536,1.0,0.3778632777749177,Low,0.0,0.0,0.0,0.0,0.0,1.0,0.0,0.0
